cooling_preset,policy,config_id,batch_index,cum_regret_mean,cum_regret_std,cum_regret_lower,cum_regret_upper,n_repeats
scale_default,Epsilon_Greedy,epsilon=0.05,0,0.1457836840556942,0.01916275432200625,0.12662092973368794,0.16494643837770046,3
scale_default,Epsilon_Greedy,epsilon=0.05,1,0.2642013887463431,0.014728753002543124,0.24947263574379996,0.2789301417488862,3
scale_default,Epsilon_Greedy,epsilon=0.05,2,0.37169695053205576,0.08989442068954864,0.2818025298425071,0.46159137122160443,3
scale_default,Epsilon_Greedy,epsilon=0.05,3,0.446504359595772,0.14695782047843656,0.2995465391173354,0.5934621800742086,3
scale_default,Epsilon_Greedy,epsilon=0.05,4,0.4781610501337872,0.17020803526200504,0.30795301487178217,0.6483690853957922,3
scale_default,Epsilon_Greedy,epsilon=0.05,5,0.5343815892524706,0.22729697580383915,0.30708461344863147,0.7616785650563097,3
scale_default,Epsilon_Greedy,epsilon=0.05,6,0.5957603115451818,0.28188094475596503,0.3138793667892168,0.8776412563011469,3
scale_default,Epsilon_Greedy,epsilon=0.05,7,0.6545722695364129,0.3418444379811114,0.3127278315553015,0.9964167075175243,3
scale_default,Epsilon_Greedy,epsilon=0.05,8,0.7058214915197832,0.4129207726968259,0.2929007188229573,1.1187422642166092,3
scale_default,Epsilon_Greedy,epsilon=0.05,9,0.7492377690352789,0.46613611525486043,0.2831016537804185,1.2153738842901394,3
scale_default,Epsilon_Greedy,epsilon=0.05,10,0.7936160787275229,0.5244036666490721,0.2692124120784508,1.3180197453765952,3
scale_default,Epsilon_Greedy,epsilon=0.05,11,0.8430955312326084,0.5877362329289845,0.2553592983036239,1.4308317641615929,3
scale_default,Epsilon_Greedy,epsilon=0.05,12,0.8667703257308594,0.6110135358838709,0.2557567898469886,1.4777838616147303,3
scale_default,Epsilon_Greedy,epsilon=0.05,13,0.9383805807582156,0.7040715797637888,0.23430900099442686,1.6424521605220044,3
scale_default,Epsilon_Greedy,epsilon=0.05,14,0.9861354702852703,0.7674561114360119,0.21867935884925838,1.7535915817212822,3
scale_default,Epsilon_Greedy,epsilon=0.05,15,1.0384964221966195,0.8156541778787235,0.222842244317896,1.854150600075343,3
scale_default,Epsilon_Greedy,epsilon=0.05,16,1.0724039976889743,0.8567835073133167,0.21562049037565767,1.9291875050022909,3
scale_default,Epsilon_Greedy,epsilon=0.05,17,1.1292953287878822,0.9273640105470103,0.20193131824087185,2.0566593393348924,3
scale_default,Epsilon_Greedy,epsilon=0.05,18,1.1672339608908706,0.9783935273575383,0.18884043353333235,2.145627488248409,3
scale_default,Epsilon_Greedy,epsilon=0.05,19,1.2546843686594964,1.1151020644276135,0.1395823042318829,2.3697864330871097,3
scale_default,Epsilon_Greedy,epsilon=0.05,20,1.3067458256174367,1.168834768537609,0.13791105707982765,2.475580594155046,3
scale_default,Epsilon_Greedy,epsilon=0.05,21,1.3710031578836779,1.2595198304058168,0.11148332747786105,2.6305229882894947,3
scale_default,Epsilon_Greedy,epsilon=0.05,22,1.4045217028516663,1.296807811430245,0.10771389142142129,2.7013295142819116,3
scale_default,Epsilon_Greedy,epsilon=0.05,23,1.4733901979077195,1.3668714041986487,0.1065187937090708,2.8402616021063682,3
scale_default,Epsilon_Greedy,epsilon=0.05,24,1.487837250805111,1.3756265659034992,0.11221068490161179,2.8634638167086104,3
scale_default,Epsilon_Greedy,epsilon=0.05,25,1.5134371359850267,1.3735182149214076,0.13991892106361914,2.886955350906434,3
scale_default,Epsilon_Greedy,epsilon=0.05,26,1.5380600117459002,1.35788415950459,0.18017585224131016,2.8959441712504903,3
scale_default,Epsilon_Greedy,epsilon=0.05,27,1.554719159585306,1.3711244863641177,0.1835946732211884,2.9258436459494237,3
scale_default,Epsilon_Greedy,epsilon=0.05,28,1.6031240234782012,1.4099453132811512,0.1931787101970499,3.0130693367593526,3
scale_default,Epsilon_Greedy,epsilon=0.05,29,1.6428291819698295,1.436703981501465,0.20612520046836447,3.079533163471295,3
scale_default,Epsilon_Greedy,epsilon=0.05,30,1.673440825838373,1.4649450541404108,0.2084957716979623,3.1383858799787836,3
scale_default,Epsilon_Greedy,epsilon=0.05,31,1.6981714821852083,1.4563506666529766,0.24182081553223167,3.154522148838185,3
scale_default,Epsilon_Greedy,epsilon=0.05,32,1.714801078563541,1.46943651947638,0.24536455908716093,3.184237598039921,3
scale_default,Epsilon_Greedy,epsilon=0.05,33,1.7476376761803796,1.4827068994599126,0.26493077672046694,3.2303445756402924,3
scale_default,Epsilon_Greedy,epsilon=0.05,34,1.75675247378478,1.4916485063094924,0.2651039674752875,3.2484009800942726,3
scale_default,Epsilon_Greedy,epsilon=0.05,35,1.7729389961107804,1.4942972015365272,0.2786417945742532,3.267236197647308,3
scale_default,Epsilon_Greedy,epsilon=0.05,36,1.7795630924634567,1.5045106239439232,0.27505246851953347,3.28407371640738,3
scale_default,Epsilon_Greedy,epsilon=0.05,37,1.7951268137011205,1.5130305652973064,0.2820962484038141,3.308157378998427,3
scale_default,Epsilon_Greedy,epsilon=0.05,38,1.8072839311323279,1.5151198458391324,0.2921640852931955,3.32240377697146,3
scale_default,Epsilon_Greedy,epsilon=0.05,39,1.8323325374395567,1.5198840476654585,0.3124484897740982,3.3522165851050154,3
scale_default,Epsilon_Greedy,epsilon=0.05,40,1.8455450960210422,1.5285511564999021,0.3169939395211401,3.3740962525209444,3
scale_default,Epsilon_Greedy,epsilon=0.05,41,1.856250788556806,1.5280735475989424,0.3281772409578636,3.3843243361557485,3
scale_default,Epsilon_Greedy,epsilon=0.05,42,1.874562103952025,1.5228562018691818,0.35170590208284325,3.3974183058212066,3
scale_default,Epsilon_Greedy,epsilon=0.05,43,1.8839319917395825,1.5174890981013045,0.366442893638278,3.4014210898408868,3
scale_default,Epsilon_Greedy,epsilon=0.05,44,1.8993325145314124,1.5108209780770163,0.38851153645439607,3.410153492608429,3
scale_default,Epsilon_Greedy,epsilon=0.05,45,1.9243297813976141,1.5066692435575642,0.41766053784005,3.4309990249551783,3
scale_default,Epsilon_Greedy,epsilon=0.05,46,1.9436037782400053,1.5002637812757884,0.4433399969642169,3.4438675595157937,3
scale_default,Epsilon_Greedy,epsilon=0.05,47,1.9836718721515663,1.5276211587068351,0.45605071344473114,3.5112930308584014,3
scale_default,Epsilon_Greedy,epsilon=0.05,48,1.992151821013367,1.525514274704177,0.4666375463091901,3.5176660957175443,3
scale_default,Epsilon_Greedy,epsilon=0.05,49,2.0117132014894175,1.5249061001125512,0.4868071013768662,3.5366193016019687,3
scale_default,Epsilon_Greedy,epsilon=0.05,50,2.0328174508230115,1.5211682401393318,0.5116492106836796,3.5539856909623433,3
scale_default,Epsilon_Greedy,epsilon=0.05,51,2.050343852949196,1.515836586044968,0.5345072669042279,3.566180438994164,3
scale_default,Epsilon_Greedy,epsilon=0.05,52,2.088155194766952,1.491161613881227,0.596993580885725,3.579316808648179,3
scale_default,Epsilon_Greedy,epsilon=0.05,53,2.0987922077963064,1.4824896815275053,0.6163025262688011,3.5812818893238116,3
scale_default,Epsilon_Greedy,epsilon=0.05,54,2.1118231091035917,1.4831379630215709,0.6286851460820209,3.5949610721251624,3
scale_default,Epsilon_Greedy,epsilon=0.05,55,2.13364427562851,1.4728902236853232,0.6607540519431869,3.6065344993138333,3
scale_default,Epsilon_Greedy,epsilon=0.05,56,2.138688985369254,1.4789774862332015,0.6597114991360524,3.6176664716024556,3
scale_default,Epsilon_Greedy,epsilon=0.05,57,2.14849513371208,1.478880266655899,0.6696148670561812,3.627375400367979,3
scale_default,Epsilon_Greedy,epsilon=0.05,58,2.164200094122432,1.4831428307652017,0.6810572633572305,3.647342924887634,3
scale_default,Epsilon_Greedy,epsilon=0.05,59,2.1795990906597082,1.4784949508950544,0.7011041397646538,3.6580940415547625,3
scale_default,Epsilon_Greedy,epsilon=0.05,60,2.1916229891423975,1.4751283030374802,0.7164946861049173,3.6667512921798777,3
scale_default,Epsilon_Greedy,epsilon=0.05,61,2.2271994921216547,1.4298192185496437,0.797380273572011,3.6570187106712986,3
scale_default,Epsilon_Greedy,epsilon=0.05,62,2.2375662952332753,1.4220013771516067,0.8155649180816686,3.659567672384882,3
scale_default,Epsilon_Greedy,epsilon=0.05,63,2.244283219605421,1.4154155251253178,0.8288676944801034,3.659698744730739,3
scale_default,Epsilon_Greedy,epsilon=0.05,64,2.2555299667024173,1.4094405003736554,0.8460894663287619,3.6649704670760728,3
scale_default,Epsilon_Greedy,epsilon=0.05,65,2.257610953691716,1.40779265573315,0.849818297958566,3.6654036094248656,3
scale_default,Epsilon_Greedy,epsilon=0.05,66,2.264474403502873,1.4057772388794507,0.8586971646234225,3.6702516423823237,3
scale_default,Epsilon_Greedy,epsilon=0.05,67,2.283229036703542,1.3865025840389857,0.8967264526645562,3.6697316207425277,3
scale_default,Epsilon_Greedy,epsilon=0.05,68,2.284846376280393,1.3842765862363173,0.9005697900440757,3.6691229625167106,3
scale_default,Epsilon_Greedy,epsilon=0.05,69,2.288873870149717,1.3813861670078598,0.9074877031418571,3.6702600371575764,3
scale_default,Epsilon_Greedy,epsilon=0.05,70,2.3062985947376764,1.375546697313478,0.9307518974241984,3.6818452920511544,3
scale_default,Epsilon_Greedy,epsilon=0.05,71,2.3116368566034136,1.3820520125689943,0.9295848440344192,3.6936888691724077,3
scale_default,Epsilon_Greedy,epsilon=0.05,72,2.325282810780459,1.382025129881697,0.9432576808987618,3.707307940662156,3
scale_default,Epsilon_Greedy,epsilon=0.05,73,2.334191625428019,1.3817465998163792,0.9524450256116397,3.7159382252443978,3
scale_default,Epsilon_Greedy,epsilon=0.05,74,2.3355722281122087,1.3828551166562177,0.9527171114559909,3.7184273447684264,3
scale_default,Epsilon_Greedy,epsilon=0.05,75,2.3526865328375215,1.3834917308276455,0.969194802009876,3.736178263665167,3
scale_default,Epsilon_Greedy,epsilon=0.05,76,2.419408979841338,1.379507508588326,1.0399014712530121,3.798916488429664,3
scale_default,Epsilon_Greedy,epsilon=0.05,77,2.4285606407350744,1.3832402657958431,1.0453203749392312,3.8118009065309177,3
scale_default,Epsilon_Greedy,epsilon=0.05,78,2.442860261644119,1.3670876064501296,1.0757726551939892,3.8099478680942482,3
scale_default,Epsilon_Greedy,epsilon=0.05,79,2.4522623258361853,1.3656109058979204,1.0866514199382649,3.8178732317341058,3
scale_default,Epsilon_Greedy,epsilon=0.05,80,2.476766611154783,1.3624502809663053,1.1143163301884775,3.839216892121088,3
scale_default,Epsilon_Greedy,epsilon=0.05,81,2.4827831428610394,1.360901213671813,1.1218819291892264,3.8436843565328527,3
scale_default,Epsilon_Greedy,epsilon=0.05,82,2.495179930286064,1.3583150219319315,1.1368649083541325,3.8534949522179955,3
scale_default,Epsilon_Greedy,epsilon=0.05,83,2.5101848720997193,1.3591373530474788,1.1510475190522405,3.869322225147198,3
scale_default,Epsilon_Greedy,epsilon=0.05,84,2.5226240567789153,1.3593303200401738,1.1632937367387415,3.881954376819089,3
scale_default,Epsilon_Greedy,epsilon=0.05,85,2.529646481008768,1.355884470057108,1.17376201095166,3.885530951065876,3
scale_default,Epsilon_Greedy,epsilon=0.05,86,2.537544436680997,1.3482776022079155,1.1892668344730817,3.8858220388889126,3
scale_default,Epsilon_Greedy,epsilon=0.05,87,2.5383264972950594,1.3478476006199545,1.190478896675105,3.886174097915014,3
scale_default,Epsilon_Greedy,epsilon=0.05,88,2.5502129482785043,1.3553228138714142,1.1948901344070901,3.9055357621499187,3
scale_default,Epsilon_Greedy,epsilon=0.05,89,2.556916622224911,1.3558237378938693,1.2010928843310416,3.9127403601187805,3
scale_default,Epsilon_Greedy,epsilon=0.05,90,2.566918765229523,1.3467403418247057,1.2201784234048174,3.9136591070542286,3
scale_default,Epsilon_Greedy,epsilon=0.05,91,2.583654728227293,1.3360476724595025,1.2476070557677903,3.9197024006867953,3
scale_default,Epsilon_Greedy,epsilon=0.05,92,2.602779642166664,1.333427365723163,1.2693522764435008,3.936207007889827,3
scale_default,Epsilon_Greedy,epsilon=0.05,93,2.6081711001365755,1.3314634389224895,1.276707661214086,3.939634539059065,3
scale_default,Epsilon_Greedy,epsilon=0.05,94,2.6210834114601593,1.3303139210181087,1.2907694904420506,3.951397332478268,3
scale_default,Epsilon_Greedy,epsilon=0.05,95,2.6260805688194524,1.3368736092323021,1.2892069595871503,3.9629541780517545,3
scale_default,Epsilon_Greedy,epsilon=0.05,96,2.635176318790364,1.3347849165494634,1.3003914022409004,3.9699612353398273,3
scale_default,Epsilon_Greedy,epsilon=0.05,97,2.6490160446491204,1.3343678653404436,1.3146481793086768,3.983383909989564,3
scale_default,Epsilon_Greedy,epsilon=0.05,98,2.6533259863494556,1.3312950069778395,1.322030979371616,3.984620993327295,3
scale_default,Epsilon_Greedy,epsilon=0.05,99,2.670556172014127,1.337826600985583,1.3327295710285438,4.00838277299971,3
scale_default,Epsilon_Greedy,epsilon=0.05,100,2.6798666711121713,1.3369778908996421,1.342888780212529,4.016844562011814,3
scale_default,Epsilon_Greedy,epsilon=0.05,101,2.6934156423550846,1.3290861653088653,1.3643294770462193,4.02250180766395,3
scale_default,Epsilon_Greedy,epsilon=0.05,102,2.70059113572558,1.33432689582172,1.3662642399038598,4.0349180315473,3
scale_default,Epsilon_Greedy,epsilon=0.05,103,2.709323754699234,1.34004046331809,1.3692832913811441,4.049364218017324,3
scale_default,Epsilon_Greedy,epsilon=0.05,104,2.7198600595743634,1.348179255458339,1.3716808041160244,4.068039315032703,3
scale_default,Epsilon_Greedy,epsilon=0.05,105,2.7316663900833915,1.346853810885755,1.3848125791976365,4.078520200969146,3
scale_default,Epsilon_Greedy,epsilon=0.05,106,2.741352272773194,1.3437132438219852,1.3976390289512086,4.085065516595179,3
scale_default,Epsilon_Greedy,epsilon=0.05,107,2.7478140937247377,1.3448041399308575,1.4030099537938803,4.092618233655595,3
scale_default,Epsilon_Greedy,epsilon=0.05,108,2.750801489696918,1.3400754505882844,1.4107260391086338,4.090876940285202,3
scale_default,Epsilon_Greedy,epsilon=0.05,109,2.7610065117769715,1.3359444812892811,1.4250620304876904,4.096950993066253,3
scale_default,Epsilon_Greedy,epsilon=0.05,110,2.7769782736173583,1.3169352059640989,1.4600430676532594,4.093913479581457,3
scale_default,Epsilon_Greedy,epsilon=0.05,111,2.789879431541589,1.3179115227850282,1.471967908756561,4.107790954326617,3
scale_default,Epsilon_Greedy,epsilon=0.05,112,2.8020442240687324,1.3122924351697702,1.4897517888989622,4.114336659238503,3
scale_default,Epsilon_Greedy,epsilon=0.05,113,2.815406965164305,1.3071239198943343,1.508283045269971,4.122530885058639,3
scale_default,Epsilon_Greedy,epsilon=0.05,114,2.830058111360158,1.3147318792261513,1.5153262321340069,4.144789990586309,3
scale_default,Epsilon_Greedy,epsilon=0.05,115,2.8403803492698665,1.3092591278808536,1.5311212213890129,4.14963947715072,3
scale_default,Epsilon_Greedy,epsilon=0.05,116,2.8445137807709053,1.3048412656260004,1.5396725151449049,4.149355046396906,3
scale_default,Epsilon_Greedy,epsilon=0.05,117,2.8496605255873173,1.2974051811496556,1.5522553444376617,4.1470657067369725,3
scale_default,Epsilon_Greedy,epsilon=0.05,118,2.863045876642071,1.2952155932594442,1.5678302833826268,4.1582614699015155,3
scale_default,Epsilon_Greedy,epsilon=0.05,119,2.867942012674476,1.2970058421148598,1.570936170559616,4.164947854789336,3
scale_default,Epsilon_Greedy,epsilon=0.05,120,2.8812772630151837,1.3051268301346142,1.5761504328805696,4.186404093149798,3
scale_default,Epsilon_Greedy,epsilon=0.05,121,2.8827154076995924,1.3057065128770473,1.5770088948225451,4.18842192057664,3
scale_default,Epsilon_Greedy,epsilon=0.05,122,2.8949142701743042,1.3131137984714314,1.5818004717028729,4.208028068645736,3
scale_default,Epsilon_Greedy,epsilon=0.05,123,2.9147677389227398,1.3138521744218628,1.600915564500877,4.228619913344603,3
scale_default,Epsilon_Greedy,epsilon=0.05,124,2.9213951409778027,1.3153572231860544,1.6060379177917483,4.236752364163857,3
scale_default,Epsilon_Greedy,epsilon=0.05,125,2.936881357162664,1.3045890619127236,1.6322922952499404,4.241470419075387,3
scale_default,Epsilon_Greedy,epsilon=0.05,126,2.9431124540282894,1.3065435039072393,1.63656895012105,4.249655957935529,3
scale_default,Epsilon_Greedy,epsilon=0.05,127,2.9518880388760587,1.3170008159224829,1.6348872229535758,4.268888854798542,3
scale_default,Epsilon_Greedy,epsilon=0.05,128,2.9567745813836237,1.3174272470546162,1.6393473343290075,4.27420182843824,3
scale_default,Epsilon_Greedy,epsilon=0.05,129,2.9617647304137122,1.3183507014194387,1.6434140289942736,4.280115431833151,3
scale_default,Epsilon_Greedy,epsilon=0.05,130,2.9745108275735515,1.3143511136170416,1.6601597139565099,4.288861941190593,3
scale_default,Epsilon_Greedy,epsilon=0.05,131,2.9790243540941224,1.3103985188927092,1.6686258352014132,4.289422872986831,3
scale_default,Epsilon_Greedy,epsilon=0.05,132,2.9937600450470327,1.3148336968258187,1.678926348221214,4.308593741872851,3
scale_default,Epsilon_Greedy,epsilon=0.05,133,3.0069813190168007,1.3054036290056843,1.7015776900111164,4.312384948022485,3
scale_default,Epsilon_Greedy,epsilon=0.05,134,3.020168740915333,1.3111760183800143,1.7089927225353188,4.331344759295347,3
scale_default,Epsilon_Greedy,epsilon=0.05,135,3.031700114264145,1.3191889443104035,1.7125111699537416,4.350889058574548,3
scale_default,Epsilon_Greedy,epsilon=0.05,136,3.032186773192395,1.3183897265183377,1.713797046674057,4.350576499710733,3
scale_default,Epsilon_Greedy,epsilon=0.05,137,3.04190510727375,1.3217739117187621,1.720131195554988,4.363679018992512,3
scale_default,Epsilon_Greedy,epsilon=0.05,138,3.0593610624258445,1.3229400641783708,1.7364209982474736,4.382301126604215,3
scale_default,Epsilon_Greedy,epsilon=0.05,139,3.082412103482692,1.3329513965021424,1.7494607069805495,4.415363499984834,3
scale_default,Epsilon_Greedy,epsilon=0.05,140,3.08932711354327,1.3306104108826855,1.7587167026605843,4.419937524425955,3
scale_default,Epsilon_Greedy,epsilon=0.05,141,3.0995862640415184,1.3349928972685345,1.7645933667729838,4.434579161310053,3
scale_default,Epsilon_Greedy,epsilon=0.05,142,3.1066165626639717,1.3372413991132648,1.769375163550707,4.443857961777237,3
scale_default,Epsilon_Greedy,epsilon=0.05,143,3.1091964698277645,1.3360366627756535,1.773159807052111,4.445233132603418,3
scale_default,Epsilon_Greedy,epsilon=0.05,144,3.12686868732234,1.3326831864024589,1.794185500919881,4.4595518737247986,3
scale_default,Epsilon_Greedy,epsilon=0.05,145,3.1352900049519867,1.3331520039465794,1.8021380010054073,4.468442008898566,3
scale_default,Epsilon_Greedy,epsilon=0.05,146,3.1425006625790055,1.3368530165605126,1.805647646018493,4.479353679139518,3
scale_default,Epsilon_Greedy,epsilon=0.05,147,3.150121328813411,1.3433310840362913,1.8067902447771198,4.493452412849702,3
scale_default,Epsilon_Greedy,epsilon=0.05,148,3.161734950767191,1.3382324031006387,1.823502547666552,4.499967353867829,3
scale_default,Epsilon_Greedy,epsilon=0.05,149,3.167597569475182,1.339197470666938,1.8284000988082438,4.50679504014212,3
scale_default,Epsilon_Greedy,epsilon=0.05,150,3.178012625062768,1.3311532310178233,1.8468593940449447,4.509165856080592,3
scale_default,Epsilon_Greedy,epsilon=0.05,151,3.195013309324969,1.3399780597421789,1.8550352495827902,4.534991369067148,3
scale_default,Epsilon_Greedy,epsilon=0.05,152,3.209780149655702,1.3352945985716458,1.8744855510840561,4.545074748227348,3
scale_default,Epsilon_Greedy,epsilon=0.05,153,3.230350329883461,1.3388145570447958,1.8915357728386653,4.569164886928257,3
scale_default,Epsilon_Greedy,epsilon=0.05,154,3.239315580969547,1.324486262481681,1.914829318487866,4.563801843451229,3
scale_default,Epsilon_Greedy,epsilon=0.05,155,3.240145052329685,1.3230921526043398,1.9170528997253453,4.563237204934024,3
scale_default,Epsilon_Greedy,epsilon=0.05,156,3.2509469035046563,1.3325228410253633,1.918424062479293,4.58346974453002,3
scale_default,Epsilon_Greedy,epsilon=0.05,157,3.256229825083531,1.3317890449221064,1.9244407801614247,4.588018870005637,3
scale_default,Epsilon_Greedy,epsilon=0.05,158,3.2638076224987373,1.3315942724014609,1.9322133500972765,4.595401894900198,3
scale_default,Epsilon_Greedy,epsilon=0.05,159,3.2652139709929515,1.3322557274674727,1.9329582435254788,4.597469698460424,3
scale_default,Epsilon_Greedy,epsilon=0.05,160,3.2704434020636923,1.3285579401432566,1.9418854619204358,4.5990013422069485,3
scale_default,Epsilon_Greedy,epsilon=0.05,161,3.278561793728922,1.328180438780057,1.9503813549488649,4.606742232508979,3
scale_default,Epsilon_Greedy,epsilon=0.05,162,3.2835523281490713,1.3289431194856782,1.954609208663393,4.61249544763475,3
scale_default,Epsilon_Greedy,epsilon=0.05,163,3.287886264351521,1.3235343266190955,1.9643519377324254,4.611420590970616,3
scale_default,Epsilon_Greedy,epsilon=0.05,164,3.297627405121568,1.322508204514965,1.9751192006066032,4.620135609636533,3
scale_default,Epsilon_Greedy,epsilon=0.05,165,3.309438426086087,1.3216298018818455,1.9878086242042414,4.6310682279679325,3
scale_default,Epsilon_Greedy,epsilon=0.05,166,3.318113131062804,1.310054895528288,2.008058235534516,4.6281680265910925,3
scale_default,Epsilon_Greedy,epsilon=0.05,167,3.320297927764948,1.3088520792544969,2.0114458485104514,4.629150007019445,3
scale_default,Epsilon_Greedy,epsilon=0.05,168,3.335633085251281,1.317199785311169,2.0184332999401122,4.652832870562451,3
scale_default,Epsilon_Greedy,epsilon=0.05,169,3.348971766963396,1.3167232896543117,2.0322484773090843,4.665695056617707,3
scale_default,Epsilon_Greedy,epsilon=0.05,170,3.355355461688785,1.3189188384910506,2.0364366231977344,4.674274300179835,3
scale_default,Epsilon_Greedy,epsilon=0.05,171,3.3685167242983325,1.3265444559860797,2.0419722683122528,4.695061180284412,3
scale_default,Epsilon_Greedy,epsilon=0.05,172,3.3797591694626177,1.331516062249941,2.0482431072126768,4.711275231712559,3
scale_default,Epsilon_Greedy,epsilon=0.05,173,3.3869052188060498,1.3307011215714566,2.056204097234593,4.717606340377507,3
scale_default,Epsilon_Greedy,epsilon=0.05,174,3.391916610376127,1.334718376193901,2.057198234182226,4.726634986570028,3
scale_default,Epsilon_Greedy,epsilon=0.05,175,3.3944591786056812,1.3343361454240479,2.0601230331816334,4.728795324029729,3
scale_default,Epsilon_Greedy,epsilon=0.05,176,3.4108806272651058,1.3436273076524445,2.0672533196126612,4.75450793491755,3
scale_default,Epsilon_Greedy,epsilon=0.05,177,3.460126638758466,1.3611825519232128,2.098944086835253,4.821309190681679,3
scale_default,Epsilon_Greedy,epsilon=0.05,178,3.466357306461004,1.3648851032742757,2.101472203186728,4.83124240973528,3
scale_default,Epsilon_Greedy,epsilon=0.05,179,3.4716171530625153,1.3635369563290605,2.1080801967334546,4.835154109391576,3
scale_default,Epsilon_Greedy,epsilon=0.05,180,3.4826923385772495,1.3730883628614465,2.109603975715803,4.855780701438696,3
scale_default,Epsilon_Greedy,epsilon=0.05,181,3.488810719071894,1.3772563939872429,2.111554325084651,4.866067113059136,3
scale_default,Epsilon_Greedy,epsilon=0.05,182,3.4936929598296835,1.3765983368241639,2.11709462300552,4.870291296653847,3
scale_default,Epsilon_Greedy,epsilon=0.05,183,3.4997967541329,1.3799181708090664,2.1198785833238336,4.8797149249419665,3
scale_default,Epsilon_Greedy,epsilon=0.05,184,3.503942946798688,1.380384341753561,2.123558605045127,4.884327288552249,3
scale_default,Epsilon_Greedy,epsilon=0.05,185,3.5741101163417768,1.4474601390037574,2.1266499773380194,5.021570255345534,3
scale_default,Epsilon_Greedy,epsilon=0.05,186,3.5831165480972857,1.444639650669648,2.138476897427638,5.027756198766934,3
scale_default,Epsilon_Greedy,epsilon=0.05,187,3.593682198586469,1.4477972735924391,2.1458849249940295,5.041479472178908,3
scale_default,Epsilon_Greedy,epsilon=0.05,188,3.6030110122628294,1.436683649911194,2.1663273623516357,5.039694662174023,3
scale_default,Epsilon_Greedy,epsilon=0.05,189,3.6254599107977747,1.4479890335813432,2.1774708772164315,5.073448944379118,3
scale_default,Epsilon_Greedy,epsilon=0.05,190,3.628092820223069,1.450308505073828,2.177784315149241,5.078401325296897,3
scale_default,Epsilon_Greedy,epsilon=0.05,191,3.6359032424451363,1.4492559320535552,2.186647310391581,5.085159174498692,3
scale_default,Epsilon_Greedy,epsilon=0.05,192,3.6441873162088694,1.4523372834746766,2.1918500327341928,5.096524599683546,3
scale_default,Epsilon_Greedy,epsilon=0.05,193,3.6451562494454137,1.450672505542383,2.1944837439030307,5.095828754987797,3
scale_default,Epsilon_Greedy,epsilon=0.05,194,3.6493655065454416,1.453548356533199,2.1958171500122425,5.102913863078641,3
scale_default,Epsilon_Greedy,epsilon=0.05,195,3.6578637927139357,1.4484879649712723,2.2093758277426634,5.106351757685208,3
scale_default,Epsilon_Greedy,epsilon=0.05,196,3.667634860864395,1.4513732680691314,2.216261592795264,5.119008128933526,3
scale_default,Epsilon_Greedy,epsilon=0.05,197,3.6871882796157855,1.4532102790802868,2.2339780005354988,5.140398558696072,3
scale_default,Epsilon_Greedy,epsilon=0.05,198,3.6964180660467654,1.456300607865382,2.240117458181383,5.1527186739121476,3
scale_default,Epsilon_Greedy,epsilon=0.05,199,3.713983684920617,1.4605102859528774,2.2534733989677393,5.1744939708734945,3
scale_default,Epsilon_Greedy,epsilon=0.05,200,3.876382418154764,1.469010075994325,2.407372342160439,5.345392494149089,3
scale_default,Epsilon_Greedy,epsilon=0.05,201,4.046021337964613,1.3547086899350793,2.691312648029534,5.400730027899693,3
scale_default,Epsilon_Greedy,epsilon=0.05,202,4.230640011482445,1.3181270780344307,2.9125129334480144,5.548767089516876,3
scale_default,Epsilon_Greedy,epsilon=0.05,203,4.331195916111735,1.3628912200732135,2.9683046960385218,5.694087136184948,3
scale_default,Epsilon_Greedy,epsilon=0.05,204,4.502983428717914,1.350778395096673,3.1522050336212413,5.853761823814587,3
scale_default,Epsilon_Greedy,epsilon=0.05,205,4.660705992736251,1.3521175197792368,3.308588472957014,6.012823512515487,3
scale_default,Epsilon_Greedy,epsilon=0.05,206,4.912059269954735,1.5808851864607627,3.3311740834939725,6.492944456415498,3
scale_default,Epsilon_Greedy,epsilon=0.05,207,5.022922375798402,1.5763946813969627,3.446527694401439,6.599317057195364,3
scale_default,Epsilon_Greedy,epsilon=0.05,208,5.190721607457896,1.6799038327432194,3.5108177747146767,6.870625440201116,3
scale_default,Epsilon_Greedy,epsilon=0.05,209,5.330050824866685,1.480121300423634,3.849929524443051,6.810172125290319,3
scale_default,Epsilon_Greedy,epsilon=0.05,210,5.524187839141116,1.4220926517080286,4.102095187433088,6.946280490849144,3
scale_default,Epsilon_Greedy,epsilon=0.05,211,5.599959628174514,1.2958364166566443,4.3041232115178705,6.895796044831158,3
scale_default,Epsilon_Greedy,epsilon=0.05,212,5.7267773565927165,1.2990872422024922,4.4276901143902245,7.025864598795208,3
scale_default,Epsilon_Greedy,epsilon=0.05,213,5.88942302990602,1.2385764256887546,4.650846604217265,7.127999455594774,3
scale_default,Epsilon_Greedy,epsilon=0.05,214,5.987537487872918,1.196808999150316,4.790728488722602,7.184346487023234,3
scale_default,Epsilon_Greedy,epsilon=0.05,215,6.171080056558801,1.2680325572857145,4.903047499273087,7.439112613844515,3
scale_default,Epsilon_Greedy,epsilon=0.05,216,6.47833749174706,1.4648568307557621,5.013480660991298,7.943194322502822,3
scale_default,Epsilon_Greedy,epsilon=0.05,217,6.762078430358012,1.4020259919672866,5.360052438390726,8.164104422325298,3
scale_default,Epsilon_Greedy,epsilon=0.05,218,6.945974476265803,1.4193500187385542,5.526624457527249,8.365324495004357,3
scale_default,Epsilon_Greedy,epsilon=0.05,219,7.181353101865859,1.50369881164775,5.6776542902181095,8.68505191351361,3
scale_default,Epsilon_Greedy,epsilon=0.05,220,7.272973349388605,1.440486891677162,5.832486457711442,8.713460241065766,3
scale_default,Epsilon_Greedy,epsilon=0.05,221,7.415144477005842,1.549241782516917,5.865902694488925,8.964386259522758,3
scale_default,Epsilon_Greedy,epsilon=0.05,222,7.528452314154161,1.5322519255117664,5.996200388642395,9.060704239665927,3
scale_default,Epsilon_Greedy,epsilon=0.05,223,7.662969518045169,1.5580527485590072,6.104916769486161,9.221022266604177,3
scale_default,Epsilon_Greedy,epsilon=0.05,224,7.728731200089785,1.528133196795785,6.200598003294001,9.25686439688557,3
scale_default,Epsilon_Greedy,epsilon=0.05,225,8.008371231784121,1.5853817564051378,6.422989475378984,9.593752988189259,3
scale_default,Epsilon_Greedy,epsilon=0.05,226,8.119773577902839,1.6291454326680122,6.490628145234827,9.748919010570852,3
scale_default,Epsilon_Greedy,epsilon=0.05,227,8.198021850274046,1.6214206446803945,6.576601205593651,9.81944249495444,3
scale_default,Epsilon_Greedy,epsilon=0.05,228,8.343273250752906,1.6436399717663757,6.69963327898653,9.986913222519282,3
scale_default,Epsilon_Greedy,epsilon=0.05,229,8.431330157051628,1.616572392042126,6.814757765009501,10.047902549093754,3
scale_default,Epsilon_Greedy,epsilon=0.05,230,8.598973057579174,1.673545396537767,6.925427661041407,10.272518454116941,3
scale_default,Epsilon_Greedy,epsilon=0.05,231,8.740787818080442,1.6550102884778213,7.085777529602621,10.395798106558264,3
scale_default,Epsilon_Greedy,epsilon=0.05,232,8.918663243706101,1.6361642181544527,7.282499025551648,10.554827461860555,3
scale_default,Epsilon_Greedy,epsilon=0.05,233,9.027954104261022,1.6086693726809407,7.419284731580081,10.636623476941963,3
scale_default,Epsilon_Greedy,epsilon=0.05,234,9.179571818050666,1.6503776105939898,7.529194207456676,10.829949428644657,3
scale_default,Epsilon_Greedy,epsilon=0.05,235,9.37564955631891,1.7203612555231336,7.655288300795776,11.096010811842044,3
scale_default,Epsilon_Greedy,epsilon=0.05,236,9.735791694776633,1.910703305927445,7.8250883888491884,11.646495000704078,3
scale_default,Epsilon_Greedy,epsilon=0.05,237,9.838345145003386,1.9080513653067286,7.930293779696657,11.746396510310115,3
scale_default,Epsilon_Greedy,epsilon=0.05,238,9.93384872021141,1.9401477321569638,7.993700988054446,11.873996452368374,3
scale_default,Epsilon_Greedy,epsilon=0.05,239,10.184197977945571,2.0258620166763155,8.158335961269255,12.210059994621886,3
scale_default,Epsilon_Greedy,epsilon=0.05,240,10.353322444509622,2.114610420891149,8.238712023618474,12.46793286540077,3
scale_default,Epsilon_Greedy,epsilon=0.05,241,10.425498317263264,2.1446179608291205,8.280880356434142,12.570116278092385,3
scale_default,Epsilon_Greedy,epsilon=0.05,242,10.547215783300926,2.1850977716830293,8.362118011617897,12.732313554983955,3
scale_default,Epsilon_Greedy,epsilon=0.05,243,10.838958189944742,2.1676204926917486,8.671337697252994,13.00657868263649,3
scale_default,Epsilon_Greedy,epsilon=0.05,244,11.05832892491724,2.131946575779043,8.926382349138196,13.190275500696282,3
scale_default,Epsilon_Greedy,epsilon=0.05,245,11.163036499117217,2.113825942897511,9.049210556219705,13.276862442014728,3
scale_default,Epsilon_Greedy,epsilon=0.05,246,11.224425647526237,2.091249424890163,9.133176222636074,13.3156750724164,3
scale_default,Epsilon_Greedy,epsilon=0.05,247,11.406553248380405,2.213981181939409,9.192572066440995,13.620534430319815,3
scale_default,Epsilon_Greedy,epsilon=0.05,248,11.60126152905997,2.2224546607426166,9.378806868317353,13.823716189802587,3
scale_default,Epsilon_Greedy,epsilon=0.05,249,11.934262946766198,2.430354265929542,9.503908680836656,14.364617212695741,3
scale_default,Epsilon_Greedy,epsilon=0.05,250,12.141680690583575,2.450245515206285,9.69143517537729,14.59192620578986,3
scale_default,Epsilon_Greedy,epsilon=0.05,251,12.305885443536736,2.4431220762353947,9.86276336730134,14.749007519772132,3
scale_default,Epsilon_Greedy,epsilon=0.05,252,12.402849348592556,2.4561800773066094,9.946669271285947,14.859029425899164,3
scale_default,Epsilon_Greedy,epsilon=0.05,253,12.536999831879394,2.459501698796652,10.077498133082742,14.996501530676046,3
scale_default,Epsilon_Greedy,epsilon=0.05,254,12.643795131860422,2.4212714841137624,10.222523647746659,15.065066615974185,3
scale_default,Epsilon_Greedy,epsilon=0.05,255,12.693990866934127,2.3759197576039233,10.318071109330205,15.06991062453805,3
scale_default,Epsilon_Greedy,epsilon=0.05,256,12.794202089883187,2.4394142296044774,10.35478786027871,15.233616319487664,3
scale_default,Epsilon_Greedy,epsilon=0.05,257,13.028076702948718,2.230741005008054,10.797335697940664,15.258817707956773,3
scale_default,Epsilon_Greedy,epsilon=0.05,258,13.260341037522698,2.2547231686710103,11.005617868851688,15.515064206193708,3
scale_default,Epsilon_Greedy,epsilon=0.05,259,13.386480305901918,2.282131534789253,11.104348771112665,15.66861184069117,3
scale_default,Epsilon_Greedy,epsilon=0.05,260,13.5458231658916,2.2538528350031575,11.291970330888443,15.799676000894756,3
scale_default,Epsilon_Greedy,epsilon=0.05,261,13.765224864395869,2.323028286682964,11.442196577712904,16.08825315107883,3
scale_default,Epsilon_Greedy,epsilon=0.05,262,13.84187907994864,2.390184939361755,11.451694140586884,16.232064019310396,3
scale_default,Epsilon_Greedy,epsilon=0.05,263,13.970835715433347,2.268983734900096,11.701851980533252,16.239819450333442,3
scale_default,Epsilon_Greedy,epsilon=0.05,264,14.089187091334495,2.307739279896713,11.781447811437781,16.396926371231206,3
scale_default,Epsilon_Greedy,epsilon=0.05,265,14.196513789256398,2.327163117266201,11.869350671990198,16.5236769065226,3
scale_default,Epsilon_Greedy,epsilon=0.05,266,14.38363905052037,2.3737772162092887,12.009861834311081,16.75741626672966,3
scale_default,Epsilon_Greedy,epsilon=0.05,267,14.4477725804976,2.358581273247024,12.089191307250577,16.806353853744625,3
scale_default,Epsilon_Greedy,epsilon=0.05,268,14.596154099590295,2.278563726174833,12.317590373415463,16.874717825765128,3
scale_default,Epsilon_Greedy,epsilon=0.05,269,14.85966653287032,2.4424377745199295,12.41722875835039,17.30210430739025,3
scale_default,Epsilon_Greedy,epsilon=0.05,270,15.02169700518769,2.4517356867806632,12.569961318407026,17.473432691968352,3
scale_default,Epsilon_Greedy,epsilon=0.05,271,15.140228677553102,2.5064459275432496,12.633782750009853,17.64667460509635,3
scale_default,Epsilon_Greedy,epsilon=0.05,272,15.323946267491289,2.347826871939695,12.976119395551594,17.671773139430982,3
scale_default,Epsilon_Greedy,epsilon=0.05,273,15.503591075938372,2.330167436247978,13.173423639690395,17.83375851218635,3
scale_default,Epsilon_Greedy,epsilon=0.05,274,15.68338150602799,2.3679252015546157,13.315456304473374,18.051306707582604,3
scale_default,Epsilon_Greedy,epsilon=0.05,275,15.907589070394707,2.360908416761594,13.546680653633112,18.2684974871563,3
scale_default,Epsilon_Greedy,epsilon=0.05,276,16.00567771452625,2.380086079375476,13.625591635150775,18.385763793901727,3
scale_default,Epsilon_Greedy,epsilon=0.05,277,16.24272589046767,2.5100749015062207,13.732650988961451,18.752800791973893,3
scale_default,Epsilon_Greedy,epsilon=0.05,278,16.31929200462991,2.5748338170817155,13.744458187548195,18.894125821711626,3
scale_default,Epsilon_Greedy,epsilon=0.05,279,16.438717616531843,2.49010007461864,13.948617541913203,18.928817691150485,3
scale_default,Epsilon_Greedy,epsilon=0.05,280,16.61676008394058,2.3756995486218426,14.241060535318738,18.992459632562422,3
scale_default,Epsilon_Greedy,epsilon=0.05,281,16.706926402978535,2.3178675990165223,14.389058803962012,19.02479400199506,3
scale_default,Epsilon_Greedy,epsilon=0.05,282,16.864920519470335,2.407192069058417,14.457728450411917,19.272112588528753,3
scale_default,Epsilon_Greedy,epsilon=0.05,283,17.011351107750524,2.4014047159428085,14.609946391807716,19.41275582369333,3
scale_default,Epsilon_Greedy,epsilon=0.05,284,17.208831505650917,2.3477883377903557,14.861043167860561,19.556619843441272,3
scale_default,Epsilon_Greedy,epsilon=0.05,285,17.3194234008791,2.3275651427836146,14.991858258095485,19.646988543662715,3
scale_default,Epsilon_Greedy,epsilon=0.05,286,17.58592808757415,2.5711258394184133,15.014802248155735,20.157053926992564,3
scale_default,Epsilon_Greedy,epsilon=0.05,287,17.65043988737158,2.581064807049846,15.069375080321734,20.231504694421425,3
scale_default,Epsilon_Greedy,epsilon=0.05,288,17.753845351676038,2.44603654745942,15.307808804216618,20.19988189913546,3
scale_default,Epsilon_Greedy,epsilon=0.05,289,17.93605499499255,2.6082871076835596,15.32776788730899,20.544342102676108,3
scale_default,Epsilon_Greedy,epsilon=0.05,290,18.11377506852428,2.3827939308955495,15.730981137628731,20.49656899941983,3
scale_default,Epsilon_Greedy,epsilon=0.05,291,18.352894978771126,2.4086112724953987,15.944283706275726,20.761506251266525,3
scale_default,Epsilon_Greedy,epsilon=0.05,292,18.444065091504843,2.353210479548962,16.09085461195588,20.797275571053806,3
scale_default,Epsilon_Greedy,epsilon=0.05,293,18.57847262904013,2.2648896495557427,16.313582979484387,20.843362278595876,3
scale_default,Epsilon_Greedy,epsilon=0.05,294,18.772991093388587,2.35792920098882,16.415061892399766,21.130920294377407,3
scale_default,Epsilon_Greedy,epsilon=0.05,295,18.914888824768237,2.3745531410577003,16.540335683710538,21.289441965825937,3
scale_default,Epsilon_Greedy,epsilon=0.05,296,19.114353670489844,2.2223944014496118,16.891959269040232,21.336748071939457,3
scale_default,Epsilon_Greedy,epsilon=0.05,297,19.136659211259396,2.1859087648992026,16.950750446360193,21.3225679761586,3
scale_default,Epsilon_Greedy,epsilon=0.05,298,19.344856328847374,1.968122349572409,17.376733979274967,21.312978678419782,3
scale_default,Epsilon_Greedy,epsilon=0.05,299,19.58364762048014,1.9949778227932449,17.588669797686894,21.578625443273385,3
scale_default,Epsilon_Greedy,epsilon=0.05,300,19.80622001547,1.9901482227535248,17.816071792716475,21.796368238223526,3
scale_default,Epsilon_Greedy,epsilon=0.05,301,19.956882363448056,1.9691354617344459,17.98774690171361,21.9260178251825,3
scale_default,Epsilon_Greedy,epsilon=0.05,302,20.12597623353527,1.9698615249353466,18.156114708599922,22.095837758470616,3
scale_default,Epsilon_Greedy,epsilon=0.05,303,20.223247077816122,1.9347553625203606,18.288491715295763,22.15800244033648,3
scale_default,Epsilon_Greedy,epsilon=0.05,304,20.648413220166685,1.9901838424651879,18.658229377701495,22.638597062631874,3
scale_default,Epsilon_Greedy,epsilon=0.05,305,20.763482723568448,1.9782701753326686,18.78521254823578,22.741752898901115,3
scale_default,Epsilon_Greedy,epsilon=0.05,306,21.10445465503776,2.070391593974717,19.034063061063044,23.174846249012475,3
scale_default,Epsilon_Greedy,epsilon=0.05,307,21.22218601500114,2.1212481500387583,19.10093786496238,23.3434341650399,3
scale_default,Epsilon_Greedy,epsilon=0.05,308,21.415249241552218,2.18051274844431,19.234736493107906,23.59576198999653,3
scale_default,Epsilon_Greedy,epsilon=0.05,309,21.476444942184127,2.18432668190675,19.292118260277377,23.660771624090877,3
scale_default,Epsilon_Greedy,epsilon=0.05,310,21.60392971570489,2.2393021597042515,19.364627556000638,23.843231875409142,3
scale_default,Epsilon_Greedy,epsilon=0.05,311,21.73560315877769,2.2756903591586988,19.45991279961899,24.011293517936387,3
scale_default,Epsilon_Greedy,epsilon=0.05,312,21.90209103887898,2.1605383808923095,19.74155265798667,24.062629419771287,3
scale_default,Epsilon_Greedy,epsilon=0.05,313,22.02819020598589,2.1308505608952117,19.89733964509068,24.159040766881102,3
scale_default,Epsilon_Greedy,epsilon=0.05,314,22.179399245309956,2.143781574414475,20.03561767089548,24.32318081972443,3
scale_default,Epsilon_Greedy,epsilon=0.05,315,22.40865293085531,1.9657251984563733,20.44292773239894,24.374378129311683,3
scale_default,Epsilon_Greedy,epsilon=0.05,316,22.604151731155735,1.9272514107466143,20.67690032040912,24.53140314190235,3
scale_default,Epsilon_Greedy,epsilon=0.05,317,22.713014055352208,2.0009478298915693,20.71206622546064,24.713961885243776,3
scale_default,Epsilon_Greedy,epsilon=0.05,318,22.87239179207351,2.032812513197461,20.83957927887605,24.90520430527097,3
scale_default,Epsilon_Greedy,epsilon=0.05,319,23.073468009122763,1.9545638336610094,21.118904175461754,25.028031842783772,3
scale_default,Epsilon_Greedy,epsilon=0.05,320,23.244846095699874,1.890070211063487,21.354775884636386,25.134916306763362,3
scale_default,Epsilon_Greedy,epsilon=0.05,321,23.37002292650392,1.8584377017777955,21.511585224726126,25.228460628281717,3
scale_default,Epsilon_Greedy,epsilon=0.05,322,23.51405619836565,1.791812708119737,21.722243490245916,25.305868906485387,3
scale_default,Epsilon_Greedy,epsilon=0.05,323,23.534017749514252,1.7789596119316498,21.7550581375826,25.312977361445903,3
scale_default,Epsilon_Greedy,epsilon=0.05,324,23.73135464132027,1.7813931689008091,21.94996147241946,25.51274781022108,3
scale_default,Epsilon_Greedy,epsilon=0.05,325,23.86528021063566,1.7867338420132493,22.078546368622412,25.65201405264891,3
scale_default,Epsilon_Greedy,epsilon=0.05,326,24.040903968398087,1.8197462322857734,22.221157736112314,25.86065020068386,3
scale_default,Epsilon_Greedy,epsilon=0.05,327,24.16746215718712,1.8230601517347034,22.344402005452416,25.990522308921825,3
scale_default,Epsilon_Greedy,epsilon=0.05,328,24.305411054595794,1.9053832899148917,22.400027764680903,26.210794344510685,3
scale_default,Epsilon_Greedy,epsilon=0.05,329,24.64122041255627,2.1910679624033684,22.4501524501529,26.83228837495964,3
scale_default,Epsilon_Greedy,epsilon=0.05,330,24.854840721217375,2.3021590418435576,22.55268167937382,27.15699976306093,3
scale_default,Epsilon_Greedy,epsilon=0.05,331,25.04275295757476,2.2592100005889204,22.78354295698584,27.301962958163678,3
scale_default,Epsilon_Greedy,epsilon=0.05,332,25.22820149535933,2.3924226202544263,22.835778875104904,27.620624115613754,3
scale_default,Epsilon_Greedy,epsilon=0.05,333,25.490729737366404,2.3748450463260125,23.115884691040392,27.865574783692416,3
scale_default,Epsilon_Greedy,epsilon=0.05,334,25.620976715333224,2.48219212762733,23.138784587705896,28.103168842960553,3
scale_default,Epsilon_Greedy,epsilon=0.05,335,25.79017117583349,2.56690971061136,23.22326146522213,28.357080886444848,3
scale_default,Epsilon_Greedy,epsilon=0.05,336,25.95457998894925,2.652790138263665,23.301789850685584,28.607370127212914,3
scale_default,Epsilon_Greedy,epsilon=0.05,337,26.046391336447176,2.5850708111128764,23.4613205253343,28.63146214756005,3
scale_default,Epsilon_Greedy,epsilon=0.05,338,26.13344887077317,2.471218545182432,23.662230325590738,28.6046674159556,3
scale_default,Epsilon_Greedy,epsilon=0.05,339,26.31376161135147,2.5019113211571304,23.81185029019434,28.8156729325086,3
scale_default,Epsilon_Greedy,epsilon=0.05,340,26.443978809249046,2.4864449010779137,23.957533908171133,28.93042371032696,3
scale_default,Epsilon_Greedy,epsilon=0.05,341,26.613521711959873,2.4332780788365898,24.180243633123283,29.046799790796463,3
scale_default,Epsilon_Greedy,epsilon=0.05,342,26.767138375191422,2.4820590905227022,24.28507928466872,29.249197465714126,3
scale_default,Epsilon_Greedy,epsilon=0.05,343,26.915865197598603,2.460101714440303,24.4557634831583,29.375966912038905,3
scale_default,Epsilon_Greedy,epsilon=0.05,344,27.009759927111304,2.441371131332976,24.56838879577833,29.45113105844428,3
scale_default,Epsilon_Greedy,epsilon=0.05,345,27.15964199523692,2.44464726857941,24.714994726657512,29.60428926381633,3
scale_default,Epsilon_Greedy,epsilon=0.05,346,27.348311108010687,2.531573474419146,24.81673763359154,29.879884582429835,3
scale_default,Epsilon_Greedy,epsilon=0.05,347,27.50678608458817,2.514460839386066,24.992325245202103,30.02124692397424,3
scale_default,Epsilon_Greedy,epsilon=0.05,348,27.723539850332894,2.4462514983272734,25.27728835200562,30.16979134866017,3
scale_default,Epsilon_Greedy,epsilon=0.05,349,27.902832261321986,2.55165708412879,25.351175177193195,30.454489345450778,3
scale_default,Epsilon_Greedy,epsilon=0.05,350,27.999021531393854,2.6154987514868306,25.383522779907025,30.614520282880683,3
scale_default,Epsilon_Greedy,epsilon=0.05,351,28.11848799795457,2.637187469346147,25.481300528608422,30.75567546730072,3
scale_default,Epsilon_Greedy,epsilon=0.05,352,28.18501457651077,2.650354915948474,25.534659660562298,30.835369492459243,3
scale_default,Epsilon_Greedy,epsilon=0.05,353,28.341690003904457,2.761492665354528,25.58019733854993,31.103182669258985,3
scale_default,Epsilon_Greedy,epsilon=0.05,354,28.549281143160357,2.5972774410670496,25.952003702093307,31.146558584227407,3
scale_default,Epsilon_Greedy,epsilon=0.05,355,28.66617855031606,2.507465352357277,26.158713197958786,31.173643902673337,3
scale_default,Epsilon_Greedy,epsilon=0.05,356,28.963603496448858,2.5995370914390494,26.364066405009808,31.563140587887908,3
scale_default,Epsilon_Greedy,epsilon=0.05,357,29.04592435474179,2.527111093918992,26.518813260822796,31.573035448660782,3
scale_default,Epsilon_Greedy,epsilon=0.05,358,29.310475945370772,2.4962133174575443,26.814262627913227,31.806689262828318,3
scale_default,Epsilon_Greedy,epsilon=0.05,359,29.344450115456226,2.4615062977464732,26.88294381770975,31.8059564132027,3
scale_default,Epsilon_Greedy,epsilon=0.05,360,29.542253979316627,2.367600533353738,27.17465344596289,31.909854512670364,3
scale_default,Epsilon_Greedy,epsilon=0.05,361,29.627334511952856,2.389376627111182,27.237957884841673,32.016711139064036,3
scale_default,Epsilon_Greedy,epsilon=0.05,362,29.737148433010265,2.295054645289138,27.442093787721127,32.0322030782994,3
scale_default,Epsilon_Greedy,epsilon=0.05,363,29.82437039025882,2.229132560112161,27.595237830146658,32.053502950370984,3
scale_default,Epsilon_Greedy,epsilon=0.05,364,30.04327738311292,2.222139574972488,27.82113780814043,32.26541695808541,3
scale_default,Epsilon_Greedy,epsilon=0.05,365,30.156519337877572,2.067048711672814,28.089470626204758,32.22356804955039,3
scale_default,Epsilon_Greedy,epsilon=0.05,366,30.40252110514231,2.0643700408936723,28.33815106424864,32.466891146035984,3
scale_default,Epsilon_Greedy,epsilon=0.05,367,30.597897452304746,1.9530897075362572,28.64480774476849,32.550987159841,3
scale_default,Epsilon_Greedy,epsilon=0.05,368,30.89098214652957,2.0885109152278263,28.802471231301745,32.979493061757395,3
scale_default,Epsilon_Greedy,epsilon=0.05,369,31.03785568363948,2.04465174287407,28.99320394076541,33.08250742651355,3
scale_default,Epsilon_Greedy,epsilon=0.05,370,31.27539290290821,2.01471865384855,29.260674249059658,33.290111556756756,3
scale_default,Epsilon_Greedy,epsilon=0.05,371,31.433687183606725,1.9223432163410357,29.511343967265688,33.35603039994776,3
scale_default,Epsilon_Greedy,epsilon=0.05,372,31.59055228973989,2.030556079002668,29.55999621073722,33.621108368742554,3
scale_default,Epsilon_Greedy,epsilon=0.05,373,31.679637357141484,2.03458601504171,29.645051342099773,33.71422337218319,3
scale_default,Epsilon_Greedy,epsilon=0.05,374,31.828949689682446,2.077473025250378,29.75147666443207,33.90642271493282,3
scale_default,Epsilon_Greedy,epsilon=0.05,375,32.028875133219636,2.0037952218658646,30.02507991135377,34.0326703550855,3
scale_default,Epsilon_Greedy,epsilon=0.05,376,32.14942057592654,2.116168283203327,30.033252292723216,34.26558885912987,3
scale_default,Epsilon_Greedy,epsilon=0.05,377,32.2602823578361,2.174711573155601,30.085570784680495,34.434993930991695,3
scale_default,Epsilon_Greedy,epsilon=0.05,378,32.38030963636309,2.2616558237144933,30.118653812648596,34.64196546007758,3
scale_default,Epsilon_Greedy,epsilon=0.05,379,32.71507925896301,2.078749655644429,30.63632960331858,34.79382891460744,3
scale_default,Epsilon_Greedy,epsilon=0.05,380,32.83275115376879,1.9297101521899,30.903041001578888,34.76246130595869,3
scale_default,Epsilon_Greedy,epsilon=0.05,381,33.107502482499626,2.1063464150576876,31.00115606744194,35.21384889755731,3
scale_default,Epsilon_Greedy,epsilon=0.05,382,33.29540258407341,2.064452959084955,31.23094962498845,35.35985554315836,3
scale_default,Epsilon_Greedy,epsilon=0.05,383,33.37219677243019,2.0164385158954126,31.35575825653478,35.3886352883256,3
scale_default,Epsilon_Greedy,epsilon=0.05,384,33.51446701690891,2.106846325422709,31.4076206914862,35.62131334233162,3
scale_default,Epsilon_Greedy,epsilon=0.05,385,33.60092911717235,1.9962303992296677,31.604698717942682,35.597159516402016,3
scale_default,Epsilon_Greedy,epsilon=0.05,386,33.73210539221503,2.0631851613088115,31.66892023090622,35.79529055352384,3
scale_default,Epsilon_Greedy,epsilon=0.05,387,33.85694257734809,1.9813188237660926,31.875623753582,35.83826140111419,3
scale_default,Epsilon_Greedy,epsilon=0.05,388,34.038112655657706,2.0105248168328074,32.0275878388249,36.04863747249051,3
scale_default,Epsilon_Greedy,epsilon=0.05,389,34.12575837375118,2.0364588253012803,32.0892995484499,36.16221719905246,3
scale_default,Epsilon_Greedy,epsilon=0.05,390,34.20197922009579,2.0340928832325744,32.16788633686321,36.23607210332836,3
scale_default,Epsilon_Greedy,epsilon=0.05,391,34.44697699747829,2.018554749170792,32.4284222483075,36.46553174664908,3
scale_default,Epsilon_Greedy,epsilon=0.05,392,34.820444510817076,2.1975059098002716,32.622938601016806,37.017950420617346,3
scale_default,Epsilon_Greedy,epsilon=0.05,393,34.96088670251935,2.046957015009976,32.91392968750938,37.007843717529326,3
scale_default,Epsilon_Greedy,epsilon=0.05,394,35.23576192597985,2.234090010082839,33.00167191589701,37.46985193606269,3
scale_default,Epsilon_Greedy,epsilon=0.05,395,35.39331366859877,2.2188958627275697,33.1744178058712,37.61220953132634,3
scale_default,Epsilon_Greedy,epsilon=0.05,396,35.562595001325526,2.230183644994131,33.3324113563314,37.792778646319654,3
scale_default,Epsilon_Greedy,epsilon=0.05,397,35.670781684004844,2.305669180037344,33.3651125039675,37.976450864042185,3
scale_default,Epsilon_Greedy,epsilon=0.05,398,35.845607609096426,2.3954790498211125,33.45012855927531,38.24108665891754,3
scale_default,Epsilon_Greedy,epsilon=0.05,399,36.01522831197824,2.4404769825300634,33.574751329448176,38.455705294508306,3
scale_default,Epsilon_Greedy,epsilon=0.05,400,36.15306291633479,2.3090662197829577,33.843996696551834,38.462129136117746,3
scale_default,Epsilon_Greedy,epsilon=0.05,401,36.2528459305704,2.2732101859591793,33.97963574461122,38.52605611652958,3
scale_default,Epsilon_Greedy,epsilon=0.05,402,36.38925218286869,2.3597876104003914,34.0294645724683,38.74903979326908,3
scale_default,Epsilon_Greedy,epsilon=0.05,403,36.540230263692344,2.431180906080067,34.10904935761228,38.97141116977241,3
scale_default,Epsilon_Greedy,epsilon=0.05,404,36.678863751897346,2.518906486378314,34.15995726551903,39.19777023827566,3
scale_default,Epsilon_Greedy,epsilon=0.05,405,37.00432224715163,2.5744911789688096,34.42983106818282,39.57881342612043,3
scale_default,Epsilon_Greedy,epsilon=0.05,406,37.1787616313031,2.454196068373795,34.7245655629293,39.63295769967689,3
scale_default,Epsilon_Greedy,epsilon=0.05,407,37.38128965740868,2.513642192168429,34.86764746524025,39.894931849577105,3
scale_default,Epsilon_Greedy,epsilon=0.05,408,37.42893402255326,2.4794939222356907,34.94944010031757,39.90842794478895,3
scale_default,Epsilon_Greedy,epsilon=0.05,409,37.52797877338451,2.419356670123581,35.10862210326093,39.947335443508095,3
scale_default,Epsilon_Greedy,epsilon=0.05,410,38.032267835358454,2.561059156733699,35.471208678624755,40.59332699209215,3
scale_default,Epsilon_Greedy,epsilon=0.05,411,38.136155083005434,2.651748861123162,35.484406221882274,40.787903944128594,3
scale_default,Epsilon_Greedy,epsilon=0.05,412,38.31380436902237,2.669377847304722,35.64442652171765,40.983182216327094,3
scale_default,Epsilon_Greedy,epsilon=0.05,413,38.43427775196228,2.6915770857721286,35.742700666190146,41.12585483773441,3
scale_default,Epsilon_Greedy,epsilon=0.05,414,38.51142336181138,2.697245242306774,35.81417811950461,41.20866860411815,3
scale_default,Epsilon_Greedy,epsilon=0.05,415,38.68458107847587,2.6712373472863824,36.013343731189494,41.35581842576225,3
scale_default,Epsilon_Greedy,epsilon=0.05,416,39.00084130056154,2.651346093493082,36.34949520706846,41.65218739405462,3
scale_default,Epsilon_Greedy,epsilon=0.05,417,39.158901624474005,2.6211480152669826,36.53775360920702,41.78004963974099,3
scale_default,Epsilon_Greedy,epsilon=0.05,418,39.36917378351796,2.6552815465227857,36.71389223699517,42.024455330040745,3
scale_default,Epsilon_Greedy,epsilon=0.05,419,39.398333172272395,2.680332909008019,36.71800026326437,42.07866608128042,3
scale_default,Epsilon_Greedy,epsilon=0.05,420,39.62297815639244,2.7414744530965525,36.88150370329589,42.36445260948899,3
scale_default,Epsilon_Greedy,epsilon=0.05,421,39.963062464084366,2.875360055908201,37.08770240817616,42.83842251999257,3
scale_default,Epsilon_Greedy,epsilon=0.05,422,40.29276333029949,2.8459641512856177,37.44679917901387,43.138727481585114,3
scale_default,Epsilon_Greedy,epsilon=0.05,423,40.47642893575014,3.0068405306948796,37.46958840505526,43.48326946644502,3
scale_default,Epsilon_Greedy,epsilon=0.05,424,40.63553030730918,2.914101065425987,37.72142924188319,43.54963137273517,3
scale_default,Epsilon_Greedy,epsilon=0.05,425,40.76430095096841,2.954321340315924,37.80997961065249,43.71862229128433,3
scale_default,Epsilon_Greedy,epsilon=0.05,426,41.05104889118172,2.827691013826841,38.22335787735488,43.878739905008565,3
scale_default,Epsilon_Greedy,epsilon=0.05,427,41.15856097601671,2.8544081189722594,38.30415285704445,44.01296909498897,3
scale_default,Epsilon_Greedy,epsilon=0.05,428,41.23314930328683,2.9009539621412985,38.33219534114553,44.13410326542813,3
scale_default,Epsilon_Greedy,epsilon=0.05,429,41.406540125847165,2.927263147960949,38.479276977886215,44.333803273808115,3
scale_default,Epsilon_Greedy,epsilon=0.05,430,41.761291021003764,3.0401388487532204,38.72115217225054,44.80142986975699,3
scale_default,Epsilon_Greedy,epsilon=0.05,431,41.9119094359744,3.067544475382764,38.84436496059163,44.97945391135717,3
scale_default,Epsilon_Greedy,epsilon=0.05,432,42.02031943265839,3.1067782739028647,38.91354115875553,45.12709770656125,3
scale_default,Epsilon_Greedy,epsilon=0.05,433,42.20156116768957,3.168747996624518,39.03281317106505,45.37030916431409,3
scale_default,Epsilon_Greedy,epsilon=0.05,434,42.45491236335076,3.325144619856826,39.12976774349393,45.78005698320759,3
scale_default,Epsilon_Greedy,epsilon=0.05,435,42.7717554075472,3.4589809319135756,39.312774475633624,46.23073633946077,3
scale_default,Epsilon_Greedy,epsilon=0.05,436,42.93211708425499,3.440762604270295,39.49135447998469,46.37287968852529,3
scale_default,Epsilon_Greedy,epsilon=0.05,437,43.18062769757076,3.411611530280572,39.76901616729019,46.59223922785134,3
scale_default,Epsilon_Greedy,epsilon=0.05,438,43.31320667256483,3.406399735625448,39.90680693693938,46.71960640819028,3
scale_default,Epsilon_Greedy,epsilon=0.05,439,43.512682023535405,3.22420150244869,40.28848052108671,46.7368835259841,3
scale_default,Epsilon_Greedy,epsilon=0.05,440,43.66046745955558,3.1616541655337103,40.49881329402187,46.822121625089295,3
scale_default,Epsilon_Greedy,epsilon=0.05,441,43.831254591761194,3.240209218770967,40.59104537299023,47.07146381053216,3
scale_default,Epsilon_Greedy,epsilon=0.05,442,44.0824867211941,3.241246800491822,40.84123992070228,47.323733521685924,3
scale_default,Epsilon_Greedy,epsilon=0.05,443,44.317080883765236,3.0525829166927565,41.26449796707248,47.36966380045799,3
scale_default,Epsilon_Greedy,epsilon=0.05,444,44.41331874571713,3.078397576090146,41.33492116962698,47.491716321807274,3
scale_default,Epsilon_Greedy,epsilon=0.05,445,44.54139827076673,3.051369579406284,41.49002869136044,47.59276785017301,3
scale_default,Epsilon_Greedy,epsilon=0.05,446,44.7536087169355,3.129396493454141,41.624212223481365,47.88300521038964,3
scale_default,Epsilon_Greedy,epsilon=0.05,447,44.863756417298106,3.171581358591485,41.692175058706624,48.03533777588959,3
scale_default,Epsilon_Greedy,epsilon=0.05,448,45.07131041447502,3.0779938875086774,41.993316526966346,48.1493043019837,3
scale_default,Epsilon_Greedy,epsilon=0.05,449,45.31631779083367,3.2401312433091563,42.076186547524514,48.55644903414283,3
scale_default,Epsilon_Greedy,epsilon=0.05,450,45.446381950389906,3.258997812494761,42.187384137895144,48.70537976288467,3
scale_default,Epsilon_Greedy,epsilon=0.05,451,45.622749229715645,3.3411416949511157,42.28160753476453,48.96389092466676,3
scale_default,Epsilon_Greedy,epsilon=0.05,452,45.723289357846305,3.428962555833477,42.294326802012826,49.152251913679784,3
scale_default,Epsilon_Greedy,epsilon=0.05,453,45.92835509594132,3.4046060797845414,42.52374901615678,49.33296117572586,3
scale_default,Epsilon_Greedy,epsilon=0.05,454,46.07574270051092,3.3526961394170876,42.72304656109384,49.428438839928006,3
scale_default,Epsilon_Greedy,epsilon=0.05,455,46.153036189379094,3.2191057416249858,42.93393044775411,49.37214193100408,3
scale_default,Epsilon_Greedy,epsilon=0.05,456,46.2588332804126,3.2168021380670297,43.04203114234557,49.475635418479634,3
scale_default,Epsilon_Greedy,epsilon=0.05,457,46.36657816952127,3.296146549949758,43.07043161957151,49.66272471947103,3
scale_default,Epsilon_Greedy,epsilon=0.05,458,46.57906909060498,3.297705250603139,43.281363840001845,49.87677434120812,3
scale_default,Epsilon_Greedy,epsilon=0.05,459,46.75848413586923,3.2658950762643495,43.49258905960488,50.02437921213358,3
scale_default,Epsilon_Greedy,epsilon=0.05,460,46.923394816205935,3.3037172522870177,43.61967756391892,50.22711206849295,3
scale_default,Epsilon_Greedy,epsilon=0.05,461,47.141443645372924,3.3274399731210593,43.814003672251864,50.46888361849398,3
scale_default,Epsilon_Greedy,epsilon=0.05,462,47.36974860186206,3.436995933622093,43.932752668239964,50.80674453548415,3
scale_default,Epsilon_Greedy,epsilon=0.05,463,47.620597138244676,3.427064036337419,44.193533101907256,51.047661174582096,3
scale_default,Epsilon_Greedy,epsilon=0.05,464,47.714743937392676,3.29308115550672,44.421662781885956,51.007825092899395,3
scale_default,Epsilon_Greedy,epsilon=0.05,465,47.87884175741211,3.2547814064988216,44.62406035091329,51.13362316391093,3
scale_default,Epsilon_Greedy,epsilon=0.05,466,48.107262072557376,3.4079495375285953,44.69931253502878,51.51521161008597,3
scale_default,Epsilon_Greedy,epsilon=0.05,467,48.29937621866114,3.495235561850057,44.80414065681108,51.7946117805112,3
scale_default,Epsilon_Greedy,epsilon=0.05,468,48.47972773417107,3.5183247892322433,44.961402944938825,51.99805252340332,3
scale_default,Epsilon_Greedy,epsilon=0.05,469,48.625001443238965,3.5691868468429298,45.05581459639603,52.1941882900819,3
scale_default,Epsilon_Greedy,epsilon=0.05,470,48.82863777624501,3.577234081992414,45.251403694252595,52.405871858237425,3
scale_default,Epsilon_Greedy,epsilon=0.05,471,48.921210790790475,3.5906174093254006,45.33059338146507,52.51182820011588,3
scale_default,Epsilon_Greedy,epsilon=0.05,472,49.099737650959575,3.521885585167023,45.577852065792555,52.621623236126595,3
scale_default,Epsilon_Greedy,epsilon=0.05,473,49.46646250534308,3.6791642588188536,45.78729824652423,53.14562676416193,3
scale_default,Epsilon_Greedy,epsilon=0.05,474,49.87784805500564,3.348662186836908,46.52918586816873,53.226510241842554,3
scale_default,Epsilon_Greedy,epsilon=0.05,475,50.01193304866155,3.274109410762304,46.73782363789924,53.286042459423854,3
scale_default,Epsilon_Greedy,epsilon=0.05,476,50.09169480096832,3.2750561415055994,46.81663865946272,53.36675094247392,3
scale_default,Epsilon_Greedy,epsilon=0.05,477,50.27199179945493,3.3254418637716507,46.94654993568328,53.59743366322658,3
scale_default,Epsilon_Greedy,epsilon=0.05,478,50.63068960127951,3.359441749479287,47.27124785180022,53.990131350758794,3
scale_default,Epsilon_Greedy,epsilon=0.05,479,50.786038578056065,3.4550227015455004,47.33101587651056,54.24106127960157,3
scale_default,Epsilon_Greedy,epsilon=0.05,480,50.894799851350314,3.314448366842254,47.58035148450806,54.20924821819257,3
scale_default,Epsilon_Greedy,epsilon=0.05,481,51.01558690661858,3.2210576541005196,47.79452925251806,54.2366445607191,3
scale_default,Epsilon_Greedy,epsilon=0.05,482,51.14396654461643,3.13681007087852,48.007156473737915,54.28077661549495,3
scale_default,Epsilon_Greedy,epsilon=0.05,483,51.37732434311633,3.150401056048986,48.22692328706734,54.52772539916531,3
scale_default,Epsilon_Greedy,epsilon=0.05,484,51.47349844675688,3.2155797847525487,48.25791866200433,54.68907823150943,3
scale_default,Epsilon_Greedy,epsilon=0.05,485,51.61854530073192,3.029694158956848,48.588851141775066,54.64823945968877,3
scale_default,Epsilon_Greedy,epsilon=0.05,486,51.803923954116264,2.906868183896936,48.897055770219325,54.710792138013204,3
scale_default,Epsilon_Greedy,epsilon=0.05,487,51.95576548291069,2.9691476308116798,48.986617852099016,54.92491311372237,3
scale_default,Epsilon_Greedy,epsilon=0.05,488,52.137321991784596,2.8774960488571097,49.259825942927485,55.01481804064171,3
scale_default,Epsilon_Greedy,epsilon=0.05,489,52.2808657053883,2.9515687463860805,49.32929695900222,55.23243445177438,3
scale_default,Epsilon_Greedy,epsilon=0.05,490,52.461775144501296,2.9584229548600276,49.50335218964127,55.42019809936132,3
scale_default,Epsilon_Greedy,epsilon=0.05,491,52.62704889900815,2.976413760762918,49.650635138245235,55.60346265977107,3
scale_default,Epsilon_Greedy,epsilon=0.05,492,52.937074673084545,2.872822772039731,50.06425190104481,55.80989744512428,3
scale_default,Epsilon_Greedy,epsilon=0.05,493,53.181233085631355,2.839381208051401,50.341851877579955,56.020614293682755,3
scale_default,Epsilon_Greedy,epsilon=0.05,494,53.518539686386696,2.6328582191419425,50.88568146724475,56.15139790552864,3
scale_default,Epsilon_Greedy,epsilon=0.05,495,53.713297006265776,2.5058788706566153,51.20741813560916,56.21917587692239,3
scale_default,Epsilon_Greedy,epsilon=0.05,496,54.02637931528589,2.6789183058080046,51.34746100947788,56.70529762109389,3
scale_default,Epsilon_Greedy,epsilon=0.05,497,54.0844677384384,2.6651787442633204,51.419288994175076,56.74964648270172,3
scale_default,Epsilon_Greedy,epsilon=0.05,498,54.22390299968682,2.55524729856177,51.668655701125054,56.77915029824859,3
scale_default,Epsilon_Greedy,epsilon=0.05,499,54.4048420639049,2.4336522942447094,51.97118976966019,56.83849435814961,3
scale_default,Epsilon_Greedy,epsilon=0.05,500,54.56918303678162,2.3985315031116463,52.17065153366997,56.967714539893265,3
scale_default,Epsilon_Greedy,epsilon=0.05,501,54.84807538487655,2.3779885585884144,52.47008682628814,57.226063943464965,3
scale_default,Epsilon_Greedy,epsilon=0.05,502,55.01851799546862,2.211036037851668,52.80748195761695,57.22955403332029,3
scale_default,Epsilon_Greedy,epsilon=0.05,503,55.17315320145721,2.183625915765291,52.98952728569192,57.3567791172225,3
scale_default,Epsilon_Greedy,epsilon=0.05,504,55.38450275100761,2.163888016949756,53.220614734057854,57.548390767957365,3
scale_default,Epsilon_Greedy,epsilon=0.05,505,55.547306423422036,2.2056253947711033,53.34168102865093,57.75293181819314,3
scale_default,Epsilon_Greedy,epsilon=0.05,506,55.66637447360603,2.171869316452683,53.49450515715334,57.83824379005871,3
scale_default,Epsilon_Greedy,epsilon=0.05,507,55.7170364024744,2.1617198354239564,53.55531656705044,57.87875623789836,3
scale_default,Epsilon_Greedy,epsilon=0.05,508,55.90173593561107,2.2043565810991304,53.69737935451194,58.106092516710206,3
scale_default,Epsilon_Greedy,epsilon=0.05,509,56.03289083351549,2.2135728932345433,53.819317940280946,58.24646372675003,3
scale_default,Epsilon_Greedy,epsilon=0.05,510,56.16574819456389,2.232792282571381,53.93295591199251,58.39854047713527,3
scale_default,Epsilon_Greedy,epsilon=0.05,511,56.241180753887555,2.25285145453723,53.988329299350326,58.494032208424784,3
scale_default,Epsilon_Greedy,epsilon=0.05,512,56.3673489576315,2.2811592193703487,54.08618973826115,58.64850817700185,3
scale_default,Epsilon_Greedy,epsilon=0.05,513,56.45921199714695,2.279329354223967,54.17988264292298,58.73854135137092,3
scale_default,Epsilon_Greedy,epsilon=0.05,514,56.65623507109071,2.2966614726833248,54.35957359840739,58.95289654377404,3
scale_default,Epsilon_Greedy,epsilon=0.05,515,56.93715465946249,2.358434632978026,54.57872002648447,59.29558929244052,3
scale_default,Epsilon_Greedy,epsilon=0.05,516,57.37463044955202,2.6561611491094217,54.7184693004426,60.030791598661445,3
scale_default,Epsilon_Greedy,epsilon=0.05,517,57.63499905811423,2.798272582725067,54.83672647538916,60.4332716408393,3
scale_default,Epsilon_Greedy,epsilon=0.05,518,57.70567221256234,2.7275644298941386,54.978107782668204,60.43323664245648,3
scale_default,Epsilon_Greedy,epsilon=0.05,519,57.86608728673087,2.6148882723387548,55.251199014392114,60.48097555906962,3
scale_default,Epsilon_Greedy,epsilon=0.05,520,58.06955001909703,2.777739452443198,55.29181056665383,60.84728947154023,3
scale_default,Epsilon_Greedy,epsilon=0.05,521,58.165561666695886,2.83192111073345,55.33364055596244,60.99748277742933,3
scale_default,Epsilon_Greedy,epsilon=0.05,522,58.39950063074719,2.943229013372319,55.456271617374874,61.34272964411951,3
scale_default,Epsilon_Greedy,epsilon=0.05,523,58.573688878972455,2.7990204975137614,55.774668381458696,61.37270937648621,3
scale_default,Epsilon_Greedy,epsilon=0.05,524,58.871797963900654,2.762621679721935,56.109176284178716,61.63441964362259,3
scale_default,Epsilon_Greedy,epsilon=0.05,525,59.095014055710834,2.807536597870555,56.28747745784028,61.902550653581386,3
scale_default,Epsilon_Greedy,epsilon=0.05,526,59.30969376626601,2.7558680733362366,56.55382569292977,62.065561839602246,3
scale_default,Epsilon_Greedy,epsilon=0.05,527,59.5085756534531,2.8493300119120506,56.65924564154105,62.35790566536515,3
scale_default,Epsilon_Greedy,epsilon=0.05,528,59.71047062026693,2.913286394981109,56.797184225285825,62.62375701524804,3
scale_default,Epsilon_Greedy,epsilon=0.05,529,59.92654669996339,2.8417151503015443,57.08483154966184,62.768261850264935,3
scale_default,Epsilon_Greedy,epsilon=0.05,530,60.214845183629535,2.861993085348864,57.35285209828067,63.0768382689784,3
scale_default,Epsilon_Greedy,epsilon=0.05,531,60.364033095939,2.8274579027954276,57.53657519314357,63.19149099873443,3
scale_default,Epsilon_Greedy,epsilon=0.05,532,60.62751959071098,2.878249759436721,57.74926983127426,63.5057693501477,3
scale_default,Epsilon_Greedy,epsilon=0.05,533,60.87110447299525,2.979086466260088,57.892018006735164,63.850190939255334,3
scale_default,Epsilon_Greedy,epsilon=0.05,534,61.0219235953806,2.8933903014600304,58.12853329392057,63.91531389684063,3
scale_default,Epsilon_Greedy,epsilon=0.05,535,61.21314682232141,3.028798622268001,58.184348200053414,64.24194544458942,3
scale_default,Epsilon_Greedy,epsilon=0.05,536,61.308700323270216,3.0384728275754997,58.27022749569472,64.34717315084572,3
scale_default,Epsilon_Greedy,epsilon=0.05,537,61.51800403206865,2.985087107677439,58.532916924391216,64.50309113974609,3
scale_default,Epsilon_Greedy,epsilon=0.05,538,61.60789845027498,2.9759292693192387,58.63196918095574,64.58382771959423,3
scale_default,Epsilon_Greedy,epsilon=0.05,539,61.782946174821376,3.025860565077279,58.757085609744095,64.80880673989866,3
scale_default,Epsilon_Greedy,epsilon=0.05,540,61.861053307975766,3.032257404233786,58.82879590374198,64.89331071220955,3
scale_default,Epsilon_Greedy,epsilon=0.05,541,62.045952923974816,2.9669911896100643,59.07896173436475,65.01294411358488,3
scale_default,Epsilon_Greedy,epsilon=0.05,542,62.22615772656991,2.889746339764392,59.336411386805516,65.1159040663343,3
scale_default,Epsilon_Greedy,epsilon=0.05,543,62.3746925178966,2.8889243790352483,59.48576813886135,65.26361689693185,3
scale_default,Epsilon_Greedy,epsilon=0.05,544,62.44911809864917,2.9540018162592308,59.495116282389944,65.4031199149084,3
scale_default,Epsilon_Greedy,epsilon=0.05,545,62.82365738124532,3.1485106678983543,59.67514671334696,65.97216804914368,3
scale_default,Epsilon_Greedy,epsilon=0.05,546,62.93770292337465,3.1721099267797244,59.765592996594926,66.10981285015437,3
scale_default,Epsilon_Greedy,epsilon=0.05,547,63.02909770348143,3.041506350979899,59.98759135250153,66.07060405446133,3
scale_default,Epsilon_Greedy,epsilon=0.05,548,63.22131396121096,3.0118252636456333,60.20948869756533,66.23313922485659,3
scale_default,Epsilon_Greedy,epsilon=0.05,549,63.45781638056491,3.0094404245691084,60.4483759559958,66.46725680513401,3
scale_default,Epsilon_Greedy,epsilon=0.05,550,63.625966024820485,2.799564530331096,60.82640149448939,66.42553055515158,3
scale_default,Epsilon_Greedy,epsilon=0.05,551,63.71655581206485,2.683614301434778,61.03294151063007,66.40017011349963,3
scale_default,Epsilon_Greedy,epsilon=0.05,552,63.85760049709253,2.6996165928230975,61.15798390426943,66.55721708991562,3
scale_default,Epsilon_Greedy,epsilon=0.05,553,63.998832134548046,2.6610412775295273,61.33779085701852,66.65987341207757,3
scale_default,Epsilon_Greedy,epsilon=0.05,554,64.19609209390636,2.7118746264252596,61.4842174674811,66.90796672033161,3
scale_default,Epsilon_Greedy,epsilon=0.05,555,64.36611647463731,2.591768255141224,61.77434821949608,66.95788472977853,3
scale_default,Epsilon_Greedy,epsilon=0.05,556,64.4567030733472,2.51315762099374,61.94354545235346,66.96986069434094,3
scale_default,Epsilon_Greedy,epsilon=0.05,557,64.59923697374371,2.4737275383472945,62.12550943539642,67.072964512091,3
scale_default,Epsilon_Greedy,epsilon=0.05,558,64.7856157869723,2.3702441402334786,62.41537164673882,67.15585992720578,3
scale_default,Epsilon_Greedy,epsilon=0.05,559,64.88297811652939,2.3280390886850606,62.55493902784433,67.21101720521445,3
scale_default,Epsilon_Greedy,epsilon=0.05,560,65.03040641242801,2.2785112715243323,62.75189514090368,67.30891768395234,3
scale_default,Epsilon_Greedy,epsilon=0.05,561,65.18123604494532,2.185574244245569,62.99566180069975,67.3668102891909,3
scale_default,Epsilon_Greedy,epsilon=0.05,562,65.36344779067424,2.214313911953035,63.14913387872121,67.57776170262728,3
scale_default,Epsilon_Greedy,epsilon=0.05,563,65.59865406926187,2.0197514027215995,63.57890266654027,67.61840547198346,3
scale_default,Epsilon_Greedy,epsilon=0.05,564,65.70340642440179,2.00068687569696,63.702719548704835,67.70409330009875,3
scale_default,Epsilon_Greedy,epsilon=0.05,565,65.908198587992,2.103993914112103,63.8042046738799,68.01219250210411,3
scale_default,Epsilon_Greedy,epsilon=0.05,566,66.0145702996126,2.1012998123359266,63.91327048727668,68.11587011194852,3
scale_default,Epsilon_Greedy,epsilon=0.05,567,66.19905250380235,1.9301523100889688,64.26890019371338,68.12920481389132,3
scale_default,Epsilon_Greedy,epsilon=0.05,568,66.29300893410506,1.89903074274413,64.39397819136093,68.19203967684919,3
scale_default,Epsilon_Greedy,epsilon=0.05,569,66.43516350819029,1.9048295237446122,64.53033398444568,68.3399930319349,3
scale_default,Epsilon_Greedy,epsilon=0.05,570,66.56290706846363,1.8340899615699306,64.7288171068937,68.39699703003356,3
scale_default,Epsilon_Greedy,epsilon=0.05,571,66.84362613906053,1.976677734191097,64.86694840486943,68.82030387325163,3
scale_default,Epsilon_Greedy,epsilon=0.05,572,67.09927679767706,2.0831407598853158,65.01613603779175,69.18241755756237,3
scale_default,Epsilon_Greedy,epsilon=0.05,573,67.36201238014398,2.2386464842266887,65.12336589591729,69.60065886437067,3
scale_default,Epsilon_Greedy,epsilon=0.05,574,67.58403027347701,2.2251329914075773,65.35889728206944,69.80916326488459,3
scale_default,Epsilon_Greedy,epsilon=0.05,575,67.75867366470699,2.1441022035879778,65.61457146111901,69.90277586829497,3
scale_default,Epsilon_Greedy,epsilon=0.05,576,68.00596728367957,2.2281281064032408,65.77783917727632,70.23409539008281,3
scale_default,Epsilon_Greedy,epsilon=0.05,577,68.17489664449428,2.181743685040487,65.9931529594538,70.35664032953477,3
scale_default,Epsilon_Greedy,epsilon=0.05,578,68.36669185060522,2.2407897537920283,66.12590209681319,70.60748160439725,3
scale_default,Epsilon_Greedy,epsilon=0.05,579,68.39997205799843,2.2758002821164687,66.12417177588196,70.67577234011489,3
scale_default,Epsilon_Greedy,epsilon=0.05,580,68.55256938323907,2.187172024778347,66.36539735846073,70.73974140801742,3
scale_default,Epsilon_Greedy,epsilon=0.05,581,68.77014678823123,2.2812361213956134,66.48891066683562,71.05138290962684,3
scale_default,Epsilon_Greedy,epsilon=0.05,582,68.9764666918108,2.371617216702753,66.60484947510804,71.34808390851356,3
scale_default,Epsilon_Greedy,epsilon=0.05,583,69.12288156018484,2.362643523535044,66.7602380366498,71.48552508371988,3
scale_default,Epsilon_Greedy,epsilon=0.05,584,69.2888884231457,2.431951875499903,66.8569365476458,71.72084029864561,3
scale_default,Epsilon_Greedy,epsilon=0.05,585,69.36560846921373,2.3664093624917997,66.99919910672193,71.73201783170552,3
scale_default,Epsilon_Greedy,epsilon=0.05,586,69.44565963998274,2.3675304309510463,67.07812920903169,71.81319007093379,3
scale_default,Epsilon_Greedy,epsilon=0.05,587,69.61315314686462,2.3087840534800406,67.30436909338458,71.92193720034466,3
scale_default,Epsilon_Greedy,epsilon=0.05,588,69.73006170853137,2.313659183359286,67.41640252517207,72.04372089189066,3
scale_default,Epsilon_Greedy,epsilon=0.05,589,69.90332785218993,2.4353798546242627,67.46794799756567,72.33870770681419,3
scale_default,Epsilon_Greedy,epsilon=0.05,590,70.11608323755756,2.5344875264558033,67.58159571110176,72.65057076401337,3
scale_default,Epsilon_Greedy,epsilon=0.05,591,70.34539926365913,2.496447650675258,67.84895161298387,72.8418469143344,3
scale_default,Epsilon_Greedy,epsilon=0.05,592,70.46966164404603,2.470779669551886,67.99888197449414,72.94044131359792,3
scale_default,Epsilon_Greedy,epsilon=0.05,593,70.65595455650822,2.412366173059499,68.24358838344872,73.06832072956772,3
scale_default,Epsilon_Greedy,epsilon=0.05,594,70.83606987916481,2.473068229061848,68.36300165010296,73.30913810822666,3
scale_default,Epsilon_Greedy,epsilon=0.05,595,70.86258565952335,2.4319830152357813,68.43060264428756,73.29456867475913,3
scale_default,Epsilon_Greedy,epsilon=0.05,596,71.10076786709486,2.527240925493193,68.57352694160167,73.62800879258805,3
scale_default,Epsilon_Greedy,epsilon=0.05,597,71.26065936719925,2.5036996201467794,68.75695974705248,73.76435898734603,3
scale_default,Epsilon_Greedy,epsilon=0.05,598,71.36999114777353,2.549414413932696,68.82057673384084,73.91940556170623,3
scale_default,Epsilon_Greedy,epsilon=0.05,599,71.60670994083114,2.530250973173812,69.07645896765733,74.13696091400494,3
scale_default,Epsilon_Greedy,epsilon=0.1,0,0.1457836840556942,0.01916275432200625,0.12662092973368794,0.16494643837770046,3
scale_default,Epsilon_Greedy,epsilon=0.1,1,0.2642013887463431,0.014728753002543124,0.24947263574379996,0.2789301417488862,3
scale_default,Epsilon_Greedy,epsilon=0.1,2,0.44011867337749017,0.04419279997122946,0.39592587340626073,0.4843114733487196,3
scale_default,Epsilon_Greedy,epsilon=0.1,3,0.5451507093143763,0.02479556963014512,0.5203551396842312,0.5699462789445213,3
scale_default,Epsilon_Greedy,epsilon=0.1,4,0.6809569871331247,0.07760541456626163,0.603351572566863,0.7585624016993864,3
scale_default,Epsilon_Greedy,epsilon=0.1,5,0.810205866222487,0.07335030343871694,0.7368555627837701,0.883556169661204,3
scale_default,Epsilon_Greedy,epsilon=0.1,6,0.9066120512909627,0.06145352047479069,0.845158530816172,0.9680655717657534,3
scale_default,Epsilon_Greedy,epsilon=0.1,7,0.9710015854782065,0.09702967585167385,0.8739719096265326,1.0680312613298804,3
scale_default,Epsilon_Greedy,epsilon=0.1,8,1.0278338385130772,0.13930934709385911,0.8885244914192181,1.1671431856069363,3
scale_default,Epsilon_Greedy,epsilon=0.1,9,1.08143427765195,0.17836105840954738,0.9030732192424027,1.2597953360614975,3
scale_default,Epsilon_Greedy,epsilon=0.1,10,1.1555810448001895,0.2831736030462772,0.8724074417539123,1.4387546478464668,3
scale_default,Epsilon_Greedy,epsilon=0.1,11,1.1891476005917907,0.3352069545835527,0.8539406460082379,1.5243545551753435,3
scale_default,Epsilon_Greedy,epsilon=0.1,12,1.2595667745827657,0.3849702218817889,0.8745965527009767,1.6445369964645546,3
scale_default,Epsilon_Greedy,epsilon=0.1,13,1.33213003299391,0.47976011130077506,0.8523699216931351,1.811890144294685,3
scale_default,Epsilon_Greedy,epsilon=0.1,14,1.3649904855354038,0.5227333000868178,0.842257185448586,1.8877237856222218,3
scale_default,Epsilon_Greedy,epsilon=0.1,15,1.407639891832429,0.5840077162266788,0.8236321756057503,1.991647608059108,3
scale_default,Epsilon_Greedy,epsilon=0.1,16,1.4381993981264187,0.626128472438396,0.8120709256880227,2.0643278705648145,3
scale_default,Epsilon_Greedy,epsilon=0.1,17,1.494686872091445,0.7107197744043559,0.7839670976870892,2.205406646495801,3
scale_default,Epsilon_Greedy,epsilon=0.1,18,1.5137542865095777,0.7364591596094233,0.7772951269001543,2.250213446119001,3
scale_default,Epsilon_Greedy,epsilon=0.1,19,1.5177630482524087,0.7377641694459157,0.779998878806493,2.2555272176983245,3
scale_default,Epsilon_Greedy,epsilon=0.1,20,1.5301980220815308,0.7436975933635289,0.7865004287180019,2.27389561544506,3
scale_default,Epsilon_Greedy,epsilon=0.1,21,1.5337829895180208,0.74514668455391,0.7886363049641109,2.278929674071931,3
scale_default,Epsilon_Greedy,epsilon=0.1,22,1.5352543396872733,0.7462538556322216,0.7890004840550517,2.281508195319495,3
scale_default,Epsilon_Greedy,epsilon=0.1,23,1.5477412996726747,0.7424398575884638,0.805301442084211,2.2901811572611384,3
scale_default,Epsilon_Greedy,epsilon=0.1,24,1.5576313140605962,0.741514100256466,0.8161172138041302,2.299145414317062,3
scale_default,Epsilon_Greedy,epsilon=0.1,25,1.5741738547448427,0.7582944145430189,0.8158794402018238,2.3324682692878618,3
scale_default,Epsilon_Greedy,epsilon=0.1,26,1.5813586954707919,0.7600041535082319,0.82135454196256,2.3413628489790237,3
scale_default,Epsilon_Greedy,epsilon=0.1,27,1.5871756017558019,0.765770473323744,0.8214051284320578,2.352946075079546,3
scale_default,Epsilon_Greedy,epsilon=0.1,28,1.5945239294747333,0.7638485093565576,0.8306754201181757,2.358372438831291,3
scale_default,Epsilon_Greedy,epsilon=0.1,29,1.5980772527229268,0.7601601975899028,0.837917055133024,2.3582374503128296,3
scale_default,Epsilon_Greedy,epsilon=0.1,30,1.602879299308294,0.760780897684521,0.8420984016237731,2.3636601969928153,3
scale_default,Epsilon_Greedy,epsilon=0.1,31,1.6095954798705359,0.7616853337195404,0.8479101461509955,2.3712808135900763,3
scale_default,Epsilon_Greedy,epsilon=0.1,32,1.6151207596870412,0.7629625883989481,0.852158171288093,2.3780833480859895,3
scale_default,Epsilon_Greedy,epsilon=0.1,33,1.6209299683307188,0.7707321415888588,0.85019782674186,2.3916621099195776,3
scale_default,Epsilon_Greedy,epsilon=0.1,34,1.6322478928260054,0.7769162841290617,0.8553316086969437,2.409164176955067,3
scale_default,Epsilon_Greedy,epsilon=0.1,35,1.6379366544420544,0.780093864755761,0.8578427896862933,2.4180305191978153,3
scale_default,Epsilon_Greedy,epsilon=0.1,36,1.6494027082878302,0.7982131698282788,0.8511895384595514,2.447615878116109,3
scale_default,Epsilon_Greedy,epsilon=0.1,37,1.6544858688463444,0.7964657586652758,0.8580201101810686,2.4509516275116203,3
scale_default,Epsilon_Greedy,epsilon=0.1,38,1.669236561803188,0.8114261969796275,0.8578103648235604,2.4806627587828154,3
scale_default,Epsilon_Greedy,epsilon=0.1,39,1.6802399615788117,0.8114791575852115,0.8687608039936002,2.4917191191640233,3
scale_default,Epsilon_Greedy,epsilon=0.1,40,1.6892290851903973,0.8128021816156481,0.8764269035747492,2.5020312668060454,3
scale_default,Epsilon_Greedy,epsilon=0.1,41,1.6952690556592909,0.8181268161660021,0.8771422394932887,2.513395871825293,3
scale_default,Epsilon_Greedy,epsilon=0.1,42,1.7055496911398047,0.8227312791924432,0.8828184119473615,2.528280970332248,3
scale_default,Epsilon_Greedy,epsilon=0.1,43,1.7166640073140933,0.8242458179983688,0.8924181893157245,2.540909825312462,3
scale_default,Epsilon_Greedy,epsilon=0.1,44,1.7233463534617313,0.8330471779657849,0.8902991754959464,2.556393531427516,3
scale_default,Epsilon_Greedy,epsilon=0.1,45,1.7407020592291094,0.8344770912333475,0.9062249679957619,2.575179150462457,3
scale_default,Epsilon_Greedy,epsilon=0.1,46,1.742590896777233,0.834797313449543,0.90779358332769,2.577388210226776,3
scale_default,Epsilon_Greedy,epsilon=0.1,47,1.7486653998013255,0.8356235155999404,0.9130418842013851,2.584288915401266,3
scale_default,Epsilon_Greedy,epsilon=0.1,48,1.7556310833507027,0.831866035035261,0.9237650483154417,2.5874971183859636,3
scale_default,Epsilon_Greedy,epsilon=0.1,49,1.7823117752839719,0.8563474403205095,0.9259643349634624,2.6386592156044815,3
scale_default,Epsilon_Greedy,epsilon=0.1,50,1.7996723418274616,0.8481286601838386,0.951543681643623,2.6478010020113003,3
scale_default,Epsilon_Greedy,epsilon=0.1,51,1.8013551525180314,0.84944399010149,0.9519111624165414,2.650799142619521,3
scale_default,Epsilon_Greedy,epsilon=0.1,52,1.8102418128660023,0.8491951426519091,0.9610466702140932,2.6594369555179114,3
scale_default,Epsilon_Greedy,epsilon=0.1,53,1.8167603601047169,0.8484912872060156,0.9682690728987012,2.6652516473107326,3
scale_default,Epsilon_Greedy,epsilon=0.1,54,1.8259476847393714,0.8470176394449997,0.9789300452943717,2.6729653241843714,3
scale_default,Epsilon_Greedy,epsilon=0.1,55,1.8351769992952718,0.8385651757308568,0.996611823564415,2.6737421750261285,3
scale_default,Epsilon_Greedy,epsilon=0.1,56,1.842873246806332,0.8402449696298898,1.0026282771764423,2.6831182164362217,3
scale_default,Epsilon_Greedy,epsilon=0.1,57,1.8538150873477877,0.8363291258991753,1.0174859614486125,2.690144213246963,3
scale_default,Epsilon_Greedy,epsilon=0.1,58,1.8659055945574845,0.8421209139434588,1.0237846806140256,2.7080265085009434,3
scale_default,Epsilon_Greedy,epsilon=0.1,59,1.8781904267571174,0.8384704678073176,1.0397199589497998,2.716660894564435,3
scale_default,Epsilon_Greedy,epsilon=0.1,60,1.8872743051400098,0.8312323944642328,1.056041910675777,2.7185066996042426,3
scale_default,Epsilon_Greedy,epsilon=0.1,61,1.893337027650776,0.8304758326932967,1.0628611949574793,2.7238128603440726,3
scale_default,Epsilon_Greedy,epsilon=0.1,62,1.8990171554106483,0.82761891911941,1.0713982362912384,2.726636074530058,3
scale_default,Epsilon_Greedy,epsilon=0.1,63,1.904049535634636,0.8233535461162684,1.0806959895183677,2.7274030817509045,3
scale_default,Epsilon_Greedy,epsilon=0.1,64,1.9067142291455166,0.8210002119681316,1.0857140171773851,2.727714441113648,3
scale_default,Epsilon_Greedy,epsilon=0.1,65,1.9146701179048924,0.8256161969113949,1.0890539209934975,2.740286314816287,3
scale_default,Epsilon_Greedy,epsilon=0.1,66,1.9318095465808411,0.850488002115154,1.0813215444656872,2.782297548695995,3
scale_default,Epsilon_Greedy,epsilon=0.1,67,1.93584325653429,0.8507148416095744,1.0851284149247156,2.7865580981438645,3
scale_default,Epsilon_Greedy,epsilon=0.1,68,1.9412986981788203,0.8576842949093386,1.0836144032694817,2.798982993088159,3
scale_default,Epsilon_Greedy,epsilon=0.1,69,1.945009880489421,0.8592287813080968,1.0857810991813241,2.804238661797518,3
scale_default,Epsilon_Greedy,epsilon=0.1,70,1.9551974086206203,0.8525124165830643,1.102684992037556,2.8077098252036845,3
scale_default,Epsilon_Greedy,epsilon=0.1,71,1.962048696996278,0.8545771157728784,1.1074715812233995,2.8166258127691566,3
scale_default,Epsilon_Greedy,epsilon=0.1,72,1.9747364809040955,0.8567069233813739,1.1180295575227217,2.8314434042854693,3
scale_default,Epsilon_Greedy,epsilon=0.1,73,1.987488827275578,0.8694802657524896,1.1180085615230884,2.8569690930280673,3
scale_default,Epsilon_Greedy,epsilon=0.1,74,1.9907863243874253,0.8687578866577429,1.1220284377296825,2.859544211045168,3
scale_default,Epsilon_Greedy,epsilon=0.1,75,2.0030063859223644,0.8617615652386283,1.141244820683736,2.8647679511609927,3
scale_default,Epsilon_Greedy,epsilon=0.1,76,2.014168443318845,0.8710438242527975,1.1431246190660476,2.8852122675716423,3
scale_default,Epsilon_Greedy,epsilon=0.1,77,2.0201135521738904,0.8714207672608445,1.148692784913046,2.8915343194347347,3
scale_default,Epsilon_Greedy,epsilon=0.1,78,2.0896637679460976,0.8990985232968924,1.1905652446492052,2.98876229124299,3
scale_default,Epsilon_Greedy,epsilon=0.1,79,2.0933209954207808,0.9005827679259812,1.1927382274947995,2.9939037633467622,3
scale_default,Epsilon_Greedy,epsilon=0.1,80,2.098713368763413,0.8987578556469134,1.1999555131164998,2.9974712244103268,3
scale_default,Epsilon_Greedy,epsilon=0.1,81,2.107793948734099,0.8966674988893635,1.2111264498447354,3.0044614476234623,3
scale_default,Epsilon_Greedy,epsilon=0.1,82,2.1104186242482577,0.8985657766535666,1.211852847594691,3.0089844009018245,3
scale_default,Epsilon_Greedy,epsilon=0.1,83,2.1251542771523213,0.9055413221263173,1.219612955026004,3.030695599278639,3
scale_default,Epsilon_Greedy,epsilon=0.1,84,2.13794832257425,0.8973821259271778,1.2405661966470722,3.035330448501428,3
scale_default,Epsilon_Greedy,epsilon=0.1,85,2.143437069678568,0.9053800248504243,1.2380570448281434,3.0488170945289923,3
scale_default,Epsilon_Greedy,epsilon=0.1,86,2.146121290633456,0.9054182919036173,1.2407029987298386,3.0515395825370732,3
scale_default,Epsilon_Greedy,epsilon=0.1,87,2.152189607986481,0.9119600014235663,1.2402296065629148,3.0641496094100473,3
scale_default,Epsilon_Greedy,epsilon=0.1,88,2.1673861582061087,0.9215511322254663,1.2458350259806426,3.088937290431575,3
scale_default,Epsilon_Greedy,epsilon=0.1,89,2.1719841169113105,0.9205299954863411,1.2514541214249695,3.0925141123976516,3
scale_default,Epsilon_Greedy,epsilon=0.1,90,2.1842136362310574,0.9213450688703325,1.2628685673607247,3.10555870510139,3
scale_default,Epsilon_Greedy,epsilon=0.1,91,2.18979389911971,0.9158367324352429,1.2739571666844673,3.105630631554953,3
scale_default,Epsilon_Greedy,epsilon=0.1,92,2.199028616197558,0.915840940234925,1.283187675962633,3.114869556432483,3
scale_default,Epsilon_Greedy,epsilon=0.1,93,2.205243909355103,0.921226748865181,1.2840171604899222,3.126470658220284,3
scale_default,Epsilon_Greedy,epsilon=0.1,94,2.21366180187604,0.9339131764901744,1.2797486253858654,3.1475749783662144,3
scale_default,Epsilon_Greedy,epsilon=0.1,95,2.2285292085044817,0.9399168637821015,1.28861234472238,3.1684460722865833,3
scale_default,Epsilon_Greedy,epsilon=0.1,96,2.2328546370876268,0.9414343814839066,1.2914202556037202,3.1742890185715336,3
scale_default,Epsilon_Greedy,epsilon=0.1,97,2.253144261498264,0.9243126664781994,1.3288315950200649,3.1774569279764635,3
scale_default,Epsilon_Greedy,epsilon=0.1,98,2.2688877234758777,0.9399266932421673,1.3289610302337105,3.2088144167180452,3
scale_default,Epsilon_Greedy,epsilon=0.1,99,2.284563383337623,0.94865773726118,1.335905646076443,3.233221120598803,3
scale_default,Epsilon_Greedy,epsilon=0.1,100,2.2938716598508804,0.9614949708818296,1.3323766889690507,3.25536663073271,3
scale_default,Epsilon_Greedy,epsilon=0.1,101,2.3007123534311904,0.9540305077021131,1.3466818457290772,3.2547428611333036,3
scale_default,Epsilon_Greedy,epsilon=0.1,102,2.3157708602527327,0.9608699747087548,1.354900885543978,3.2766408349614875,3
scale_default,Epsilon_Greedy,epsilon=0.1,103,2.328122608230101,0.9679328150691237,1.3601897931609774,3.2960554232992245,3
scale_default,Epsilon_Greedy,epsilon=0.1,104,2.3508561272443385,0.9917530995604849,1.3591030276838536,3.3426092268048233,3
scale_default,Epsilon_Greedy,epsilon=0.1,105,2.3620796021799055,0.9948009336691644,1.3672786685107412,3.35688053584907,3
scale_default,Epsilon_Greedy,epsilon=0.1,106,2.372478537073974,1.0057034532524058,1.366775083821568,3.3781819903263797,3
scale_default,Epsilon_Greedy,epsilon=0.1,107,2.3770389043925184,1.0112450741171437,1.3657938302753747,3.388283978509662,3
scale_default,Epsilon_Greedy,epsilon=0.1,108,2.3876759082515946,1.0150503061020537,1.3726256021495409,3.402726214353648,3
scale_default,Epsilon_Greedy,epsilon=0.1,109,2.3986499214592722,1.0226911832343004,1.3759587382249718,3.421341104693573,3
scale_default,Epsilon_Greedy,epsilon=0.1,110,2.4147916542558954,1.0267803127951904,1.388011341460705,3.441571967051086,3
scale_default,Epsilon_Greedy,epsilon=0.1,111,2.44525381317995,1.0249365450425991,1.420317268137351,3.470190358222549,3
scale_default,Epsilon_Greedy,epsilon=0.1,112,2.453226873827227,1.0263143571937885,1.4269125166334384,3.4795412310210154,3
scale_default,Epsilon_Greedy,epsilon=0.1,113,2.458773566486386,1.0230237342511492,1.435749832235237,3.4817973007375356,3
scale_default,Epsilon_Greedy,epsilon=0.1,114,2.4689334204042166,1.0195054392610388,1.4494279811431778,3.4884388596652554,3
scale_default,Epsilon_Greedy,epsilon=0.1,115,2.4754916124553006,1.0160195734943656,1.459472038960935,3.4915111859496664,3
scale_default,Epsilon_Greedy,epsilon=0.1,116,2.478285877322112,1.0131725096017414,1.4651133677203705,3.4914583869238536,3
scale_default,Epsilon_Greedy,epsilon=0.1,117,2.4858608198317347,1.0126864170565273,1.4731744027752074,3.498547236888262,3
scale_default,Epsilon_Greedy,epsilon=0.1,118,2.4880587007687094,1.0100216994578295,1.47803700131088,3.498080400226539,3
scale_default,Epsilon_Greedy,epsilon=0.1,119,2.4912785552451586,1.0127498067007916,1.478528748544367,3.5040283619459505,3
scale_default,Epsilon_Greedy,epsilon=0.1,120,2.5017517545401415,1.0168214868125134,1.4849302677276282,3.518573241352655,3
scale_default,Epsilon_Greedy,epsilon=0.1,121,2.5170306424599413,1.037493581592777,1.4795370608671643,3.5545242240527184,3
scale_default,Epsilon_Greedy,epsilon=0.1,122,2.5232607571147194,1.0383261488715625,1.484934608243157,3.5615869059862817,3
scale_default,Epsilon_Greedy,epsilon=0.1,123,2.5366474036712945,1.0309094860548227,1.5057379176164718,3.5675568897261174,3
scale_default,Epsilon_Greedy,epsilon=0.1,124,2.541328628434998,1.0293439406087352,1.5119846878262626,3.570672569043733,3
scale_default,Epsilon_Greedy,epsilon=0.1,125,2.5550255702538975,1.0218870348054008,1.5331385354484968,3.5769126050592983,3
scale_default,Epsilon_Greedy,epsilon=0.1,126,2.5614819640109885,1.0301401280479412,1.5313418359630473,3.5916220920589295,3
scale_default,Epsilon_Greedy,epsilon=0.1,127,2.58513673257197,1.011362304285984,1.573774428285986,3.596499036857954,3
scale_default,Epsilon_Greedy,epsilon=0.1,128,2.6250822353010457,0.9619046580961875,1.6631775772048583,3.586986893397233,3
scale_default,Epsilon_Greedy,epsilon=0.1,129,2.626756371625861,0.9626628928525116,1.6640934787733495,3.589419264478373,3
scale_default,Epsilon_Greedy,epsilon=0.1,130,2.6343966971557364,0.957042285813149,1.6773544113425873,3.5914389829688855,3
scale_default,Epsilon_Greedy,epsilon=0.1,131,2.634654913098963,0.9568356448367925,1.6778192682621704,3.5914905579357557,3
scale_default,Epsilon_Greedy,epsilon=0.1,132,2.636249482994226,0.9557769153103391,1.6804725676838865,3.592026398304565,3
scale_default,Epsilon_Greedy,epsilon=0.1,133,2.6378752172061226,0.9551908733814746,1.682684343824648,3.5930660905875973,3
scale_default,Epsilon_Greedy,epsilon=0.1,134,2.6414926117674424,0.9539154138156944,1.687577197951748,3.595408025583137,3
scale_default,Epsilon_Greedy,epsilon=0.1,135,2.693103710748281,0.9940938603996617,1.6990098503486193,3.6871975711479426,3
scale_default,Epsilon_Greedy,epsilon=0.1,136,2.6965735605597967,0.9986415930519358,1.697931967507861,3.6952151536117324,3
scale_default,Epsilon_Greedy,epsilon=0.1,137,2.7019187763462607,0.9996123945350438,1.702306381811217,3.7015311708813043,3
scale_default,Epsilon_Greedy,epsilon=0.1,138,2.7227648974853693,0.9902574387252251,1.7325074587601441,3.7130223362105945,3
scale_default,Epsilon_Greedy,epsilon=0.1,139,2.732040722169824,0.9906139707170003,1.7414267514528237,3.7226546928868243,3
scale_default,Epsilon_Greedy,epsilon=0.1,140,2.736717010861581,0.9936652900930405,1.7430517207685405,3.7303823009546218,3
scale_default,Epsilon_Greedy,epsilon=0.1,141,2.7432096815267353,0.9931063430070112,1.750103338519724,3.7363160245337466,3
scale_default,Epsilon_Greedy,epsilon=0.1,142,2.748005833893574,1.0007279554711939,1.74727787842238,3.748733789364768,3
scale_default,Epsilon_Greedy,epsilon=0.1,143,2.750594799655566,0.9999935302775619,1.7506012693780044,3.750588329933128,3
scale_default,Epsilon_Greedy,epsilon=0.1,144,2.7588414311971263,1.0014550833960587,1.7573863478010676,3.7602965145931853,3
scale_default,Epsilon_Greedy,epsilon=0.1,145,2.7684491307855468,0.9995318174464303,1.7689173133391165,3.767980948231977,3
scale_default,Epsilon_Greedy,epsilon=0.1,146,2.776757939162478,1.0039259136298921,1.7728320255325858,3.78068385279237,3
scale_default,Epsilon_Greedy,epsilon=0.1,147,2.7868337287516596,1.0044446748612426,1.782389053890417,3.7912784036129024,3
scale_default,Epsilon_Greedy,epsilon=0.1,148,2.832215789673017,1.0676540938487276,1.7645616958242893,3.8998698835217445,3
scale_default,Epsilon_Greedy,epsilon=0.1,149,2.8562846849033243,1.0429570275793727,1.8133276573239516,3.899241712482697,3
scale_default,Epsilon_Greedy,epsilon=0.1,150,2.8629236054322345,1.0420654882549318,1.8208581171773026,3.904989093687166,3
scale_default,Epsilon_Greedy,epsilon=0.1,151,2.8749809567548303,1.0539337927262835,1.8210471640285468,3.928914749481114,3
scale_default,Epsilon_Greedy,epsilon=0.1,152,2.8821432518688823,1.0492163648681494,1.832926887000733,3.9313596167370317,3
scale_default,Epsilon_Greedy,epsilon=0.1,153,2.8913844001041524,1.051882614360809,1.8395017857433433,3.9432670144649613,3
scale_default,Epsilon_Greedy,epsilon=0.1,154,2.9029467036058154,1.0448741735411837,1.8580725300646317,3.947820877146999,3
scale_default,Epsilon_Greedy,epsilon=0.1,155,2.909974139219099,1.0490635424381443,1.8609105967809547,3.959037681657243,3
scale_default,Epsilon_Greedy,epsilon=0.1,156,2.913744823804698,1.0499483002061263,1.8637965235985718,3.9636931240108244,3
scale_default,Epsilon_Greedy,epsilon=0.1,157,2.9157080584449115,1.049310336612401,1.8663977218325105,3.965018395057313,3
scale_default,Epsilon_Greedy,epsilon=0.1,158,2.9207911990590962,1.0439586583593055,1.8768325406997908,3.9647498574184015,3
scale_default,Epsilon_Greedy,epsilon=0.1,159,2.9233938145594682,1.0429506754156674,1.8804431391438008,3.9663444899751354,3
scale_default,Epsilon_Greedy,epsilon=0.1,160,2.926838093358748,1.0397050268024797,1.8871330665562682,3.9665431201612273,3
scale_default,Epsilon_Greedy,epsilon=0.1,161,2.9319196144514206,1.0421311817049501,1.8897884327464705,3.9740507961563707,3
scale_default,Epsilon_Greedy,epsilon=0.1,162,2.944042270510279,1.0389235286598246,1.9051187418504545,3.9829657991701035,3
scale_default,Epsilon_Greedy,epsilon=0.1,163,2.949504807082187,1.0378493210322743,1.9116554860499126,3.987354128114461,3
scale_default,Epsilon_Greedy,epsilon=0.1,164,2.9532947594965044,1.0366096669242035,1.916685092572301,3.9899044264207078,3
scale_default,Epsilon_Greedy,epsilon=0.1,165,2.955565919386485,1.035470713045905,1.92009520634058,3.9910366324323903,3
scale_default,Epsilon_Greedy,epsilon=0.1,166,2.96701460577347,1.0351399092527998,1.9318746965206701,4.00215451502627,3
scale_default,Epsilon_Greedy,epsilon=0.1,167,2.9705570285757896,1.0340962365745971,1.9364607920011925,4.004653265150386,3
scale_default,Epsilon_Greedy,epsilon=0.1,168,2.976608270490352,1.0370078649296701,1.939600405560682,4.013616135420023,3
scale_default,Epsilon_Greedy,epsilon=0.1,169,2.9805814021207433,1.0381741829705589,1.9424072191501844,4.018755585091302,3
scale_default,Epsilon_Greedy,epsilon=0.1,170,2.9840365903751676,1.0417100661155623,1.9423265242596053,4.02574665649073,3
scale_default,Epsilon_Greedy,epsilon=0.1,171,2.9939222179409586,1.0337745394885542,1.9601476784524043,4.027696757429513,3
scale_default,Epsilon_Greedy,epsilon=0.1,172,3.0045269767818827,1.0375403023611418,1.966986674420741,4.0420672791430245,3
scale_default,Epsilon_Greedy,epsilon=0.1,173,3.0101105502235925,1.0402118016833108,1.9698987485402817,4.050322351906903,3
scale_default,Epsilon_Greedy,epsilon=0.1,174,3.067198098482841,0.9865907260061165,2.0806073724767242,4.053788824488957,3
scale_default,Epsilon_Greedy,epsilon=0.1,175,3.070576322375151,0.991938518062683,2.078637804312468,4.062514840437834,3
scale_default,Epsilon_Greedy,epsilon=0.1,176,3.084540263867934,1.0022619881958272,2.0822782756721065,4.086802252063761,3
scale_default,Epsilon_Greedy,epsilon=0.1,177,3.0948561644778536,0.9935595315178518,2.101296632960002,4.088415695995705,3
scale_default,Epsilon_Greedy,epsilon=0.1,178,3.1009949845390854,0.9914645913015331,2.109530393237552,4.092459575840619,3
scale_default,Epsilon_Greedy,epsilon=0.1,179,3.1084758875922063,0.9894630725184881,2.1190128150737184,4.097938960110694,3
scale_default,Epsilon_Greedy,epsilon=0.1,180,3.1166747605819776,0.9911234254339241,2.1255513351480535,4.107798186015902,3
scale_default,Epsilon_Greedy,epsilon=0.1,181,3.1186047640457555,0.9904614334202299,2.1281433306255257,4.109066197465985,3
scale_default,Epsilon_Greedy,epsilon=0.1,182,3.11932817246683,0.9902394935784807,2.1290886788883494,4.109567666045311,3
scale_default,Epsilon_Greedy,epsilon=0.1,183,3.1273692637290242,0.9885630552871142,2.13880620844191,4.115932319016139,3
scale_default,Epsilon_Greedy,epsilon=0.1,184,3.1305692347810896,0.9882536408678464,2.142315593913243,4.118822875648936,3
scale_default,Epsilon_Greedy,epsilon=0.1,185,3.13667094061984,0.9906106059982315,2.1460603346216085,4.127281546618072,3
scale_default,Epsilon_Greedy,epsilon=0.1,186,3.1428187788311006,0.9917126052211033,2.1511061736099975,4.134531384052204,3
scale_default,Epsilon_Greedy,epsilon=0.1,187,3.1472970969861596,0.989845407398209,2.1574516895879503,4.137142504384369,3
scale_default,Epsilon_Greedy,epsilon=0.1,188,3.1600464315245347,0.9882115467020302,2.1718348848225046,4.148257978226565,3
scale_default,Epsilon_Greedy,epsilon=0.1,189,3.1647187425923864,0.9858474619018124,2.178871280690574,4.150566204494199,3
scale_default,Epsilon_Greedy,epsilon=0.1,190,3.1671084700290346,0.9878775068599777,2.179230963169057,4.154985976889012,3
scale_default,Epsilon_Greedy,epsilon=0.1,191,3.205652610235966,0.981086016377182,2.2245665938587837,4.186738626613148,3
scale_default,Epsilon_Greedy,epsilon=0.1,192,3.2107531166557366,0.9821449203474721,2.2286081963082642,4.192898037003209,3
scale_default,Epsilon_Greedy,epsilon=0.1,193,3.213140156658662,0.9840278782276174,2.2291122784310446,4.197168034886279,3
scale_default,Epsilon_Greedy,epsilon=0.1,194,3.2152817572367174,0.9828281990072792,2.2324535582294383,4.1981099562439965,3
scale_default,Epsilon_Greedy,epsilon=0.1,195,3.223110137475523,0.9789482909818094,2.244161846493714,4.202058428457333,3
scale_default,Epsilon_Greedy,epsilon=0.1,196,3.2329969791279862,0.975760901488532,2.257236077639454,4.208757880616519,3
scale_default,Epsilon_Greedy,epsilon=0.1,197,3.242104989444625,0.9707010246642204,2.2714039647804047,4.212806014108845,3
scale_default,Epsilon_Greedy,epsilon=0.1,198,3.2524475455279034,0.9772904914982754,2.275157054029628,4.229738037026179,3
scale_default,Epsilon_Greedy,epsilon=0.1,199,3.265856396731948,0.9802102419230643,2.285646154808884,4.246066638655012,3
scale_default,Epsilon_Greedy,epsilon=0.1,200,3.518941842991456,1.0182363468039486,2.5007054961875075,4.537178189795405,3
scale_default,Epsilon_Greedy,epsilon=0.1,201,3.7103435125678756,0.9315344301414451,2.7788090824264304,4.64187794270932,3
scale_default,Epsilon_Greedy,epsilon=0.1,202,4.050906844420702,0.8614904855554091,3.1894163588652926,4.912397329976111,3
scale_default,Epsilon_Greedy,epsilon=0.1,203,4.203384234322885,0.9847975808297986,3.2185866534930865,5.188181815152684,3
scale_default,Epsilon_Greedy,epsilon=0.1,204,4.365369254386949,0.9739032484757612,3.391466005911188,5.33927250286271,3
scale_default,Epsilon_Greedy,epsilon=0.1,205,4.4391945890014535,1.0529271112445417,3.3862674777569115,5.492121700245995,3
scale_default,Epsilon_Greedy,epsilon=0.1,206,4.679460622123561,1.004773246596934,3.674687375526627,5.684233868720495,3
scale_default,Epsilon_Greedy,epsilon=0.1,207,4.878950664873167,0.9314445718525974,3.9475060930205697,5.810395236725764,3
scale_default,Epsilon_Greedy,epsilon=0.1,208,4.9793271730649815,0.8886517876135468,4.090675385451434,5.867978960678529,3
scale_default,Epsilon_Greedy,epsilon=0.1,209,5.284881270115156,0.7358704927172687,4.549010777397887,6.020751762832425,3
scale_default,Epsilon_Greedy,epsilon=0.1,210,5.408367636900834,0.8254230501114673,4.582944586789367,6.233790687012302,3
scale_default,Epsilon_Greedy,epsilon=0.1,211,5.689721101651849,0.8131469904202319,4.876574111231617,6.502868092072081,3
scale_default,Epsilon_Greedy,epsilon=0.1,212,5.8756418688883825,0.9312149079321447,4.944426960956238,6.806856776820527,3
scale_default,Epsilon_Greedy,epsilon=0.1,213,5.9560255106722835,0.9164545415479417,5.039570969124342,6.872480052220225,3
scale_default,Epsilon_Greedy,epsilon=0.1,214,5.9715823050002586,0.9071526440047458,5.064429660995513,6.878734949005004,3
scale_default,Epsilon_Greedy,epsilon=0.1,215,6.124908403553036,0.9144774116158215,5.210430991937215,7.039385815168857,3
scale_default,Epsilon_Greedy,epsilon=0.1,216,6.458069662661191,1.0299079549710741,5.4281617076901165,7.487977617632265,3
scale_default,Epsilon_Greedy,epsilon=0.1,217,6.7388072696623995,1.0107502894571305,5.7280569802052685,7.7495575591195305,3
scale_default,Epsilon_Greedy,epsilon=0.1,218,6.843851383488073,1.056755320127868,5.787096063360205,7.900606703615941,3
scale_default,Epsilon_Greedy,epsilon=0.1,219,6.992661921288351,1.0815082530350055,5.911153668253346,8.074170174323356,3
scale_default,Epsilon_Greedy,epsilon=0.1,220,7.078388739057961,1.0418727751350583,6.036515963922903,8.12026151419302,3
scale_default,Epsilon_Greedy,epsilon=0.1,221,7.252978370999944,0.974163609179351,6.278814761820593,8.227141980179296,3
scale_default,Epsilon_Greedy,epsilon=0.1,222,7.3629208911532125,0.9402096873284783,6.4227112038247345,8.30313057848169,3
scale_default,Epsilon_Greedy,epsilon=0.1,223,7.538317961112253,0.9452661380075095,6.5930518231047435,8.483584099119762,3
scale_default,Epsilon_Greedy,epsilon=0.1,224,7.690191285790626,1.0118120786609865,6.678379207129639,8.702003364451613,3
scale_default,Epsilon_Greedy,epsilon=0.1,225,7.991474881119392,1.2710121059219666,6.720462775197426,9.262486987041358,3
scale_default,Epsilon_Greedy,epsilon=0.1,226,8.100100346549187,1.2620738890302237,6.838026457518963,9.36217423557941,3
scale_default,Epsilon_Greedy,epsilon=0.1,227,8.341398925493442,1.5538940986847127,6.787504826808729,9.895293024178155,3
scale_default,Epsilon_Greedy,epsilon=0.1,228,8.550086542209222,1.5433888707912649,7.006697671417957,10.093475413000487,3
scale_default,Epsilon_Greedy,epsilon=0.1,229,8.719795050564487,1.550528166556445,7.169266884008042,10.270323217120932,3
scale_default,Epsilon_Greedy,epsilon=0.1,230,8.914541378495857,1.7231678207622563,7.1913735577336,10.637709199258113,3
scale_default,Epsilon_Greedy,epsilon=0.1,231,9.055284378295498,1.6798520512783488,7.375432327017149,10.735136429573847,3
scale_default,Epsilon_Greedy,epsilon=0.1,232,9.306640353375014,1.7005284723418064,7.606111881033208,11.007168825716821,3
scale_default,Epsilon_Greedy,epsilon=0.1,233,9.42989284358091,1.732270595472273,7.697622248108638,11.162163439053185,3
scale_default,Epsilon_Greedy,epsilon=0.1,234,9.576812084262702,1.6065605640764602,7.970251520186242,11.183372648339162,3
scale_default,Epsilon_Greedy,epsilon=0.1,235,9.763795605370627,1.6386617210649643,8.125133884305662,11.402457326435592,3
scale_default,Epsilon_Greedy,epsilon=0.1,236,10.075092387711512,1.368068542256808,8.707023845454705,11.44316092996832,3
scale_default,Epsilon_Greedy,epsilon=0.1,237,10.162402944386432,1.3738807883625916,8.788522156023841,11.536283732749023,3
scale_default,Epsilon_Greedy,epsilon=0.1,238,10.29403375292788,1.4389052874919535,8.855128465435927,11.732939040419835,3
scale_default,Epsilon_Greedy,epsilon=0.1,239,10.527062938849234,1.3302046501774218,9.196858288671812,11.857267589026655,3
scale_default,Epsilon_Greedy,epsilon=0.1,240,10.69392144783726,1.3507766795152372,9.343144768322023,12.044698127352497,3
scale_default,Epsilon_Greedy,epsilon=0.1,241,10.79264512702401,1.4081736946562418,9.384471432367768,12.200818821680251,3
scale_default,Epsilon_Greedy,epsilon=0.1,242,10.854024741177986,1.3985474051650286,9.455477336012956,12.252572146343015,3
scale_default,Epsilon_Greedy,epsilon=0.1,243,11.087949350514506,1.3456112490820165,9.74233810143249,12.433560599596523,3
scale_default,Epsilon_Greedy,epsilon=0.1,244,11.302806553546247,1.345101828775526,9.957704724770721,12.647908382321774,3
scale_default,Epsilon_Greedy,epsilon=0.1,245,11.398630217231455,1.346644241573404,10.05198597565805,12.74527445880486,3
scale_default,Epsilon_Greedy,epsilon=0.1,246,11.524079575897217,1.40508449084392,10.118995085053296,12.929164066741137,3
scale_default,Epsilon_Greedy,epsilon=0.1,247,11.744781062716214,1.5061830847645261,10.238597977951688,13.25096414748074,3
scale_default,Epsilon_Greedy,epsilon=0.1,248,11.90522392919126,1.5032778384297034,10.401946090761557,13.408501767620963,3
scale_default,Epsilon_Greedy,epsilon=0.1,249,12.122966221292124,1.5538307343925326,10.569135486899592,13.676796955684656,3
scale_default,Epsilon_Greedy,epsilon=0.1,250,12.348419100286941,1.5377945457323614,10.810624554554579,13.886213646019304,3
scale_default,Epsilon_Greedy,epsilon=0.1,251,12.529891872665749,1.6538309720235478,10.876060900642202,14.183722844689296,3
scale_default,Epsilon_Greedy,epsilon=0.1,252,12.636178791741093,1.6756345153729437,10.96054427636815,14.311813307114036,3
scale_default,Epsilon_Greedy,epsilon=0.1,253,12.729891005931313,1.7091106536719465,11.020780352259367,14.439001659603258,3
scale_default,Epsilon_Greedy,epsilon=0.1,254,12.869142373814157,1.7337157500059457,11.135426623808211,14.602858123820102,3
scale_default,Epsilon_Greedy,epsilon=0.1,255,12.962324465959263,1.765986893398738,11.196337572560525,14.728311359358,3
scale_default,Epsilon_Greedy,epsilon=0.1,256,13.069607493085597,1.776068854837889,11.293538638247707,14.845676347923487,3
scale_default,Epsilon_Greedy,epsilon=0.1,257,13.280945391715148,1.537112055781144,11.743833335934005,14.818057447496292,3
scale_default,Epsilon_Greedy,epsilon=0.1,258,13.445221873601406,1.541471595354627,11.903750278246779,14.986693468956034,3
scale_default,Epsilon_Greedy,epsilon=0.1,259,13.608379438726795,1.6525418083077208,11.955837630419074,15.260921247034515,3
scale_default,Epsilon_Greedy,epsilon=0.1,260,13.776806172137418,1.633453095239351,12.143353076898066,15.41025926737677,3
scale_default,Epsilon_Greedy,epsilon=0.1,261,13.903130976659101,1.7307303230040962,12.172400653655005,15.633861299663197,3
scale_default,Epsilon_Greedy,epsilon=0.1,262,13.977435873646678,1.720634547011506,12.256801326635172,15.698070420658185,3
scale_default,Epsilon_Greedy,epsilon=0.1,263,14.110873190423481,1.6372547108976936,12.473618479525788,15.748127901321174,3
scale_default,Epsilon_Greedy,epsilon=0.1,264,14.154689809683761,1.6159336059937,12.538756203690061,15.770623415677461,3
scale_default,Epsilon_Greedy,epsilon=0.1,265,14.25222170659149,1.62083418161203,12.63138752497946,15.87305588820352,3
scale_default,Epsilon_Greedy,epsilon=0.1,266,14.436417071874809,1.660439747476121,12.775977324398688,16.09685681935093,3
scale_default,Epsilon_Greedy,epsilon=0.1,267,14.618309307126445,1.8767800128570695,12.741529294269375,16.495089319983514,3
scale_default,Epsilon_Greedy,epsilon=0.1,268,14.877086524922312,1.787813489467261,13.08927303545505,16.664900014389573,3
scale_default,Epsilon_Greedy,epsilon=0.1,269,15.105554523931682,1.997305585354098,13.108248938577583,17.10286010928578,3
scale_default,Epsilon_Greedy,epsilon=0.1,270,15.271820305071335,1.9191980450330945,13.35262226003824,17.19101835010443,3
scale_default,Epsilon_Greedy,epsilon=0.1,271,15.435298884224432,1.9751571983466858,13.460141685877746,17.410456082571116,3
scale_default,Epsilon_Greedy,epsilon=0.1,272,15.667004355430414,1.9022461716145496,13.764758183815864,17.569250527044964,3
scale_default,Epsilon_Greedy,epsilon=0.1,273,15.865613839115682,2.045632636790182,13.8199812023255,17.911246475905862,3
scale_default,Epsilon_Greedy,epsilon=0.1,274,15.989392309098195,2.045339243770561,13.944053065327633,18.034731552868756,3
scale_default,Epsilon_Greedy,epsilon=0.1,275,16.189522695253057,2.0331450583996267,14.156377636853431,18.222667753652683,3
scale_default,Epsilon_Greedy,epsilon=0.1,276,16.316468344575828,2.038104930319737,14.278363414256091,18.354573274895564,3
scale_default,Epsilon_Greedy,epsilon=0.1,277,16.493009456946726,2.1448701967053267,14.3481392602414,18.637879653652053,3
scale_default,Epsilon_Greedy,epsilon=0.1,278,16.673473120313716,2.100704478892506,14.57276864142121,18.774177599206222,3
scale_default,Epsilon_Greedy,epsilon=0.1,279,16.89101676955092,2.074855178170274,14.816161591380645,18.965871947721194,3
scale_default,Epsilon_Greedy,epsilon=0.1,280,17.031365487665372,1.9798516408789493,15.051513846786422,19.01121712854432,3
scale_default,Epsilon_Greedy,epsilon=0.1,281,17.139466448608882,2.0317616414723227,15.10770480713656,19.171228090081204,3
scale_default,Epsilon_Greedy,epsilon=0.1,282,17.244074811636274,2.0505305715413393,15.193544240094935,19.294605383177615,3
scale_default,Epsilon_Greedy,epsilon=0.1,283,17.399610374250646,2.049498479692105,15.350111894558541,19.44910885394275,3
scale_default,Epsilon_Greedy,epsilon=0.1,284,17.52696130935119,1.888326618796577,15.638634690554612,19.415287928147766,3
scale_default,Epsilon_Greedy,epsilon=0.1,285,17.589282696435816,1.8464446009320035,15.742838095503814,19.43572729736782,3
scale_default,Epsilon_Greedy,epsilon=0.1,286,17.77865746058545,2.001433385518725,15.777224075066725,19.780090846104173,3
scale_default,Epsilon_Greedy,epsilon=0.1,287,17.916346637514277,1.86584293127864,16.050503706235638,19.782189568792916,3
scale_default,Epsilon_Greedy,epsilon=0.1,288,18.005931369327072,1.9306022113615713,16.075329157965502,19.936533580688643,3
scale_default,Epsilon_Greedy,epsilon=0.1,289,18.052048379146807,1.9465658570994009,16.105482522047406,19.99861423624621,3
scale_default,Epsilon_Greedy,epsilon=0.1,290,18.32932576925614,1.8888109855679953,16.440514783688144,20.218136754824137,3
scale_default,Epsilon_Greedy,epsilon=0.1,291,18.613461915464214,2.026300197444265,16.58716171801995,20.63976211290848,3
scale_default,Epsilon_Greedy,epsilon=0.1,292,18.750636914003195,1.9996944657166293,16.750942448286565,20.750331379719825,3
scale_default,Epsilon_Greedy,epsilon=0.1,293,18.95694538022566,2.194576181237465,16.762369198988193,21.151521561463124,3
scale_default,Epsilon_Greedy,epsilon=0.1,294,19.136121286833564,2.081567911291857,17.05455337554171,21.21768919812542,3
scale_default,Epsilon_Greedy,epsilon=0.1,295,19.3028094317043,2.2609464302171647,17.041863001487137,21.563755861921464,3
scale_default,Epsilon_Greedy,epsilon=0.1,296,19.545026813383775,2.1403742702488997,17.404652543134876,21.685401083632673,3
scale_default,Epsilon_Greedy,epsilon=0.1,297,19.629322799840264,2.1937729040244984,17.435549895815765,21.823095703864762,3
scale_default,Epsilon_Greedy,epsilon=0.1,298,19.877274322060313,2.096684966989818,17.780589355070493,21.973959289050132,3
scale_default,Epsilon_Greedy,epsilon=0.1,299,20.043437599404612,2.074045338128515,17.9693922612761,22.117482937533126,3
scale_default,Epsilon_Greedy,epsilon=0.1,300,20.16122609288672,1.9710935803997225,18.190132512487,22.132319673286442,3
scale_default,Epsilon_Greedy,epsilon=0.1,301,20.301266288309353,1.8850810988298699,18.416185189479485,22.18634738713922,3
scale_default,Epsilon_Greedy,epsilon=0.1,302,20.453901419565163,1.8661295882957192,18.587771831269443,22.320031007860884,3
scale_default,Epsilon_Greedy,epsilon=0.1,303,20.575454225293296,1.894553957743542,18.680900267549752,22.47000818303684,3
scale_default,Epsilon_Greedy,epsilon=0.1,304,20.785169258516593,1.8010543162887669,18.984114942227826,22.58622357480536,3
scale_default,Epsilon_Greedy,epsilon=0.1,305,20.921314375916182,1.9043140916699803,19.0170002842462,22.825628467586164,3
scale_default,Epsilon_Greedy,epsilon=0.1,306,21.13536660225922,1.7174914278872715,19.41787517437195,22.852858030146493,3
scale_default,Epsilon_Greedy,epsilon=0.1,307,21.21687516860801,1.6961954524384772,19.520679716169532,22.913070621046487,3
scale_default,Epsilon_Greedy,epsilon=0.1,308,21.35743414659818,1.6997068896491967,19.657727256948984,23.057141036247376,3
scale_default,Epsilon_Greedy,epsilon=0.1,309,21.456561718160813,1.7809527137887957,19.675609004372017,23.23751443194961,3
scale_default,Epsilon_Greedy,epsilon=0.1,310,21.64393965320447,1.8007057597666558,19.843233893437812,23.444645412971127,3
scale_default,Epsilon_Greedy,epsilon=0.1,311,21.768966624442726,1.8676693706140433,19.901297253828684,23.636635995056768,3
scale_default,Epsilon_Greedy,epsilon=0.1,312,21.90582966513764,1.9084686983556238,19.99736096678202,23.814298363493265,3
scale_default,Epsilon_Greedy,epsilon=0.1,313,22.033155226385347,1.9148313299990964,20.11832389638625,23.947986556384443,3
scale_default,Epsilon_Greedy,epsilon=0.1,314,22.106441840470797,1.90137510256131,20.205066737909487,24.007816943032108,3
scale_default,Epsilon_Greedy,epsilon=0.1,315,22.32366934682806,1.8679569725774186,20.45571237425064,24.191626319405476,3
scale_default,Epsilon_Greedy,epsilon=0.1,316,22.537094123158155,1.8022076795091186,20.734886443649035,24.339301802667276,3
scale_default,Epsilon_Greedy,epsilon=0.1,317,22.79098632046301,2.0781763466000176,20.712809973862992,24.869162667063026,3
scale_default,Epsilon_Greedy,epsilon=0.1,318,22.912838220932688,2.017195692974213,20.895642527958476,24.9300339139069,3
scale_default,Epsilon_Greedy,epsilon=0.1,319,23.104086905647847,1.9729060289167513,21.131180876731097,25.076992934564597,3
scale_default,Epsilon_Greedy,epsilon=0.1,320,23.27096848422202,1.9584718115660162,21.312496672656003,25.229440295788038,3
scale_default,Epsilon_Greedy,epsilon=0.1,321,23.475609325719706,1.9852060080233667,21.49040331769634,25.46081533374307,3
scale_default,Epsilon_Greedy,epsilon=0.1,322,23.651566135524277,1.8592775043285499,21.792288631195728,25.510843639852826,3
scale_default,Epsilon_Greedy,epsilon=0.1,323,23.707550096694007,1.8873350697543667,21.82021502693964,25.594885166448375,3
scale_default,Epsilon_Greedy,epsilon=0.1,324,23.870692043592566,1.8187449137399818,22.051947129852586,25.689436957332546,3
scale_default,Epsilon_Greedy,epsilon=0.1,325,23.936493442047624,1.8066913240749405,22.129802117972684,25.743184766122564,3
scale_default,Epsilon_Greedy,epsilon=0.1,326,24.050313171617944,1.8304714741624353,22.219841697455507,25.88078464578038,3
scale_default,Epsilon_Greedy,epsilon=0.1,327,24.134798628001505,1.7574170794591957,22.37738154854231,25.8922157074607,3
scale_default,Epsilon_Greedy,epsilon=0.1,328,24.31702906499507,1.8967702368820272,22.42025882811304,26.213799301877096,3
scale_default,Epsilon_Greedy,epsilon=0.1,329,24.35890737677934,1.860870923882519,22.49803645289682,26.219778300661858,3
scale_default,Epsilon_Greedy,epsilon=0.1,330,24.431065227396484,1.9056428178060616,22.525422409590423,26.336708045202545,3
scale_default,Epsilon_Greedy,epsilon=0.1,331,24.59274835912397,1.8667614647615824,22.725986894362386,26.459509823885554,3
scale_default,Epsilon_Greedy,epsilon=0.1,332,24.77990234799589,1.9193921058875858,22.860510242108305,26.699294453883475,3
scale_default,Epsilon_Greedy,epsilon=0.1,333,25.05331124433539,1.9753220327987158,23.077989211536675,27.028633277134105,3
scale_default,Epsilon_Greedy,epsilon=0.1,334,25.242335653050443,1.969450154390222,23.27288549866022,27.211785807440666,3
scale_default,Epsilon_Greedy,epsilon=0.1,335,25.328340580846515,2.0059722139231115,23.322368366923403,27.334312794769627,3
scale_default,Epsilon_Greedy,epsilon=0.1,336,25.440769878546487,2.0347100812081234,23.406059797338365,27.475479959754608,3
scale_default,Epsilon_Greedy,epsilon=0.1,337,25.61258581195948,2.094476859010983,23.5181089529485,27.707062670970462,3
scale_default,Epsilon_Greedy,epsilon=0.1,338,25.950189001575193,2.2606791686194487,23.689509832955743,28.210868170194644,3
scale_default,Epsilon_Greedy,epsilon=0.1,339,26.207896892748234,2.3793800802655176,23.828516812482718,28.58727697301375,3
scale_default,Epsilon_Greedy,epsilon=0.1,340,26.360585372199115,2.267738894353615,24.092846477845498,28.62832426655273,3
scale_default,Epsilon_Greedy,epsilon=0.1,341,26.567553337225473,2.3703290739937333,24.19722426323174,28.937882411219206,3
scale_default,Epsilon_Greedy,epsilon=0.1,342,26.864883851797718,2.5440708461726333,24.320813005625084,29.40895469797035,3
scale_default,Epsilon_Greedy,epsilon=0.1,343,26.96837077083237,2.4544767326694403,24.513894038162928,29.42284750350181,3
scale_default,Epsilon_Greedy,epsilon=0.1,344,27.045777257953805,2.389447735566998,24.656329522386805,29.435224993520805,3
scale_default,Epsilon_Greedy,epsilon=0.1,345,27.200763475481253,2.4431819543460884,24.757581521135165,29.64394542982734,3
scale_default,Epsilon_Greedy,epsilon=0.1,346,27.365343160169104,2.501561406413291,24.863781753755813,29.866904566582395,3
scale_default,Epsilon_Greedy,epsilon=0.1,347,27.494687514539326,2.419503461248564,25.075184053290762,29.91419097578789,3
scale_default,Epsilon_Greedy,epsilon=0.1,348,27.78523178778971,2.5465829696280693,25.23864881816164,30.331814757417778,3
scale_default,Epsilon_Greedy,epsilon=0.1,349,27.96824053614776,2.5259882771160735,25.442252259031687,30.494228813263835,3
scale_default,Epsilon_Greedy,epsilon=0.1,350,28.07688545743793,2.4889166791241,25.58796877831383,30.565802136562027,3
scale_default,Epsilon_Greedy,epsilon=0.1,351,28.142192535772114,2.4452286988537466,25.696963836918368,30.58742123462586,3
scale_default,Epsilon_Greedy,epsilon=0.1,352,28.17856850292182,2.4135661857462076,25.76500231717561,30.59213468866803,3
scale_default,Epsilon_Greedy,epsilon=0.1,353,28.347223299955413,2.269329770897104,26.077893529058308,30.616553070852518,3
scale_default,Epsilon_Greedy,epsilon=0.1,354,28.55146015179381,2.131085152859091,26.42037499893472,30.682545304652898,3
scale_default,Epsilon_Greedy,epsilon=0.1,355,28.650494218116847,2.0928200259393996,26.557674192177448,30.743314244056247,3
scale_default,Epsilon_Greedy,epsilon=0.1,356,28.95015482119392,2.3586047437821596,26.59155007741176,31.30875956497608,3
scale_default,Epsilon_Greedy,epsilon=0.1,357,29.03510870193674,2.3301048765754224,26.705003825361317,31.36521357851216,3
scale_default,Epsilon_Greedy,epsilon=0.1,358,29.262109518678738,2.318042693950568,26.94406682472817,31.580152212629304,3
scale_default,Epsilon_Greedy,epsilon=0.1,359,29.360793744084237,2.3685117838991347,26.992281960185103,31.72930552798337,3
scale_default,Epsilon_Greedy,epsilon=0.1,360,29.645921100328962,2.5219231435440355,27.123997956784926,32.167844243873,3
scale_default,Epsilon_Greedy,epsilon=0.1,361,29.68593231446695,2.487636120010643,27.198296194456308,32.173568434477595,3
scale_default,Epsilon_Greedy,epsilon=0.1,362,29.79987206534393,2.5166561269275745,27.283215938416355,32.316528192271505,3
scale_default,Epsilon_Greedy,epsilon=0.1,363,29.87669903720929,2.5478000129052236,27.328899024304064,32.42449905011451,3
scale_default,Epsilon_Greedy,epsilon=0.1,364,30.01464472275657,2.508979035962023,27.505665686794547,32.52362375871859,3
scale_default,Epsilon_Greedy,epsilon=0.1,365,30.18972594573231,2.492232278960323,27.697493666771987,32.681958224692636,3
scale_default,Epsilon_Greedy,epsilon=0.1,366,30.514509029281715,2.3847895155285683,28.129719513753148,32.899298544810286,3
scale_default,Epsilon_Greedy,epsilon=0.1,367,30.71020499432345,2.4840916595817264,28.226113334741726,33.19429665390518,3
scale_default,Epsilon_Greedy,epsilon=0.1,368,30.991886771085575,2.273154423810448,28.71873234727513,33.26504119489602,3
scale_default,Epsilon_Greedy,epsilon=0.1,369,31.09371628439349,2.2085073886251556,28.885208895768336,33.302223673018645,3
scale_default,Epsilon_Greedy,epsilon=0.1,370,31.174303893566883,2.1783738768123335,28.99593001675455,33.352677770379216,3
scale_default,Epsilon_Greedy,epsilon=0.1,371,31.392121323382298,2.270798585234953,29.121322738147345,33.662919908617255,3
scale_default,Epsilon_Greedy,epsilon=0.1,372,31.520968026251353,2.3534236824014263,29.167544343849926,33.87439170865278,3
scale_default,Epsilon_Greedy,epsilon=0.1,373,31.66169227116913,2.4129851988709135,29.248707072298217,34.074677470040044,3
scale_default,Epsilon_Greedy,epsilon=0.1,374,31.867500003961112,2.4609293358005595,29.40657066816055,34.32842933976167,3
scale_default,Epsilon_Greedy,epsilon=0.1,375,32.12217067738519,2.504106895646848,29.618063781738343,34.62627757303204,3
scale_default,Epsilon_Greedy,epsilon=0.1,376,32.256547285394824,2.6368541436305017,29.619693141764323,34.893401429025324,3
scale_default,Epsilon_Greedy,epsilon=0.1,377,32.46718992790869,2.6562298964724103,29.81096003143628,35.1234198243811,3
scale_default,Epsilon_Greedy,epsilon=0.1,378,32.616600859944306,2.591715760816126,30.02488509912818,35.208316620760435,3
scale_default,Epsilon_Greedy,epsilon=0.1,379,32.93983122324048,2.4926033516299806,30.4472278716105,35.43243457487046,3
scale_default,Epsilon_Greedy,epsilon=0.1,380,33.13174290151296,2.4931426858079524,30.638600215705004,35.62488558732091,3
scale_default,Epsilon_Greedy,epsilon=0.1,381,33.24029614885808,2.532264572529586,30.708031576328494,35.77256072138766,3
scale_default,Epsilon_Greedy,epsilon=0.1,382,33.377111119709376,2.5818718929419053,30.79523922676747,35.95898301265128,3
scale_default,Epsilon_Greedy,epsilon=0.1,383,33.45661108580815,2.64114792186079,30.81546316394736,36.09775900766894,3
scale_default,Epsilon_Greedy,epsilon=0.1,384,33.55605422910741,2.762043947900946,30.794010281206464,36.31809817700836,3
scale_default,Epsilon_Greedy,epsilon=0.1,385,33.693344985629786,2.816915257378932,30.876429728250855,36.510260243008716,3
scale_default,Epsilon_Greedy,epsilon=0.1,386,33.802686227431685,2.7101853351194696,31.092500892312216,36.512871562551155,3
scale_default,Epsilon_Greedy,epsilon=0.1,387,33.970654278973946,2.7202106385728437,31.2504436404011,36.69086491754679,3
scale_default,Epsilon_Greedy,epsilon=0.1,388,34.15905966384108,2.6965411228299705,31.462518541011107,36.85560078667105,3
scale_default,Epsilon_Greedy,epsilon=0.1,389,34.32879995229408,2.7510065095765883,31.57779344271749,37.07980646187067,3
scale_default,Epsilon_Greedy,epsilon=0.1,390,34.39759187127049,2.6968881139628977,31.700703757307593,37.09447998523339,3
scale_default,Epsilon_Greedy,epsilon=0.1,391,34.628068264218804,2.6399186448602747,31.98814961935853,37.26798690907908,3
scale_default,Epsilon_Greedy,epsilon=0.1,392,34.774936867395944,2.678728549188125,32.09620831820782,37.453665416584066,3
scale_default,Epsilon_Greedy,epsilon=0.1,393,34.98762542098435,2.798413737588148,32.1892116833962,37.7860391585725,3
scale_default,Epsilon_Greedy,epsilon=0.1,394,35.078886000473325,2.8212681268151463,32.25761787365818,37.900154127288474,3
scale_default,Epsilon_Greedy,epsilon=0.1,395,35.21833336731162,2.707221829980339,32.51111153733128,37.92555519729196,3
scale_default,Epsilon_Greedy,epsilon=0.1,396,35.445567209863405,2.8313210953408863,32.614246114522516,38.276888305204295,3
scale_default,Epsilon_Greedy,epsilon=0.1,397,35.496043605669875,2.8538175767884884,32.64222602888139,38.34986118245836,3
scale_default,Epsilon_Greedy,epsilon=0.1,398,35.63425476070467,2.7214341831819624,32.91282057752271,38.35568894388663,3
scale_default,Epsilon_Greedy,epsilon=0.1,399,35.798459096109674,2.7860142943351924,33.01244480177448,38.58447339044487,3
scale_default,Epsilon_Greedy,epsilon=0.1,400,35.96662824787536,2.780905247531813,33.18572300034355,38.747533495407176,3
scale_default,Epsilon_Greedy,epsilon=0.1,401,36.15557433771853,2.762360854648536,33.39321348306999,38.91793519236706,3
scale_default,Epsilon_Greedy,epsilon=0.1,402,36.37811560699948,2.921817390949466,33.456298216050016,39.29993299794894,3
scale_default,Epsilon_Greedy,epsilon=0.1,403,36.58617779507147,3.1240943478289562,33.46208344724251,39.71027214290043,3
scale_default,Epsilon_Greedy,epsilon=0.1,404,36.72000328299531,3.0765339331486694,33.64346934984664,39.796537216143975,3
scale_default,Epsilon_Greedy,epsilon=0.1,405,36.99194599021975,2.918877206988637,34.07306878323111,39.91082319720839,3
scale_default,Epsilon_Greedy,epsilon=0.1,406,37.12842739602178,2.91103159517182,34.21739580084996,40.0394589911936,3
scale_default,Epsilon_Greedy,epsilon=0.1,407,37.30913362339815,2.8183410792300583,34.49079254416809,40.127474702628206,3
scale_default,Epsilon_Greedy,epsilon=0.1,408,37.3710386660668,2.872235334137575,34.498803331929224,40.24327400020438,3
scale_default,Epsilon_Greedy,epsilon=0.1,409,37.42215797948615,2.842399464369203,34.57975851511695,40.26455744385535,3
scale_default,Epsilon_Greedy,epsilon=0.1,410,37.57875401300213,2.919820219457371,34.65893379354476,40.498574232459504,3
scale_default,Epsilon_Greedy,epsilon=0.1,411,37.7166077633372,2.8261176326663264,34.89049013067088,40.542725396003526,3
scale_default,Epsilon_Greedy,epsilon=0.1,412,37.89435341947584,2.690459511539494,35.20389390793635,40.584812931015335,3
scale_default,Epsilon_Greedy,epsilon=0.1,413,38.0338886734938,2.6287425616536524,35.405146111840146,40.66263123514745,3
scale_default,Epsilon_Greedy,epsilon=0.1,414,38.11849425923472,2.5563847224732643,35.56210953676146,40.674878981707984,3
scale_default,Epsilon_Greedy,epsilon=0.1,415,38.270542198948654,2.587458209128611,35.68308398982004,40.85800040807727,3
scale_default,Epsilon_Greedy,epsilon=0.1,416,38.574897186636186,2.7200841730237424,35.85481301361244,41.29498135965993,3
scale_default,Epsilon_Greedy,epsilon=0.1,417,38.72480246372198,2.6836136933296,36.04118877039238,41.408416157051576,3
scale_default,Epsilon_Greedy,epsilon=0.1,418,38.93830876324912,2.7973004588794694,36.14100830436965,41.73560922212859,3
scale_default,Epsilon_Greedy,epsilon=0.1,419,38.980496762043835,2.8634576324365577,36.11703912960728,41.84395439448039,3
scale_default,Epsilon_Greedy,epsilon=0.1,420,39.17142204565055,2.847756234632076,36.32366581101847,42.01917828028263,3
scale_default,Epsilon_Greedy,epsilon=0.1,421,39.366728588914306,2.93332041910649,36.43340816980782,42.30004900802079,3
scale_default,Epsilon_Greedy,epsilon=0.1,422,39.59376979992095,3.0995583178075568,36.49421148211339,42.693328117728505,3
scale_default,Epsilon_Greedy,epsilon=0.1,423,39.980722233408684,2.960242788427741,37.02047944498094,42.940965021836426,3
scale_default,Epsilon_Greedy,epsilon=0.1,424,40.10775375147472,3.010652250236304,37.09710150123841,43.11840600171102,3
scale_default,Epsilon_Greedy,epsilon=0.1,425,40.191208110842915,2.98403907677285,37.20716903407006,43.17524718761577,3
scale_default,Epsilon_Greedy,epsilon=0.1,426,40.539389390898165,3.0763681499170077,37.463021240981156,43.615757540815174,3
scale_default,Epsilon_Greedy,epsilon=0.1,427,40.59865659103234,3.066040997958449,37.53261559307389,43.664697588990784,3
scale_default,Epsilon_Greedy,epsilon=0.1,428,40.72829624415917,3.034460342789651,37.69383590136952,43.76275658694882,3
scale_default,Epsilon_Greedy,epsilon=0.1,429,40.90604674738924,3.000489280094292,37.90555746729495,43.90653602748353,3
scale_default,Epsilon_Greedy,epsilon=0.1,430,41.30716321922726,2.9966617045671646,38.310501514660096,44.30382492379443,3
scale_default,Epsilon_Greedy,epsilon=0.1,431,41.4024149812237,2.9854667583738306,38.41694822284987,44.38788173959753,3
scale_default,Epsilon_Greedy,epsilon=0.1,432,41.454802309419584,3.01975916541889,38.435043144000694,44.474561474838474,3
scale_default,Epsilon_Greedy,epsilon=0.1,433,41.58479761366334,2.9917637471358756,38.59303386652746,44.57656136079922,3
scale_default,Epsilon_Greedy,epsilon=0.1,434,41.73767877592291,2.821184474577316,38.916494301345594,44.558863250500224,3
scale_default,Epsilon_Greedy,epsilon=0.1,435,41.91797060773377,2.7227337237047657,39.19523688402901,44.640704331438535,3
scale_default,Epsilon_Greedy,epsilon=0.1,436,42.11100827984621,2.777023988030089,39.33398429181612,44.8880322678763,3
scale_default,Epsilon_Greedy,epsilon=0.1,437,42.35163168116413,2.7965642126110852,39.55506746855304,45.14819589377522,3
scale_default,Epsilon_Greedy,epsilon=0.1,438,42.475261540241455,2.6889142259135546,39.7863473143279,45.16417576615501,3
scale_default,Epsilon_Greedy,epsilon=0.1,439,42.746827033655144,2.704719880627889,40.04210715302725,45.451546914283036,3
scale_default,Epsilon_Greedy,epsilon=0.1,440,42.94413286201615,2.8436737206041487,40.100459141411996,45.7878065826203,3
scale_default,Epsilon_Greedy,epsilon=0.1,441,43.07646073064777,2.952116425238134,40.124344305409636,46.0285771558859,3
scale_default,Epsilon_Greedy,epsilon=0.1,442,43.27775829977571,2.927965169560089,40.34979313021562,46.2057234693358,3
scale_default,Epsilon_Greedy,epsilon=0.1,443,43.546826911021896,2.8700714173669124,40.67675549365498,46.41689832838881,3
scale_default,Epsilon_Greedy,epsilon=0.1,444,43.64327576550616,2.8911540387422043,40.75212172676396,46.53442980424836,3
scale_default,Epsilon_Greedy,epsilon=0.1,445,43.87535215812284,3.104823616843188,40.770528541279646,46.98017577496603,3
scale_default,Epsilon_Greedy,epsilon=0.1,446,44.084248382800354,3.1068077522269197,40.97744063057343,47.191056135027274,3
scale_default,Epsilon_Greedy,epsilon=0.1,447,44.16333953152298,3.0939031699678217,41.069436361555155,47.2572427014908,3
scale_default,Epsilon_Greedy,epsilon=0.1,448,44.36509957465887,2.9933835207675314,41.37171605389134,47.3584830954264,3
scale_default,Epsilon_Greedy,epsilon=0.1,449,44.732897363884184,2.9569107925182396,41.77598657136595,47.68980815640242,3
scale_default,Epsilon_Greedy,epsilon=0.1,450,44.84070276170471,2.861978276977975,41.97872448472674,47.702681038682684,3
scale_default,Epsilon_Greedy,epsilon=0.1,451,45.03337136450989,2.8116321261972876,42.2217392383126,47.84500349070718,3
scale_default,Epsilon_Greedy,epsilon=0.1,452,45.1027319658568,2.8577159430851786,42.24501602277162,47.96044790894197,3
scale_default,Epsilon_Greedy,epsilon=0.1,453,45.24780764501156,2.799924489818514,42.44788315519305,48.04773213483008,3
scale_default,Epsilon_Greedy,epsilon=0.1,454,45.48073096846326,2.828162060546646,42.65256890791662,48.30889302900991,3
scale_default,Epsilon_Greedy,epsilon=0.1,455,45.63202483169974,2.80010951035402,42.83191532134572,48.43213434205376,3
scale_default,Epsilon_Greedy,epsilon=0.1,456,45.7670249415826,2.701177335342466,43.06584760624013,48.46820227692506,3
scale_default,Epsilon_Greedy,epsilon=0.1,457,45.859134936737384,2.6788792535017762,43.18025568323561,48.53801419023916,3
scale_default,Epsilon_Greedy,epsilon=0.1,458,46.063733972210684,2.7349547554356572,43.328779216775025,48.79868872764634,3
scale_default,Epsilon_Greedy,epsilon=0.1,459,46.236278512073056,2.7071511495809584,43.5291273624921,48.943429661654015,3
scale_default,Epsilon_Greedy,epsilon=0.1,460,46.34587419677138,2.69393491928004,43.651939277491344,49.03980911605142,3
scale_default,Epsilon_Greedy,epsilon=0.1,461,46.43937882662642,2.718679426640066,43.72069939998635,49.15805825326648,3
scale_default,Epsilon_Greedy,epsilon=0.1,462,46.6903053730787,2.6450765285236706,44.04522884455503,49.335381901602375,3
scale_default,Epsilon_Greedy,epsilon=0.1,463,46.87979250771511,2.5634567232552437,44.316335784459866,49.44324923097035,3
scale_default,Epsilon_Greedy,epsilon=0.1,464,47.03782428831892,2.65124348786759,44.386580800451334,49.68906777618651,3
scale_default,Epsilon_Greedy,epsilon=0.1,465,47.22276554511399,2.675278905113008,44.547486640000976,49.898044450227,3
scale_default,Epsilon_Greedy,epsilon=0.1,466,47.40343234769131,2.7840003442137906,44.61943200347751,50.1874326919051,3
scale_default,Epsilon_Greedy,epsilon=0.1,467,47.55082939169537,2.638300571222063,44.91252882047331,50.189129962917434,3
scale_default,Epsilon_Greedy,epsilon=0.1,468,47.933262797753656,2.5727634219142135,45.360499375839446,50.506026219667866,3
scale_default,Epsilon_Greedy,epsilon=0.1,469,48.10688188362601,2.6085419589201932,45.49833992470582,50.7154238425462,3
scale_default,Epsilon_Greedy,epsilon=0.1,470,48.30898225369578,2.5945359281203766,45.7144463255754,50.90351818181616,3
scale_default,Epsilon_Greedy,epsilon=0.1,471,48.40662232328981,2.5141911488148194,45.89243117447499,50.920813472104626,3
scale_default,Epsilon_Greedy,epsilon=0.1,472,48.566809114881,2.491931524167606,46.0748775907134,51.05874063904861,3
scale_default,Epsilon_Greedy,epsilon=0.1,473,49.076654002346686,2.693877679340071,46.38277632300662,51.770531681686755,3
scale_default,Epsilon_Greedy,epsilon=0.1,474,49.45652691969957,2.676901587022336,46.779625332677234,52.133428506721906,3
scale_default,Epsilon_Greedy,epsilon=0.1,475,49.73799482921347,2.917465550010282,46.820529279203186,52.655460379223754,3
scale_default,Epsilon_Greedy,epsilon=0.1,476,49.8120855433919,2.9371538101797845,46.874931733212115,52.74923935357169,3
scale_default,Epsilon_Greedy,epsilon=0.1,477,50.005958771009965,2.88899928581027,47.11695948519969,52.894958056820236,3
scale_default,Epsilon_Greedy,epsilon=0.1,478,50.27281160641894,2.831948572044434,47.44086303437451,53.10476017846337,3
scale_default,Epsilon_Greedy,epsilon=0.1,479,50.44282885338447,2.902472852220006,47.54035600116446,53.34530170560448,3
scale_default,Epsilon_Greedy,epsilon=0.1,480,50.67878372222558,2.94075348116381,47.73803024106177,53.61953720338939,3
scale_default,Epsilon_Greedy,epsilon=0.1,481,50.798542975314795,2.9088820532311788,47.889660922083614,53.70742502854598,3
scale_default,Epsilon_Greedy,epsilon=0.1,482,50.972030466622506,2.9239051181022853,48.04812534852022,53.89593558472479,3
scale_default,Epsilon_Greedy,epsilon=0.1,483,51.118262867151714,2.922994568960305,48.19526829819141,54.04125743611202,3
scale_default,Epsilon_Greedy,epsilon=0.1,484,51.33552116207727,2.8065706234581835,48.528950538619085,54.142091785535456,3
scale_default,Epsilon_Greedy,epsilon=0.1,485,51.551591957808846,2.984285826320711,48.56730613148814,54.53587778412955,3
scale_default,Epsilon_Greedy,epsilon=0.1,486,51.76499917229126,2.9205270822446483,48.844472090046615,54.68552625453591,3
scale_default,Epsilon_Greedy,epsilon=0.1,487,51.827467625278615,2.893321324343041,48.93414630093557,54.72078894962166,3
scale_default,Epsilon_Greedy,epsilon=0.1,488,51.98887191850407,2.875710540821779,49.11316137768229,54.864582459325845,3
scale_default,Epsilon_Greedy,epsilon=0.1,489,52.00371200407975,2.881059782711478,49.12265222136828,54.88477178679123,3
scale_default,Epsilon_Greedy,epsilon=0.1,490,52.10208410520655,2.9566690665876254,49.14541503861893,55.05875317179417,3
scale_default,Epsilon_Greedy,epsilon=0.1,491,52.20661075696628,2.8497241263911843,49.35688663057509,55.056334883357465,3
scale_default,Epsilon_Greedy,epsilon=0.1,492,52.35831972300712,2.6516113100775387,49.70670841292958,55.00993103308466,3
scale_default,Epsilon_Greedy,epsilon=0.1,493,52.53369974903811,2.7942235955369887,49.739476153501116,55.3279233445751,3
scale_default,Epsilon_Greedy,epsilon=0.1,494,52.84821006153327,2.969725006046022,49.87848505548725,55.81793506757929,3
scale_default,Epsilon_Greedy,epsilon=0.1,495,53.05251170701996,2.7926436336958878,50.25986807332407,55.84515534071585,3
scale_default,Epsilon_Greedy,epsilon=0.1,496,53.328520346838935,3.0345520128274237,50.29396833401151,56.36307235966636,3
scale_default,Epsilon_Greedy,epsilon=0.1,497,53.450336204907295,3.0478990116577007,50.4024371932496,56.49823521656499,3
scale_default,Epsilon_Greedy,epsilon=0.1,498,53.57481335025562,3.0324554899154603,50.542357860340154,56.60726884017108,3
scale_default,Epsilon_Greedy,epsilon=0.1,499,53.6853689500439,3.061186381102012,50.62418256894189,56.74655533114591,3
scale_default,Epsilon_Greedy,epsilon=0.1,500,53.876596799831525,3.1620471056442185,50.714549694187305,57.038643905475745,3
scale_default,Epsilon_Greedy,epsilon=0.1,501,54.14540930422958,3.297087811880935,50.848321492348646,57.442497116110516,3
scale_default,Epsilon_Greedy,epsilon=0.1,502,54.30794709766915,3.30820977497501,50.99973732269414,57.61615687264416,3
scale_default,Epsilon_Greedy,epsilon=0.1,503,54.48199001233271,3.269440721565402,51.212549290767306,57.75143073389811,3
scale_default,Epsilon_Greedy,epsilon=0.1,504,54.69273916450178,3.326185656618617,51.36655350788316,58.0189248211204,3
scale_default,Epsilon_Greedy,epsilon=0.1,505,54.86650498620221,3.354615215616465,51.511889770585746,58.22112020181867,3
scale_default,Epsilon_Greedy,epsilon=0.1,506,55.12996767008297,3.168582236799979,51.96138543328299,58.29854990688295,3
scale_default,Epsilon_Greedy,epsilon=0.1,507,55.24942502551962,3.0835510880882904,52.16587393743133,58.33297611360791,3
scale_default,Epsilon_Greedy,epsilon=0.1,508,55.40668306832382,3.007309697038398,52.39937337128542,58.413992765362224,3
scale_default,Epsilon_Greedy,epsilon=0.1,509,55.74638134402193,3.267076765021765,52.479304579000164,59.01345810904369,3
scale_default,Epsilon_Greedy,epsilon=0.1,510,55.90733120081078,3.282311160143156,52.62502004066762,59.18964236095394,3
scale_default,Epsilon_Greedy,epsilon=0.1,511,55.97271213222965,3.2243731747669298,52.74833895746272,59.197085306996584,3
scale_default,Epsilon_Greedy,epsilon=0.1,512,56.069888213973165,3.1541582188190422,52.91572999515412,59.22404643279221,3
scale_default,Epsilon_Greedy,epsilon=0.1,513,56.224528224489006,3.1166760269788885,53.10785219751012,59.34120425146789,3
scale_default,Epsilon_Greedy,epsilon=0.1,514,56.428230917151474,3.224801066536299,53.20342985061517,59.653031983687775,3
scale_default,Epsilon_Greedy,epsilon=0.1,515,56.674042857903224,3.2127501725244256,53.4612926853788,59.88679303042765,3
scale_default,Epsilon_Greedy,epsilon=0.1,516,56.932490781670744,3.2650013480555407,53.6674894336152,60.197492129726285,3
scale_default,Epsilon_Greedy,epsilon=0.1,517,57.041895661427645,3.23543410867034,53.806461552757305,60.277329770097985,3
scale_default,Epsilon_Greedy,epsilon=0.1,518,57.23595734968637,3.3773699706148035,53.85858737907157,60.613327320301174,3
scale_default,Epsilon_Greedy,epsilon=0.1,519,57.40656866439997,3.3754758978096726,54.0310927665903,60.78204456220964,3
scale_default,Epsilon_Greedy,epsilon=0.1,520,57.73381918634126,3.5200757938778424,54.213743392463414,61.2538949802191,3
scale_default,Epsilon_Greedy,epsilon=0.1,521,57.820109904903745,3.5867978947662698,54.233312010137475,61.406907799670016,3
scale_default,Epsilon_Greedy,epsilon=0.1,522,58.025358469613565,3.3315927935068474,54.693765676106715,61.356951263120415,3
scale_default,Epsilon_Greedy,epsilon=0.1,523,58.18283546974637,3.4293300829847455,54.753505386761624,61.61216555273112,3
scale_default,Epsilon_Greedy,epsilon=0.1,524,58.44628945230769,3.5458445488837422,54.900444903423946,61.99213400119143,3
scale_default,Epsilon_Greedy,epsilon=0.1,525,58.6640591406508,3.5754419208798485,55.08861721977095,62.239501061530646,3
scale_default,Epsilon_Greedy,epsilon=0.1,526,58.84688697096991,3.6413195846932096,55.205567386276705,62.48820655566312,3
scale_default,Epsilon_Greedy,epsilon=0.1,527,59.01894220728002,3.4822784702120195,55.536663737068,62.50122067749204,3
scale_default,Epsilon_Greedy,epsilon=0.1,528,59.21105564712471,3.527035229068631,55.68402041805608,62.73809087619334,3
scale_default,Epsilon_Greedy,epsilon=0.1,529,59.37436884278051,3.437549470734124,55.936819372046386,62.81191831351464,3
scale_default,Epsilon_Greedy,epsilon=0.1,530,59.455152200708504,3.4693648602534712,55.98578734045503,62.924517060961975,3
scale_default,Epsilon_Greedy,epsilon=0.1,531,59.62955833663701,3.394142921100609,56.2354154155364,63.02370125773762,3
scale_default,Epsilon_Greedy,epsilon=0.1,532,59.8098048453783,3.3226068101953885,56.487198035182914,63.13241165557369,3
scale_default,Epsilon_Greedy,epsilon=0.1,533,59.97548019047042,3.3889509638651005,56.58652922660532,63.36443115433552,3
scale_default,Epsilon_Greedy,epsilon=0.1,534,60.098073731620026,3.364257014800222,56.7338167168198,63.46233074642025,3
scale_default,Epsilon_Greedy,epsilon=0.1,535,60.16196481252644,3.3789494777113127,56.78301533481513,63.54091429023775,3
scale_default,Epsilon_Greedy,epsilon=0.1,536,60.26833823480985,3.321404449020729,56.94693378578913,63.58974268383058,3
scale_default,Epsilon_Greedy,epsilon=0.1,537,60.364996169904344,3.2741372765109853,57.09085889339336,63.63913344641533,3
scale_default,Epsilon_Greedy,epsilon=0.1,538,60.49278133716623,3.2494748826489013,57.243306454517324,63.74225621981513,3
scale_default,Epsilon_Greedy,epsilon=0.1,539,60.745818202314034,3.3096105316464497,57.436207670667585,64.05542873396048,3
scale_default,Epsilon_Greedy,epsilon=0.1,540,60.84555518141001,3.3216718899965825,57.52388329141343,64.1672270714066,3
scale_default,Epsilon_Greedy,epsilon=0.1,541,61.12224231323552,3.274531740027045,57.847710573208474,64.39677405326256,3
scale_default,Epsilon_Greedy,epsilon=0.1,542,61.23621446959504,3.3060711844525557,57.930143285142485,64.54228565404759,3
scale_default,Epsilon_Greedy,epsilon=0.1,543,61.37171993057505,3.350629132574851,58.021090798000195,64.72234906314989,3
scale_default,Epsilon_Greedy,epsilon=0.1,544,61.5470123664718,3.4204772341151157,58.12653513235668,64.96748960058692,3
scale_default,Epsilon_Greedy,epsilon=0.1,545,61.618909817718055,3.452699171307521,58.16621064641053,65.07160898902558,3
scale_default,Epsilon_Greedy,epsilon=0.1,546,61.78707279991787,3.3801163892070756,58.4069564107108,65.16718918912495,3
scale_default,Epsilon_Greedy,epsilon=0.1,547,62.32848950457615,3.4921100839495787,58.83637942062657,65.82059958852572,3
scale_default,Epsilon_Greedy,epsilon=0.1,548,62.55119335401181,3.5543402713079324,58.99685308270388,66.10553362531974,3
scale_default,Epsilon_Greedy,epsilon=0.1,549,62.801187540173,3.551687322669371,59.24950021750362,66.35287486284237,3
scale_default,Epsilon_Greedy,epsilon=0.1,550,63.00938755010489,3.6483984730320898,59.3609890770728,66.65778602313698,3
scale_default,Epsilon_Greedy,epsilon=0.1,551,63.187484081851004,3.580325379582704,59.6071587022683,66.76780946143371,3
scale_default,Epsilon_Greedy,epsilon=0.1,552,63.38426511928744,3.5200568205649283,59.86420829872252,66.90432193985237,3
scale_default,Epsilon_Greedy,epsilon=0.1,553,63.536773721495905,3.4942618655976947,60.04251185589821,67.0310355870936,3
scale_default,Epsilon_Greedy,epsilon=0.1,554,63.67414877637148,3.4477120660197245,60.226436710351756,67.1218608423912,3
scale_default,Epsilon_Greedy,epsilon=0.1,555,63.862885438260946,3.480890314130764,60.381995124130185,67.3437757523917,3
scale_default,Epsilon_Greedy,epsilon=0.1,556,63.96715340609726,3.496822030419171,60.470331375678086,67.46397543651644,3
scale_default,Epsilon_Greedy,epsilon=0.1,557,64.21062401171069,3.628152693030043,60.582471318680646,67.83877670474074,3
scale_default,Epsilon_Greedy,epsilon=0.1,558,64.44277758764902,3.683715568280686,60.75906201936833,68.12649315592971,3
scale_default,Epsilon_Greedy,epsilon=0.1,559,64.51391349282433,3.728486036609636,60.78542745621469,68.24239952943397,3
scale_default,Epsilon_Greedy,epsilon=0.1,560,64.69246142143817,3.6992571030821004,60.993204318356064,68.39171852452027,3
scale_default,Epsilon_Greedy,epsilon=0.1,561,64.8432044098197,3.735309945126877,61.107894464692826,68.57851435494658,3
scale_default,Epsilon_Greedy,epsilon=0.1,562,65.06820547188306,3.8708163211416036,61.19738915074146,68.93902179302466,3
scale_default,Epsilon_Greedy,epsilon=0.1,563,65.21045938714362,3.881745482316391,61.328713904827225,69.09220486946,3
scale_default,Epsilon_Greedy,epsilon=0.1,564,65.42712661036016,3.9296813690290495,61.497445241331114,69.35680797938922,3
scale_default,Epsilon_Greedy,epsilon=0.1,565,65.60430584870963,3.798113909681874,61.806191939027755,69.4024197583915,3
scale_default,Epsilon_Greedy,epsilon=0.1,566,65.72052828817824,3.823636321500189,61.896891966678055,69.54416460967843,3
scale_default,Epsilon_Greedy,epsilon=0.1,567,65.88304318306432,3.940828271617311,61.942214911447,69.82387145468162,3
scale_default,Epsilon_Greedy,epsilon=0.1,568,66.00284639214526,3.9975355504467607,62.005310841698495,70.00038194259201,3
scale_default,Epsilon_Greedy,epsilon=0.1,569,66.12221391364807,3.9088583079158457,62.213355605732225,70.03107222156392,3
scale_default,Epsilon_Greedy,epsilon=0.1,570,66.31112941454872,4.031194014206623,62.2799354003421,70.34232342875534,3
scale_default,Epsilon_Greedy,epsilon=0.1,571,66.54157196155687,3.8889440630352157,62.65262789852165,70.43051602459208,3
scale_default,Epsilon_Greedy,epsilon=0.1,572,66.6878844538146,3.9583830639418216,62.72950138987278,70.64626751775643,3
scale_default,Epsilon_Greedy,epsilon=0.1,573,66.94312056754876,3.736250521995491,63.206870045553266,70.67937108954425,3
scale_default,Epsilon_Greedy,epsilon=0.1,574,67.18066487240134,3.7206993131221195,63.45996555927922,70.90136418552346,3
scale_default,Epsilon_Greedy,epsilon=0.1,575,67.31960472186523,3.7700545428374093,63.549550179027825,71.08965926470265,3
scale_default,Epsilon_Greedy,epsilon=0.1,576,67.46412061709874,3.6761654398146053,63.78795517728414,71.14028605691335,3
scale_default,Epsilon_Greedy,epsilon=0.1,577,67.6232272136121,3.6912281983418134,63.931999015270286,71.31445541195392,3
scale_default,Epsilon_Greedy,epsilon=0.1,578,67.70588667367575,3.6338428791369872,64.07204379453876,71.33972955281274,3
scale_default,Epsilon_Greedy,epsilon=0.1,579,67.97132679052204,3.3731150046067193,64.59821178591532,71.34444179512876,3
scale_default,Epsilon_Greedy,epsilon=0.1,580,68.12225607869193,3.332160589737272,64.79009548895466,71.4544166684292,3
scale_default,Epsilon_Greedy,epsilon=0.1,581,68.30400272200895,3.3197194181794956,64.98428330382944,71.62372214018845,3
scale_default,Epsilon_Greedy,epsilon=0.1,582,68.4644855687563,3.3140966784799084,65.15038889027639,71.77858224723622,3
scale_default,Epsilon_Greedy,epsilon=0.1,583,68.61647509036823,3.24827652697246,65.36819856339577,71.86475161734069,3
scale_default,Epsilon_Greedy,epsilon=0.1,584,68.76320217916452,3.187064013553943,65.57613816561059,71.95026619271846,3
scale_default,Epsilon_Greedy,epsilon=0.1,585,68.88511037162606,3.229370420687809,65.65573995093824,72.11448079231387,3
scale_default,Epsilon_Greedy,epsilon=0.1,586,68.95235961121527,3.2886768440672527,65.66368276714802,72.24103645528253,3
scale_default,Epsilon_Greedy,epsilon=0.1,587,69.10313133841045,3.2806190398926613,65.8225122985178,72.3837503783031,3
scale_default,Epsilon_Greedy,epsilon=0.1,588,69.2877461269933,3.220125927948162,66.06762019904514,72.50787205494146,3
scale_default,Epsilon_Greedy,epsilon=0.1,589,69.31756809368413,3.2291508053659257,66.0884172883182,72.54671889905006,3
scale_default,Epsilon_Greedy,epsilon=0.1,590,69.52747418395538,3.3130859331465645,66.21438825080881,72.84056011710194,3
scale_default,Epsilon_Greedy,epsilon=0.1,591,69.70275861027083,3.2631013058980636,66.43965730437277,72.9658599161689,3
scale_default,Epsilon_Greedy,epsilon=0.1,592,69.86478961868077,3.2883362939243894,66.57645332475639,73.15312591260516,3
scale_default,Epsilon_Greedy,epsilon=0.1,593,70.00974443223389,3.326193030855735,66.68355140137815,73.33593746308962,3
scale_default,Epsilon_Greedy,epsilon=0.1,594,70.1533927349795,3.2514246151736677,66.90196811980584,73.40481735015317,3
scale_default,Epsilon_Greedy,epsilon=0.1,595,70.24979718230672,3.2971402411092434,66.95265694119747,73.54693742341597,3
scale_default,Epsilon_Greedy,epsilon=0.1,596,70.43021224550255,3.27978243602845,67.15042980947409,73.709994681531,3
scale_default,Epsilon_Greedy,epsilon=0.1,597,70.91789100470139,3.5308481959023754,67.38704280879901,74.44873920060377,3
scale_default,Epsilon_Greedy,epsilon=0.1,598,71.10729713135673,3.5464502112469893,67.56084692010974,74.65374734260372,3
scale_default,Epsilon_Greedy,epsilon=0.1,599,71.19183126300108,3.618961139898098,67.57287012310297,74.81079240289918,3
scale_default,Epsilon_Greedy,epsilon=0.15,0,0.11260200102917584,0.07462865959094767,0.03797334143822817,0.1872306606201235,3
scale_default,Epsilon_Greedy,epsilon=0.15,1,0.18380676502638182,0.12740563050025386,0.056401134526127966,0.3112123955266357,3
scale_default,Epsilon_Greedy,epsilon=0.15,2,0.3144637254327284,0.21373166421808618,0.1007320612146422,0.5281953896508146,3
scale_default,Epsilon_Greedy,epsilon=0.15,3,0.3925433541993664,0.2720924385087078,0.12045091569065863,0.6646357927080742,3
scale_default,Epsilon_Greedy,epsilon=0.15,4,0.5143554068244693,0.3640927235702501,0.15026268325421926,0.8784481303947194,3
scale_default,Epsilon_Greedy,epsilon=0.15,5,0.6045942225763593,0.4285218675384629,0.17607235503789642,1.0331160901148222,3
scale_default,Epsilon_Greedy,epsilon=0.15,6,0.6237815194710756,0.4364247433033601,0.1873567761677155,1.0602062627744357,3
scale_default,Epsilon_Greedy,epsilon=0.15,7,0.6492416181407065,0.4282985709960114,0.2209430471446951,1.0775401891367178,3
scale_default,Epsilon_Greedy,epsilon=0.15,8,0.6604320355473137,0.42091449267413156,0.2395175428731821,1.0813465282214452,3
scale_default,Epsilon_Greedy,epsilon=0.15,9,0.6718598295498003,0.42065803888248543,0.25120179066731485,1.0925178684322856,3
scale_default,Epsilon_Greedy,epsilon=0.15,10,0.6871692675480993,0.4125037972057673,0.27466547034233196,1.0996730647538666,3
scale_default,Epsilon_Greedy,epsilon=0.15,11,0.6945774344894559,0.41905811005544846,0.2755193244340074,1.1136355445449042,3
scale_default,Epsilon_Greedy,epsilon=0.15,12,0.7057776909488104,0.42574720306978364,0.28003048787902673,1.131524894018594,3
scale_default,Epsilon_Greedy,epsilon=0.15,13,0.720214361156439,0.4267287298396038,0.2934856313168352,1.1469430909960427,3
scale_default,Epsilon_Greedy,epsilon=0.15,14,0.7335967314552265,0.4299745656989619,0.3036221657562646,1.1635712971541885,3
scale_default,Epsilon_Greedy,epsilon=0.15,15,0.758491317716706,0.4451544936246577,0.31333682409204827,1.2036458113413637,3
scale_default,Epsilon_Greedy,epsilon=0.15,16,0.7653116865896269,0.4520232098946503,0.3132884766949766,1.2173348964842772,3
scale_default,Epsilon_Greedy,epsilon=0.15,17,0.7790215051786772,0.4611311233170871,0.3178903818615901,1.2401526284957642,3
scale_default,Epsilon_Greedy,epsilon=0.15,18,0.8058792732710778,0.4892531302780735,0.3166261429930043,1.2951324035491512,3
scale_default,Epsilon_Greedy,epsilon=0.15,19,0.811826285044364,0.4930603565992984,0.3187659284450656,1.3048866416436624,3
scale_default,Epsilon_Greedy,epsilon=0.15,20,0.8331654879149147,0.502506435617297,0.3306590522976177,1.3356719235322116,3
scale_default,Epsilon_Greedy,epsilon=0.15,21,0.8381291260227256,0.5080006462490724,0.3301284797736532,1.346129772271798,3
scale_default,Epsilon_Greedy,epsilon=0.15,22,0.8446054952951013,0.5115747842564063,0.33303071103869497,1.3561802795515077,3
scale_default,Epsilon_Greedy,epsilon=0.15,23,0.8939702898444963,0.527991490587812,0.3659787992566843,1.4219617804323084,3
scale_default,Epsilon_Greedy,epsilon=0.15,24,0.8989268177738542,0.5306074690347472,0.368319348739107,1.4295342868086014,3
scale_default,Epsilon_Greedy,epsilon=0.15,25,0.9157882286961452,0.5475563493363006,0.3682318793598446,1.4633445780324457,3
scale_default,Epsilon_Greedy,epsilon=0.15,26,0.9346066718124661,0.5577793893197032,0.376827282492763,1.4923860611321693,3
scale_default,Epsilon_Greedy,epsilon=0.15,27,0.9438663883702952,0.5683726973685146,0.37549369100178065,1.51223908573881,3
scale_default,Epsilon_Greedy,epsilon=0.15,28,0.9685636053759937,0.5501503305317479,0.41841327484424584,1.5187139359077415,3
scale_default,Epsilon_Greedy,epsilon=0.15,29,0.9768195673538097,0.5561185333046579,0.4207010340491518,1.5329381006584675,3
scale_default,Epsilon_Greedy,epsilon=0.15,30,0.9854827837347274,0.5550398848122701,0.43044289892245735,1.5405226685469975,3
scale_default,Epsilon_Greedy,epsilon=0.15,31,0.9939646092798018,0.5610604660149175,0.43290414326488424,1.5550250752947194,3
scale_default,Epsilon_Greedy,epsilon=0.15,32,0.9978836747901915,0.5643667776424964,0.43351689714769504,1.562250452432688,3
scale_default,Epsilon_Greedy,epsilon=0.15,33,1.0041741931616022,0.568914044217489,0.43526014894411313,1.5730882373790913,3
scale_default,Epsilon_Greedy,epsilon=0.15,34,1.0135634589324347,0.5780536601598202,0.43550979877261453,1.591617119092255,3
scale_default,Epsilon_Greedy,epsilon=0.15,35,1.0217449231810638,0.580306639202483,0.44143828397858076,1.6020515623835467,3
scale_default,Epsilon_Greedy,epsilon=0.15,36,1.0950157435600403,0.4939058405401488,0.6011099030198914,1.5889215841001891,3
scale_default,Epsilon_Greedy,epsilon=0.15,37,1.1022097359996563,0.48454385069026734,0.617665885309389,1.5867535866899236,3
scale_default,Epsilon_Greedy,epsilon=0.15,38,1.1380185822900628,0.5252847942132213,0.6127337880768415,1.663303376503284,3
scale_default,Epsilon_Greedy,epsilon=0.15,39,1.1440591980601234,0.5286858661953021,0.6153733318648212,1.6727450642554254,3
scale_default,Epsilon_Greedy,epsilon=0.15,40,1.1509668780413895,0.5324905048804698,0.6184763731609197,1.6834573829218593,3
scale_default,Epsilon_Greedy,epsilon=0.15,41,1.1799315802578763,0.5406508417647296,0.6392807384931467,1.7205824220226058,3
scale_default,Epsilon_Greedy,epsilon=0.15,42,1.1916857466433528,0.5445371986860457,0.6471485479573071,1.7362229453293985,3
scale_default,Epsilon_Greedy,epsilon=0.15,43,1.2012601482054857,0.5482979236638202,0.6529622245416654,1.749558071869306,3
scale_default,Epsilon_Greedy,epsilon=0.15,44,1.2059143193402517,0.5533309218649034,0.6525833974753483,1.7592452412051551,3
scale_default,Epsilon_Greedy,epsilon=0.15,45,1.221205974372731,0.5519779629645074,0.6692280114082236,1.7731839373372384,3
scale_default,Epsilon_Greedy,epsilon=0.15,46,1.2557515675513218,0.5693324271698788,0.686419140381443,1.8250839947212005,3
scale_default,Epsilon_Greedy,epsilon=0.15,47,1.2816890377481625,0.5847749344598618,0.6969141032883006,1.8664639722080243,3
scale_default,Epsilon_Greedy,epsilon=0.15,48,1.2984842870060962,0.5950175845358802,0.703466702470216,1.8935018715419765,3
scale_default,Epsilon_Greedy,epsilon=0.15,49,1.3061347549814613,0.5892372753519776,0.7168974796294837,1.895372030333439,3
scale_default,Epsilon_Greedy,epsilon=0.15,50,1.319580405508563,0.5839188875099859,0.735661517998577,1.9034992930185488,3
scale_default,Epsilon_Greedy,epsilon=0.15,51,1.3301948364838658,0.585778110209067,0.7444167262747988,1.915972946692933,3
scale_default,Epsilon_Greedy,epsilon=0.15,52,1.3348839016411007,0.5796825071434943,0.7552013944976064,1.914566408784595,3
scale_default,Epsilon_Greedy,epsilon=0.15,53,1.340930644638549,0.5823084423184239,0.758622202320125,1.9232390869569729,3
scale_default,Epsilon_Greedy,epsilon=0.15,54,1.3515792593620108,0.5818015734460917,0.7697776859159191,1.9333808328081026,3
scale_default,Epsilon_Greedy,epsilon=0.15,55,1.3710885484758908,0.5855749892530066,0.7855135592228842,1.9566635377288972,3
scale_default,Epsilon_Greedy,epsilon=0.15,56,1.3757265314325486,0.5795978414856109,0.7961286899469378,1.9553243729181595,3
scale_default,Epsilon_Greedy,epsilon=0.15,57,1.3793009969255585,0.5768638994499454,0.8024370974756131,1.9561648963755038,3
scale_default,Epsilon_Greedy,epsilon=0.15,58,1.3926104947279303,0.5680545453143072,0.8245559494136231,1.9606650400422376,3
scale_default,Epsilon_Greedy,epsilon=0.15,59,1.4045773277689795,0.5658825030704555,0.838694824698524,1.970459830839435,3
scale_default,Epsilon_Greedy,epsilon=0.15,60,1.4157628591523264,0.5670259541844728,0.8487369049678536,1.982788813336799,3
scale_default,Epsilon_Greedy,epsilon=0.15,61,1.4165576090427991,0.5671005974422091,0.8494570116005901,1.9836582064850083,3
scale_default,Epsilon_Greedy,epsilon=0.15,62,1.4278561655855573,0.577233847630697,0.8506223179548603,2.0050900132162544,3
scale_default,Epsilon_Greedy,epsilon=0.15,63,1.4329874466624475,0.5805515417924414,0.8524359048700061,2.013538988454889,3
scale_default,Epsilon_Greedy,epsilon=0.15,64,1.4378109227932294,0.5843697778024591,0.8534411449907703,2.0221807005956887,3
scale_default,Epsilon_Greedy,epsilon=0.15,65,1.4446997883268444,0.5861826640694437,0.8585171242574007,2.030882452396288,3
scale_default,Epsilon_Greedy,epsilon=0.15,66,1.4473417921719995,0.5889306130758354,0.8584111790961642,2.0362724052478347,3
scale_default,Epsilon_Greedy,epsilon=0.15,67,1.4521405140345844,0.5890149962808929,0.8631255177536915,2.0411555103154773,3
scale_default,Epsilon_Greedy,epsilon=0.15,68,1.4546206608889996,0.5909122845250302,0.8637083763639694,2.04553294541403,3
scale_default,Epsilon_Greedy,epsilon=0.15,69,1.483716250082667,0.619394789176963,0.864321460905704,2.10311103925963,3
scale_default,Epsilon_Greedy,epsilon=0.15,70,1.494122488185874,0.6185081936444199,0.875614294541454,2.112630681830294,3
scale_default,Epsilon_Greedy,epsilon=0.15,71,1.5014317421598282,0.6143187799467613,0.8871129622130669,2.1157505221065893,3
scale_default,Epsilon_Greedy,epsilon=0.15,72,1.5142598222884203,0.6114545701459987,0.9028052521424216,2.125714392434419,3
scale_default,Epsilon_Greedy,epsilon=0.15,73,1.5180785948404065,0.6063003470078859,0.9117782478325206,2.1243789418482923,3
scale_default,Epsilon_Greedy,epsilon=0.15,74,1.5682182066257724,0.626673489066382,0.9415447175593904,2.1948916956921543,3
scale_default,Epsilon_Greedy,epsilon=0.15,75,1.5808194734886183,0.619896865756776,0.9609226077318422,2.2007163392453943,3
scale_default,Epsilon_Greedy,epsilon=0.15,76,1.5849415662613848,0.6153958838237945,0.9695456824375903,2.200337450085179,3
scale_default,Epsilon_Greedy,epsilon=0.15,77,1.592558639544946,0.6148296198427713,0.9777290197021747,2.2073882593877174,3
scale_default,Epsilon_Greedy,epsilon=0.15,78,1.651847295457148,0.6690227839416445,0.9828245115155034,2.3208700793987926,3
scale_default,Epsilon_Greedy,epsilon=0.15,79,1.6578959856357318,0.6746516212387044,0.9832443643970274,2.332547606874436,3
scale_default,Epsilon_Greedy,epsilon=0.15,80,1.6660701279329988,0.6757206215259923,0.9903495064070065,2.3417907494589913,3
scale_default,Epsilon_Greedy,epsilon=0.15,81,1.6692959847384952,0.6774911197912914,0.9918048649472038,2.3467871045297866,3
scale_default,Epsilon_Greedy,epsilon=0.15,82,1.6740201324458839,0.6819048794175819,0.992115253028302,2.355925011863466,3
scale_default,Epsilon_Greedy,epsilon=0.15,83,1.6824941597409104,0.6820056855806661,1.0004884741602442,2.3644998453215766,3
scale_default,Epsilon_Greedy,epsilon=0.15,84,1.6858260630468251,0.6829219707543395,1.0029040922924857,2.3687480338011646,3
scale_default,Epsilon_Greedy,epsilon=0.15,85,1.6975154129533834,0.6684730378499025,1.0290423751034807,2.365988450803286,3
scale_default,Epsilon_Greedy,epsilon=0.15,86,1.7176127204280451,0.6890056634901626,1.0286070569378825,2.406618383918208,3
scale_default,Epsilon_Greedy,epsilon=0.15,87,1.7209767542562198,0.6918956798736849,1.029081074382535,2.4128724341299046,3
scale_default,Epsilon_Greedy,epsilon=0.15,88,1.729956564893711,0.687043302861009,1.042913262032702,2.41699986775472,3
scale_default,Epsilon_Greedy,epsilon=0.15,89,1.7371204940919396,0.6911538368963617,1.045966657195578,2.4282743309883013,3
scale_default,Epsilon_Greedy,epsilon=0.15,90,1.745537938256039,0.6926263323264924,1.0529116059295465,2.4381642705825315,3
scale_default,Epsilon_Greedy,epsilon=0.15,91,1.7756177840992466,0.6877092142459948,1.0879085698532518,2.4633269983452415,3
scale_default,Epsilon_Greedy,epsilon=0.15,92,1.782233755249812,0.6861833786617731,1.096050376588039,2.468417133911585,3
scale_default,Epsilon_Greedy,epsilon=0.15,93,1.7900103495595456,0.6943632336809585,1.0956471158785872,2.484373583240504,3
scale_default,Epsilon_Greedy,epsilon=0.15,94,1.8464466890055193,0.677420428125256,1.1690262608802633,2.5238671171307754,3
scale_default,Epsilon_Greedy,epsilon=0.15,95,1.851443846364812,0.6693804942031693,1.1820633521616428,2.520824340567981,3
scale_default,Epsilon_Greedy,epsilon=0.15,96,1.85399842296666,0.6700716515617767,1.1839267714048831,2.524070074528437,3
scale_default,Epsilon_Greedy,epsilon=0.15,97,1.8660323574755981,0.6659796144320295,1.2000527430435688,2.5320119719076275,3
scale_default,Epsilon_Greedy,epsilon=0.15,98,1.873850553270622,0.6696630289893434,1.2041875242812785,2.5435135822599655,3
scale_default,Epsilon_Greedy,epsilon=0.15,99,1.891080738935294,0.6728794016890349,1.218201337246259,2.563960140624329,3
scale_default,Epsilon_Greedy,epsilon=0.15,100,1.896225259799366,0.6779473553070683,1.2182779044922978,2.574172615106434,3
scale_default,Epsilon_Greedy,epsilon=0.15,101,1.9086357221138268,0.6878672058697815,1.2207685162440454,2.5965029279836083,3
scale_default,Epsilon_Greedy,epsilon=0.15,102,1.9238204424509224,0.6883625047949926,1.2354579376559298,2.6121829472459153,3
scale_default,Epsilon_Greedy,epsilon=0.15,103,1.934706833346355,0.6890559684441321,1.245650864902223,2.623762801790487,3
scale_default,Epsilon_Greedy,epsilon=0.15,104,1.9444593910401842,0.6854425224607124,1.2590168685794718,2.6299019135008965,3
scale_default,Epsilon_Greedy,epsilon=0.15,105,1.9602051713684263,0.6913185484580393,1.268886622910387,2.6515237198264656,3
scale_default,Epsilon_Greedy,epsilon=0.15,106,1.9631200928116765,0.6927168766035181,1.2704032162081584,2.6558369694151946,3
scale_default,Epsilon_Greedy,epsilon=0.15,107,1.9631200928116765,0.6927168766035181,1.2704032162081584,2.6558369694151946,3
scale_default,Epsilon_Greedy,epsilon=0.15,108,1.9798985101542612,0.703017244744763,1.2768812654094983,2.682915754899024,3
scale_default,Epsilon_Greedy,epsilon=0.15,109,1.9924362422256017,0.715051918311729,1.2773843239138727,2.7074881605373307,3
scale_default,Epsilon_Greedy,epsilon=0.15,110,2.0081122312267783,0.7229726170811002,1.2851396141456781,2.7310848483078782,3
scale_default,Epsilon_Greedy,epsilon=0.15,111,2.0109869948881305,0.7219100975375572,1.2890768973505733,2.732897092425688,3
scale_default,Epsilon_Greedy,epsilon=0.15,112,2.019442839452634,0.729023756140953,1.2904190833116806,2.748466595593587,3
scale_default,Epsilon_Greedy,epsilon=0.15,113,2.027027584489458,0.7293908682971515,1.2976367161923066,2.7564184527866096,3
scale_default,Epsilon_Greedy,epsilon=0.15,114,2.039633884198377,0.717079665400932,1.3225542187974448,2.756713549599309,3
scale_default,Epsilon_Greedy,epsilon=0.15,115,2.06576724314923,0.739975404844495,1.3257918383047351,2.8057426479937253,3
scale_default,Epsilon_Greedy,epsilon=0.15,116,2.0707020114777506,0.7439689278754198,1.3267330836023308,2.8146709393531704,3
scale_default,Epsilon_Greedy,epsilon=0.15,117,2.0905752813556853,0.7274580934541877,1.3631171879014976,2.8180333748098727,3
scale_default,Epsilon_Greedy,epsilon=0.15,118,2.0970298582807128,0.7331002122657096,1.363929646015003,2.8301300705464225,3
scale_default,Epsilon_Greedy,epsilon=0.15,119,2.0974782440305435,0.7333778373777233,1.3641004066528202,2.8308560814082666,3
scale_default,Epsilon_Greedy,epsilon=0.15,120,2.1026450365010176,0.7277855544784284,1.3748594820225892,2.830430590979446,3
scale_default,Epsilon_Greedy,epsilon=0.15,121,2.109218542248483,0.7320306018067732,1.3771879404417096,2.841249144055256,3
scale_default,Epsilon_Greedy,epsilon=0.15,122,2.1191765914684884,0.7319172424540579,1.3872593490144305,2.8510938339225462,3
scale_default,Epsilon_Greedy,epsilon=0.15,123,2.1376908558069236,0.7132175133733922,1.4244733424335314,2.850908369180316,3
scale_default,Epsilon_Greedy,epsilon=0.15,124,2.141935155512821,0.7114007408214966,1.4305344146913244,2.8533358963343174,3
scale_default,Epsilon_Greedy,epsilon=0.15,125,2.1534347914013163,0.7078657710751036,1.4455690203262126,2.86130056247642,3
scale_default,Epsilon_Greedy,epsilon=0.15,126,2.1592113910750084,0.7132443794749842,1.445967011600024,2.8724557705499927,3
scale_default,Epsilon_Greedy,epsilon=0.15,127,2.1685292825705225,0.7004363014947627,1.4680929810757597,2.8689655840652852,3
scale_default,Epsilon_Greedy,epsilon=0.15,128,2.169604897561299,0.7014095620708424,1.4681953354904569,2.8710144596321414,3
scale_default,Epsilon_Greedy,epsilon=0.15,129,2.170487308269769,0.7022867752788747,1.468200532990894,2.8727740835486437,3
scale_default,Epsilon_Greedy,epsilon=0.15,130,2.1921315421784455,0.7245409040055976,1.4675906381728479,2.916672446184043,3
scale_default,Epsilon_Greedy,epsilon=0.15,131,2.231855642402653,0.7493112176828889,1.4825444247197643,2.9811668600855423,3
scale_default,Epsilon_Greedy,epsilon=0.15,132,2.231855642402653,0.7493112176828889,1.4825444247197643,2.9811668600855423,3
scale_default,Epsilon_Greedy,epsilon=0.15,133,2.2332029222786187,0.7472563082536301,1.4859466140249886,2.980459230532249,3
scale_default,Epsilon_Greedy,epsilon=0.15,134,2.2382655138761565,0.7446990205974445,1.493566493278712,2.982964534473601,3
scale_default,Epsilon_Greedy,epsilon=0.15,135,2.2442942956164718,0.7375631408715716,1.5067311547449003,2.9818574364880432,3
scale_default,Epsilon_Greedy,epsilon=0.15,136,2.247669179548507,0.7408703314465167,1.5067988481019903,2.9885395109950235,3
scale_default,Epsilon_Greedy,epsilon=0.15,137,2.252990211829325,0.7399356996921097,1.5130545121372152,2.9929259115214344,3
scale_default,Epsilon_Greedy,epsilon=0.15,138,2.261289649402785,0.737523310356883,1.523766339045902,2.998812959759668,3
scale_default,Epsilon_Greedy,epsilon=0.15,139,2.3393369985511643,0.7853428460910649,1.5539941524600995,3.124679844642229,3
scale_default,Epsilon_Greedy,epsilon=0.15,140,2.3498728435856058,0.781572390410683,1.5683004531749227,3.131445233996289,3
scale_default,Epsilon_Greedy,epsilon=0.15,141,2.355967140836759,0.7779972317866849,1.5779699090500738,3.133964372623444,3
scale_default,Epsilon_Greedy,epsilon=0.15,142,2.3609869799565044,0.7821520012752362,1.578834978681268,3.1431389812317407,3
scale_default,Epsilon_Greedy,epsilon=0.15,143,2.4022150102115227,0.7140554220990544,1.6881595881124682,3.116270432310577,3
scale_default,Epsilon_Greedy,epsilon=0.15,144,2.410716388760585,0.714751184455996,1.695965204304589,3.125467573216581,3
scale_default,Epsilon_Greedy,epsilon=0.15,145,2.4820314844404487,0.6053065704553909,1.8767249139850577,3.08733805489584,3
scale_default,Epsilon_Greedy,epsilon=0.15,146,2.489582172479704,0.6035850299071195,1.8859971425725843,3.093167202386823,3
scale_default,Epsilon_Greedy,epsilon=0.15,147,2.497704892225594,0.5955310576267748,1.9021738345988193,3.0932359498523687,3
scale_default,Epsilon_Greedy,epsilon=0.15,148,2.5156410018461517,0.6108555846623135,1.904785417183838,3.1264965865084653,3
scale_default,Epsilon_Greedy,epsilon=0.15,149,2.5475813710099255,0.5648697532269732,1.9827116177829525,3.1124511242368986,3
scale_default,Epsilon_Greedy,epsilon=0.15,150,2.5569892994946755,0.5715903010021051,1.9853989984925704,3.1285796004967805,3
scale_default,Epsilon_Greedy,epsilon=0.15,151,2.5730853902767135,0.5715484361507178,2.0015369541259957,3.144633826427431,3
scale_default,Epsilon_Greedy,epsilon=0.15,152,2.581963979113297,0.5740074951657944,2.0079564839475026,3.1559714742790916,3
scale_default,Epsilon_Greedy,epsilon=0.15,153,2.588071463590726,0.5792904853230813,2.008780978267645,3.167361948913807,3
scale_default,Epsilon_Greedy,epsilon=0.15,154,2.5995202136541704,0.5886816934621947,2.010838520191976,3.188201907116365,3
scale_default,Epsilon_Greedy,epsilon=0.15,155,2.6073771206275915,0.5857605346195052,2.0216165860080864,3.1931376552470967,3
scale_default,Epsilon_Greedy,epsilon=0.15,156,2.6114382407763244,0.5854788584898434,2.025959382286481,3.1969170992661677,3
scale_default,Epsilon_Greedy,epsilon=0.15,157,2.6129284725078445,0.5868123516066471,2.0261161209011975,3.1997408241144916,3
scale_default,Epsilon_Greedy,epsilon=0.15,158,2.618114911890529,0.5847541990750867,2.0333607128154423,3.202869110965616,3
scale_default,Epsilon_Greedy,epsilon=0.15,159,2.6182858440760532,0.5849094074355762,2.033376436640477,3.2031952515116293,3
scale_default,Epsilon_Greedy,epsilon=0.15,160,2.6719027437703886,0.6304290449916419,2.0414736987787467,3.3023317887620305,3
scale_default,Epsilon_Greedy,epsilon=0.15,161,2.7247435829852193,0.5509581369683383,2.173785446016881,3.275701719953558,3
scale_default,Epsilon_Greedy,epsilon=0.15,162,2.7249823775319153,0.5511635919624872,2.173818785569428,3.2761459694944026,3
scale_default,Epsilon_Greedy,epsilon=0.15,163,2.7286411763428426,0.5526271427998873,2.1760140335429554,3.28126831914273,3
scale_default,Epsilon_Greedy,epsilon=0.15,164,2.7470859680194564,0.5688735447296699,2.1782124232897866,3.315959512749126,3
scale_default,Epsilon_Greedy,epsilon=0.15,165,2.750055937781537,0.5713477175851862,2.178708220196351,3.321403655366723,3
scale_default,Epsilon_Greedy,epsilon=0.15,166,2.7601939077649718,0.5800903699501658,2.180103537814806,3.3402842777151376,3
scale_default,Epsilon_Greedy,epsilon=0.15,167,2.7611195947779854,0.5808625641538959,2.1802570306240896,3.341982158931881,3
scale_default,Epsilon_Greedy,epsilon=0.15,168,2.765232101207189,0.5801427560443674,2.1850893451628215,3.3453748572515565,3
scale_default,Epsilon_Greedy,epsilon=0.15,169,2.769097565615103,0.5835066694962031,2.1855908961189,3.3526042351113063,3
scale_default,Epsilon_Greedy,epsilon=0.15,170,2.7714682223032443,0.5856660479245827,2.1858021743786615,3.357134270227827,3
scale_default,Epsilon_Greedy,epsilon=0.15,171,2.77522176803986,0.5791683286879642,2.196053439351896,3.354390096727824,3
scale_default,Epsilon_Greedy,epsilon=0.15,172,2.792598304669813,0.5840742207183356,2.2085240839514775,3.376672525388148,3
scale_default,Epsilon_Greedy,epsilon=0.15,173,2.8014891643246282,0.5815028078275416,2.2199863564970865,3.38299197215217,3
scale_default,Epsilon_Greedy,epsilon=0.15,174,2.820417693733773,0.5878095389111879,2.232608154822585,3.408227232644961,3
scale_default,Epsilon_Greedy,epsilon=0.15,175,2.824837575765397,0.5913548676254253,2.233482708139972,3.4161924433908224,3
scale_default,Epsilon_Greedy,epsilon=0.15,176,2.8347085002272165,0.6013653151043727,2.233343185122844,3.4360738153315893,3
scale_default,Epsilon_Greedy,epsilon=0.15,177,2.847540214946564,0.6010638469327433,2.2464763680138207,3.4486040618793075,3
scale_default,Epsilon_Greedy,epsilon=0.15,178,2.8515281849982137,0.595924828100104,2.2556033568981095,3.447453013098318,3
scale_default,Epsilon_Greedy,epsilon=0.15,179,2.8581746996290325,0.5942795675373957,2.263895132091637,3.452454267166428,3
scale_default,Epsilon_Greedy,epsilon=0.15,180,2.8661029676053964,0.5869393245765033,2.279163643028893,3.4530422921819,3
scale_default,Epsilon_Greedy,epsilon=0.15,181,2.8667995048846735,0.5876546666262925,2.279144838258381,3.454454171510966,3
scale_default,Epsilon_Greedy,epsilon=0.15,182,2.86846932376582,0.5888179204666089,2.2796514032992112,3.457287244232429,3
scale_default,Epsilon_Greedy,epsilon=0.15,183,2.8716313657044306,0.591933413719119,2.2796979519853116,3.4635647794235496,3
scale_default,Epsilon_Greedy,epsilon=0.15,184,2.8743129689697544,0.591436457554638,2.2828765114151164,3.4657494265243924,3
scale_default,Epsilon_Greedy,epsilon=0.15,185,2.8801233055884974,0.5905397861022609,2.2895835194862366,3.470663091690758,3
scale_default,Epsilon_Greedy,epsilon=0.15,186,2.888938172229789,0.5897383896253919,2.299199782604397,3.478676561855181,3
scale_default,Epsilon_Greedy,epsilon=0.15,187,2.891553429233189,0.5919310760468127,2.2996223531863764,3.4834845052800016,3
scale_default,Epsilon_Greedy,epsilon=0.15,188,2.905116398063896,0.5989329236569482,2.306183474406948,3.5040493217208444,3
scale_default,Epsilon_Greedy,epsilon=0.15,189,2.9204053355878403,0.6024326847739908,2.3179726508138496,3.522838020361831,3
scale_default,Epsilon_Greedy,epsilon=0.15,190,2.9233399976321235,0.6013173249930662,2.3220226726390574,3.5246573226251896,3
scale_default,Epsilon_Greedy,epsilon=0.15,191,2.9278655628028907,0.6051543887889811,2.3227111740139095,3.533019951591872,3
scale_default,Epsilon_Greedy,epsilon=0.15,192,2.933544359108477,0.602150627928978,2.331393731179499,3.535694987037455,3
scale_default,Epsilon_Greedy,epsilon=0.15,193,2.935824890857719,0.6041555851712137,2.331669305686505,3.5399804760289326,3
scale_default,Epsilon_Greedy,epsilon=0.15,194,2.9365465824768613,0.6031091326265638,2.3334374498502974,3.539655715103425,3
scale_default,Epsilon_Greedy,epsilon=0.15,195,2.9450448686453554,0.6094147689350445,2.3356300997103108,3.5544596375804,3
scale_default,Epsilon_Greedy,epsilon=0.15,196,2.97492286306813,0.6217080967529887,2.3532147663151415,3.596630959821119,3
scale_default,Epsilon_Greedy,epsilon=0.15,197,2.985996969886102,0.6171031798100144,2.368893790076088,3.6031001496961164,3
scale_default,Epsilon_Greedy,epsilon=0.15,198,2.99594077315334,0.6168242182735221,2.379116554879818,3.6127649914268622,3
scale_default,Epsilon_Greedy,epsilon=0.15,199,3.027217817633043,0.6313632010623634,2.3958546165706793,3.6585810186954064,3
scale_default,Epsilon_Greedy,epsilon=0.15,200,3.2534979315658283,0.612502484095065,2.6409954474707633,3.8660004156608934,3
scale_default,Epsilon_Greedy,epsilon=0.15,201,3.3612706250490625,0.6116234445300872,2.7496471805189753,3.9728940695791497,3
scale_default,Epsilon_Greedy,epsilon=0.15,202,3.5823809533027546,0.6268252618065366,2.955555691496218,4.209206215109291,3
scale_default,Epsilon_Greedy,epsilon=0.15,203,3.6317845374565874,0.6064744213900108,3.0253101160665765,4.238258958846599,3
scale_default,Epsilon_Greedy,epsilon=0.15,204,3.795181894455689,0.7036767297761434,3.0915051646795457,4.498858624231833,3
scale_default,Epsilon_Greedy,epsilon=0.15,205,4.106183855322053,0.6806210639305751,3.425562791391478,4.786804919252628,3
scale_default,Epsilon_Greedy,epsilon=0.15,206,4.359872129276965,0.7653813430624556,3.59449078621451,5.125253472339421,3
scale_default,Epsilon_Greedy,epsilon=0.15,207,4.575128979182412,0.7358823773601849,3.839246601822227,5.311011356542597,3
scale_default,Epsilon_Greedy,epsilon=0.15,208,4.682322270051603,0.6946390962417096,3.9876831738098937,5.376961366293313,3
scale_default,Epsilon_Greedy,epsilon=0.15,209,4.90286775691182,0.5377963687442954,4.365071388167524,5.440664125656116,3
scale_default,Epsilon_Greedy,epsilon=0.15,210,5.095212900975454,0.5416315911297516,4.553581309845702,5.636844492105206,3
scale_default,Epsilon_Greedy,epsilon=0.15,211,5.2869180945976675,0.6519053284418462,4.635012766155821,5.938823423039514,3
scale_default,Epsilon_Greedy,epsilon=0.15,212,5.463824856287535,0.7299609871344402,4.733863869153095,6.193785843421975,3
scale_default,Epsilon_Greedy,epsilon=0.15,213,5.5788592699538855,0.6569531902538893,4.921906079699996,6.235812460207775,3
scale_default,Epsilon_Greedy,epsilon=0.15,214,5.6893982895219155,0.7056878854730709,4.9837104040488445,6.3950861749949865,3
scale_default,Epsilon_Greedy,epsilon=0.15,215,5.886353141209718,0.567986329619181,5.318366811590537,6.4543394708288995,3
scale_default,Epsilon_Greedy,epsilon=0.15,216,6.200018345291571,0.38976270299860616,5.810255642292965,6.5897810482901775,3
scale_default,Epsilon_Greedy,epsilon=0.15,217,6.459075719208021,0.4506318132451572,6.008443905962864,6.909707532453178,3
scale_default,Epsilon_Greedy,epsilon=0.15,218,6.621337656168568,0.40082071923656776,6.220516936932,7.0221583754051355,3
scale_default,Epsilon_Greedy,epsilon=0.15,219,6.715959557288671,0.3679532333010408,6.34800632398763,7.083912790589712,3
scale_default,Epsilon_Greedy,epsilon=0.15,220,6.808942179974693,0.43216808834765186,6.376774091627041,7.241110268322345,3
scale_default,Epsilon_Greedy,epsilon=0.15,221,6.919635130615055,0.34316621551297555,6.57646891510208,7.262801346128031,3
scale_default,Epsilon_Greedy,epsilon=0.15,222,7.049213634601706,0.3439940404787748,6.705219594122932,7.393207675080481,3
scale_default,Epsilon_Greedy,epsilon=0.15,223,7.2162030117368525,0.3256123143471807,6.890590697389672,7.541815326084033,3
scale_default,Epsilon_Greedy,epsilon=0.15,224,7.304904153028393,0.2861347008517977,7.0187694521765955,7.591038853880191,3
scale_default,Epsilon_Greedy,epsilon=0.15,225,7.605690098813476,0.2853130452769432,7.320377053536532,7.891003144090419,3
scale_default,Epsilon_Greedy,epsilon=0.15,226,7.754196527492025,0.31021299551708775,7.443983531974937,8.064409523009113,3
scale_default,Epsilon_Greedy,epsilon=0.15,227,8.103261295605405,0.6035695203938369,7.499691775211568,8.706830815999242,3
scale_default,Epsilon_Greedy,epsilon=0.15,228,8.309130399520834,0.5640831654850348,7.745047234035799,8.87321356500587,3
scale_default,Epsilon_Greedy,epsilon=0.15,229,8.373965778697508,0.5887127269658414,7.785253051731667,8.96267850566335,3
scale_default,Epsilon_Greedy,epsilon=0.15,230,8.42632785845784,0.5355891322602878,7.890738726197553,8.961916990718128,3
scale_default,Epsilon_Greedy,epsilon=0.15,231,8.584709178378551,0.5174740286138341,8.067235149764716,9.102183206992386,3
scale_default,Epsilon_Greedy,epsilon=0.15,232,8.743122843894994,0.49603493521849856,8.247087908676496,9.239157779113492,3
scale_default,Epsilon_Greedy,epsilon=0.15,233,8.87188325131225,0.5497411298311966,8.322142121481052,9.421624381143447,3
scale_default,Epsilon_Greedy,epsilon=0.15,234,8.95250288162065,0.5038567331817932,8.448646148438856,9.456359614802443,3
scale_default,Epsilon_Greedy,epsilon=0.15,235,9.127386468420342,0.504408543233738,8.622977925186603,9.63179501165408,3
scale_default,Epsilon_Greedy,epsilon=0.15,236,9.259398281836198,0.46028443325041396,8.799113848585783,9.719682715086613,3
scale_default,Epsilon_Greedy,epsilon=0.15,237,9.384292867948497,0.41230899531300685,8.97198387263549,9.796601863261504,3
scale_default,Epsilon_Greedy,epsilon=0.15,238,9.534954775196201,0.23157732385062046,9.30337745134558,9.766532099046822,3
scale_default,Epsilon_Greedy,epsilon=0.15,239,9.6981036991009,0.08153248027067354,9.616571218830225,9.779636179371574,3
scale_default,Epsilon_Greedy,epsilon=0.15,240,9.851709608879629,0.1240562101138865,9.727653398765742,9.975765818993516,3
scale_default,Epsilon_Greedy,epsilon=0.15,241,9.878371104243131,0.11591785013117833,9.762453254111954,9.994288954374309,3
scale_default,Epsilon_Greedy,epsilon=0.15,242,10.000393888962172,0.20292082471926925,9.797473064242903,10.203314713681442,3
scale_default,Epsilon_Greedy,epsilon=0.15,243,10.127457224523669,0.2504990735456258,9.876958150978043,10.377956298069295,3
scale_default,Epsilon_Greedy,epsilon=0.15,244,10.309331433015403,0.205730552470999,10.103600880544404,10.515061985486403,3
scale_default,Epsilon_Greedy,epsilon=0.15,245,10.381652426072007,0.26512049575115515,10.116531930320852,10.646772921823162,3
scale_default,Epsilon_Greedy,epsilon=0.15,246,10.49757396124655,0.3079304445564909,10.18964351669006,10.80550440580304,3
scale_default,Epsilon_Greedy,epsilon=0.15,247,10.681743722071573,0.3246893468031648,10.357054375268408,11.006433068874738,3
scale_default,Epsilon_Greedy,epsilon=0.15,248,10.860514701526853,0.3159719895159608,10.544542712010893,11.176486691042813,3
scale_default,Epsilon_Greedy,epsilon=0.15,249,11.008335864696798,0.33927581626556025,10.669060048431238,11.347611680962359,3
scale_default,Epsilon_Greedy,epsilon=0.15,250,11.17115850792863,0.40805538227535826,10.763103125653272,11.57921389020399,3
scale_default,Epsilon_Greedy,epsilon=0.15,251,11.347448603137217,0.5417144563192963,10.80573414681792,11.889163059456513,3
scale_default,Epsilon_Greedy,epsilon=0.15,252,11.466997947203316,0.5986998038636997,10.868298143339617,12.065697751067015,3
scale_default,Epsilon_Greedy,epsilon=0.15,253,11.549242947862973,0.5416789793916876,11.007563968471286,12.09092192725466,3
scale_default,Epsilon_Greedy,epsilon=0.15,254,11.660791016889013,0.5375876776305163,11.123203339258497,12.198378694519528,3
scale_default,Epsilon_Greedy,epsilon=0.15,255,11.72858914364216,0.5912104958113765,11.137378647830785,12.319799639453537,3
scale_default,Epsilon_Greedy,epsilon=0.15,256,11.994895833415072,0.7094772240066882,11.285418609408383,12.70437305742176,3
scale_default,Epsilon_Greedy,epsilon=0.15,257,12.177429229042035,0.553042182145192,11.624387046896842,12.730471411187228,3
scale_default,Epsilon_Greedy,epsilon=0.15,258,12.295037966992496,0.4564622254559039,11.83857574153659,12.7515001924484,3
scale_default,Epsilon_Greedy,epsilon=0.15,259,12.386711205099594,0.5525957663706021,11.834115438728992,12.939306971470197,3
scale_default,Epsilon_Greedy,epsilon=0.15,260,12.546054065089274,0.5964651593350394,11.949588905754235,13.142519224424314,3
scale_default,Epsilon_Greedy,epsilon=0.15,261,12.74115896638279,0.6465772921530514,12.094581674229739,13.38773625853584,3
scale_default,Epsilon_Greedy,epsilon=0.15,262,12.812222980209048,0.6184483853634188,12.19377459484563,13.430671365572467,3
scale_default,Epsilon_Greedy,epsilon=0.15,263,12.96116481275179,0.5252653652979503,12.435899447453838,13.48643017804974,3
scale_default,Epsilon_Greedy,epsilon=0.15,264,13.117463397542773,0.5681616818799878,12.549301715662786,13.68562507942276,3
scale_default,Epsilon_Greedy,epsilon=0.15,265,13.221422977482066,0.5667770021667253,12.65464597531534,13.788199979648791,3
scale_default,Epsilon_Greedy,epsilon=0.15,266,13.388706899406822,0.5874248112179749,12.801282088188847,13.976131710624797,3
scale_default,Epsilon_Greedy,epsilon=0.15,267,13.454287090586107,0.6054896924585861,12.84879739812752,14.059776783044693,3
scale_default,Epsilon_Greedy,epsilon=0.15,268,13.671145093884,0.6720287766432578,12.999116317240743,14.343173870527258,3
scale_default,Epsilon_Greedy,epsilon=0.15,269,13.893527953794461,0.9129800893059493,12.980547864488512,14.80650804310041,3
scale_default,Epsilon_Greedy,epsilon=0.15,270,14.021445743582724,0.8447840003099595,13.176661743272765,14.866229743892683,3
scale_default,Epsilon_Greedy,epsilon=0.15,271,14.2249935436409,0.8288149011444725,13.396178642496428,15.053808444785373,3
scale_default,Epsilon_Greedy,epsilon=0.15,272,14.480100903096632,0.818466001284194,13.661634901812437,15.298566904380827,3
scale_default,Epsilon_Greedy,epsilon=0.15,273,14.715111670980598,0.9302110427330489,13.784900628247549,15.645322713713647,3
scale_default,Epsilon_Greedy,epsilon=0.15,274,14.935714941799887,1.0590511221294863,13.876663819670402,15.994766063929372,3
scale_default,Epsilon_Greedy,epsilon=0.15,275,15.159922506166604,1.0717846949146521,14.08813781125195,16.231707201081257,3
scale_default,Epsilon_Greedy,epsilon=0.15,276,15.270922375365322,1.090434041700784,14.180488333664538,16.361356417066105,3
scale_default,Epsilon_Greedy,epsilon=0.15,277,15.35032530317695,1.020393194263123,14.329932108913827,16.370718497440073,3
scale_default,Epsilon_Greedy,epsilon=0.15,278,15.442609439314921,1.0650710744762326,14.377538364838689,16.507680513791154,3
scale_default,Epsilon_Greedy,epsilon=0.15,279,15.672053247856242,1.0698610525675927,14.60219219528865,16.741914300423836,3
scale_default,Epsilon_Greedy,epsilon=0.15,280,15.912345091236398,1.109229191758751,14.803115899477648,17.02157428299515,3
scale_default,Epsilon_Greedy,epsilon=0.15,281,16.002511410274355,1.1094332904168747,14.893078119857481,17.11194470069123,3
scale_default,Epsilon_Greedy,epsilon=0.15,282,16.10507847876926,1.1796366962241254,14.925441782545136,17.284715174993387,3
scale_default,Epsilon_Greedy,epsilon=0.15,283,16.250988728241115,1.051804136136388,15.199184592104727,17.3027928643775,3
scale_default,Epsilon_Greedy,epsilon=0.15,284,16.397356593981026,1.0614859940683248,15.335870599912703,17.45884258804935,3
scale_default,Epsilon_Greedy,epsilon=0.15,285,16.548119361123614,0.9817002543138501,15.566419106809764,17.529819615437464,3
scale_default,Epsilon_Greedy,epsilon=0.15,286,16.747502397333985,1.1396337577401963,15.60786863959379,17.88713615507418,3
scale_default,Epsilon_Greedy,epsilon=0.15,287,16.847332818307525,1.0710731657791381,15.776259652528386,17.91840598408666,3
scale_default,Epsilon_Greedy,epsilon=0.15,288,17.008988549036825,1.0639847901510229,15.945003758885802,18.072973339187847,3
scale_default,Epsilon_Greedy,epsilon=0.15,289,17.210491427015462,1.3037605481892904,15.906730878826172,18.514251975204754,3
scale_default,Epsilon_Greedy,epsilon=0.15,290,17.483557959885356,1.33698884822191,16.146569111663446,18.820546808107267,3
scale_default,Epsilon_Greedy,epsilon=0.15,291,17.738564316540376,1.4866270032619708,16.251937313278404,19.22519131980235,3
scale_default,Epsilon_Greedy,epsilon=0.15,292,17.961481339264903,1.559977006862724,16.40150433240218,19.521458346127627,3
scale_default,Epsilon_Greedy,epsilon=0.15,293,18.044314831655296,1.5228847119497488,16.521430119705546,19.567199543605046,3
scale_default,Epsilon_Greedy,epsilon=0.15,294,18.17112459940578,1.3957164545980278,16.775408144807752,19.566841054003806,3
scale_default,Epsilon_Greedy,epsilon=0.15,295,18.324424727920967,1.4368834224594458,16.88754130546152,19.76130815038041,3
scale_default,Epsilon_Greedy,epsilon=0.15,296,18.60237139449578,1.4500237045250925,17.152347689970686,20.052395099020874,3
scale_default,Epsilon_Greedy,epsilon=0.15,297,18.691069374630583,1.5507822089768921,17.140287165653692,20.241851583607474,3
scale_default,Epsilon_Greedy,epsilon=0.15,298,18.918000090799627,1.5166745541988755,17.40132553660075,20.434674644998502,3
scale_default,Epsilon_Greedy,epsilon=0.15,299,19.089390640334443,1.5230000764780265,17.566390563856416,20.61239071681247,3
scale_default,Epsilon_Greedy,epsilon=0.15,300,19.28356606638017,1.3857902483259232,17.89777581805425,20.669356314706093,3
scale_default,Epsilon_Greedy,epsilon=0.15,301,19.517452361551022,1.2926621936556713,18.22479016789535,20.810114555206695,3
scale_default,Epsilon_Greedy,epsilon=0.15,302,19.6744055711443,1.2426266402408341,18.43177893090347,20.917032211385134,3
scale_default,Epsilon_Greedy,epsilon=0.15,303,19.753428762505795,1.2272748007933019,18.52615396171249,20.980703563299098,3
scale_default,Epsilon_Greedy,epsilon=0.15,304,19.957764160383434,1.1723570733098725,18.785407087073562,21.130121233693306,3
scale_default,Epsilon_Greedy,epsilon=0.15,305,20.113670610235477,1.253751312291017,18.85991929794446,21.367421922526493,3
scale_default,Epsilon_Greedy,epsilon=0.15,306,20.39722167391092,1.2419956811633028,19.155225992747617,21.639217355074223,3
scale_default,Epsilon_Greedy,epsilon=0.15,307,20.473291547532014,1.1674300142648417,19.305861533267173,21.640721561796855,3
scale_default,Epsilon_Greedy,epsilon=0.15,308,20.616181438456948,1.2302445006126002,19.38593693784435,21.846425939069547,3
scale_default,Epsilon_Greedy,epsilon=0.15,309,20.770426250143597,1.3421121861119374,19.42831406403166,22.112538436255534,3
scale_default,Epsilon_Greedy,epsilon=0.15,310,20.915501854792584,1.2432867371823584,19.672215117610225,22.158788591974943,3
scale_default,Epsilon_Greedy,epsilon=0.15,311,21.062924356359414,1.334536642711969,19.728387713647443,22.397460999071384,3
scale_default,Epsilon_Greedy,epsilon=0.15,312,21.149673531360744,1.314126324735865,19.835547206624877,22.46379985609661,3
scale_default,Epsilon_Greedy,epsilon=0.15,313,21.21683156465352,1.29121876259638,19.92561280205714,22.5080503272499,3
scale_default,Epsilon_Greedy,epsilon=0.15,314,21.313501604692167,1.2827866552207159,20.030714949471452,22.596288259912882,3
scale_default,Epsilon_Greedy,epsilon=0.15,315,21.558639467137123,1.3838136116896758,20.174825855447448,22.942453078826798,3
scale_default,Epsilon_Greedy,epsilon=0.15,316,21.777056290343324,1.3202733940916933,20.45678289625163,23.097329684435017,3
scale_default,Epsilon_Greedy,epsilon=0.15,317,21.802682160243737,1.3478005414639258,20.45488161877981,23.150482701707663,3
scale_default,Epsilon_Greedy,epsilon=0.15,318,21.904116526967925,1.2976987879910409,20.606417738976884,23.201815314958967,3
scale_default,Epsilon_Greedy,epsilon=0.15,319,22.082787496446617,1.1889147921180017,20.893872704328615,23.27170228856462,3
scale_default,Epsilon_Greedy,epsilon=0.15,320,22.267267175768495,1.220889125474594,21.046378050293903,23.488156301243087,3
scale_default,Epsilon_Greedy,epsilon=0.15,321,22.496880853227548,1.1751758767678586,21.32170497645969,23.672056729995408,3
scale_default,Epsilon_Greedy,epsilon=0.15,322,22.769602357798203,1.080611963508505,21.688990394289696,23.85021432130671,3
scale_default,Epsilon_Greedy,epsilon=0.15,323,22.853176966005453,1.157774440654896,21.695402525350556,24.01095140666035,3
scale_default,Epsilon_Greedy,epsilon=0.15,324,23.028433859219188,1.0571073137277087,21.97132654549148,24.085541172946897,3
scale_default,Epsilon_Greedy,epsilon=0.15,325,23.134564980403837,1.0506079525925727,22.083957027811266,24.18517293299641,3
scale_default,Epsilon_Greedy,epsilon=0.15,326,23.357944450036086,0.9915271146866667,22.36641733534942,24.34947156472275,3
scale_default,Epsilon_Greedy,epsilon=0.15,327,23.398885864350515,1.00864478045819,22.390241083892324,24.407530644808705,3
scale_default,Epsilon_Greedy,epsilon=0.15,328,23.4786099039536,1.0807898862326444,22.397820017720957,24.559399790186244,3
scale_default,Epsilon_Greedy,epsilon=0.15,329,23.543053394346316,1.0865829888477576,22.456470405498557,24.629636383194075,3
scale_default,Epsilon_Greedy,epsilon=0.15,330,23.71377764416131,0.8827413211336954,22.831036323027615,24.596518965295008,3
scale_default,Epsilon_Greedy,epsilon=0.15,331,23.906680746241985,0.9374544797427965,22.969226266499188,24.844135225984783,3
scale_default,Epsilon_Greedy,epsilon=0.15,332,24.027589087224317,0.8101516670546353,23.21743742016968,24.837740754278954,3
scale_default,Epsilon_Greedy,epsilon=0.15,333,24.224194753961303,0.7818142696317476,23.442380484329554,25.00600902359305,3
scale_default,Epsilon_Greedy,epsilon=0.15,334,24.350161127707434,0.7766958417692039,23.57346528593823,25.126856969476638,3
scale_default,Epsilon_Greedy,epsilon=0.15,335,24.46324440814386,0.8197228110371798,23.64352159710668,25.282967219181042,3
scale_default,Epsilon_Greedy,epsilon=0.15,336,24.567650438698262,0.8064758808740227,23.76117455782424,25.374126319572284,3
scale_default,Epsilon_Greedy,epsilon=0.15,337,24.70727579363839,0.9274013317225636,23.779874461915828,25.634677125360955,3
scale_default,Epsilon_Greedy,epsilon=0.15,338,24.78865637997482,0.9468602539331921,23.84179612604163,25.735516633908013,3
scale_default,Epsilon_Greedy,epsilon=0.15,339,25.023870806332187,1.0292820296420984,23.99458877669009,26.053152835974284,3
scale_default,Epsilon_Greedy,epsilon=0.15,340,25.154088004229767,0.952558231017519,24.201529773212247,26.106646235247286,3
scale_default,Epsilon_Greedy,epsilon=0.15,341,25.324683565605813,1.05659099398693,24.268092571618883,26.381274559592743,3
scale_default,Epsilon_Greedy,epsilon=0.15,342,25.536916841289848,1.0144791041922958,24.52243773709755,26.551395945482145,3
scale_default,Epsilon_Greedy,epsilon=0.15,343,25.65503111795176,0.9743728209532613,24.6806582969985,26.62940393890502,3
scale_default,Epsilon_Greedy,epsilon=0.15,344,25.7434385831113,0.9064827612799797,24.83695582183132,26.649921344391277,3
scale_default,Epsilon_Greedy,epsilon=0.15,345,25.914702015083652,0.9780656058084927,24.93663640927516,26.892767620892144,3
scale_default,Epsilon_Greedy,epsilon=0.15,346,26.032259699743594,0.9514667730146448,25.08079292672895,26.98372647275824,3
scale_default,Epsilon_Greedy,epsilon=0.15,347,26.188525113826106,0.9130623583189029,25.275462755507203,27.10158747214501,3
scale_default,Epsilon_Greedy,epsilon=0.15,348,26.521989343026945,1.1602231925063753,25.36176615052057,27.68221253553332,3
scale_default,Epsilon_Greedy,epsilon=0.15,349,26.621048502154252,1.1967661486509948,25.42428235350326,27.817814650805246,3
scale_default,Epsilon_Greedy,epsilon=0.15,350,26.689405746235934,1.1324371288536073,25.556968617382328,27.82184287508954,3
scale_default,Epsilon_Greedy,epsilon=0.15,351,26.808872212796647,1.1997861506803698,25.609086062116276,28.008658363477018,3
scale_default,Epsilon_Greedy,epsilon=0.15,352,26.842204113341428,1.1870144470131985,25.65518966632823,28.029218560354625,3
scale_default,Epsilon_Greedy,epsilon=0.15,353,26.97659483212998,1.2492967760796667,25.727298056050312,28.225891608209647,3
scale_default,Epsilon_Greedy,epsilon=0.15,354,27.203189997664555,1.1997284004103856,26.00346159725417,28.40291839807494,3
scale_default,Epsilon_Greedy,epsilon=0.15,355,27.29562659385917,1.2120582974495504,26.083568296409616,28.50768489130872,3
scale_default,Epsilon_Greedy,epsilon=0.15,356,27.55671871179899,1.4160275920838437,26.140691119715147,28.972746303882833,3
scale_default,Epsilon_Greedy,epsilon=0.15,357,27.649601461546993,1.400451522708168,26.249149938838826,29.05005298425516,3
scale_default,Epsilon_Greedy,epsilon=0.15,358,27.88135559582058,1.4266252617521966,26.454730334068383,29.307980857572776,3
scale_default,Epsilon_Greedy,epsilon=0.15,359,27.915329765906026,1.4206667329298575,26.49466303297617,29.335996498835883,3
scale_default,Epsilon_Greedy,epsilon=0.15,360,28.193420112806773,1.5106766545927708,26.682743458214002,29.704096767399545,3
scale_default,Epsilon_Greedy,epsilon=0.15,361,28.285381475154466,1.5567632334121586,26.728618241742307,29.842144708566625,3
scale_default,Epsilon_Greedy,epsilon=0.15,362,28.396326991583845,1.6281291050459998,26.768197886537845,30.024456096629844,3
scale_default,Epsilon_Greedy,epsilon=0.15,363,28.472756180677653,1.6380419976106064,26.834714183067046,30.11079817828826,3
scale_default,Epsilon_Greedy,epsilon=0.15,364,28.613555319448977,1.6510647790003088,26.96249054044867,30.264620098449285,3
scale_default,Epsilon_Greedy,epsilon=0.15,365,28.82790135741787,1.6152259978633325,27.212675359554535,30.443127355281202,3
scale_default,Epsilon_Greedy,epsilon=0.15,366,29.093977883891185,1.473573303235614,27.62040458065557,30.5675511871268,3
scale_default,Epsilon_Greedy,epsilon=0.15,367,29.280336429487416,1.622326355720933,27.658010073766484,30.90266278520835,3
scale_default,Epsilon_Greedy,epsilon=0.15,368,29.54867900950804,1.306758086172104,28.241920923335936,30.85543709568014,3
scale_default,Epsilon_Greedy,epsilon=0.15,369,29.6585822545041,1.272607253887899,28.385975000616202,30.931189508392,3
scale_default,Epsilon_Greedy,epsilon=0.15,370,29.821240817870972,1.2722316404376028,28.54900917743337,31.093472458308575,3
scale_default,Epsilon_Greedy,epsilon=0.15,371,29.997305488320887,1.2968179098700434,28.700487578450844,31.29412339819093,3
scale_default,Epsilon_Greedy,epsilon=0.15,372,30.167148096219876,1.37422104694986,28.792927049270016,31.541369143169735,3
scale_default,Epsilon_Greedy,epsilon=0.15,373,30.256233163621474,1.320158881312081,28.93607428230939,31.576392044933556,3
scale_default,Epsilon_Greedy,epsilon=0.15,374,30.428377205540468,1.3031066782151328,29.125270527325334,31.7314838837556,3
scale_default,Epsilon_Greedy,epsilon=0.15,375,30.628302649077654,1.468392687568044,29.15990996150961,32.096695336645695,3
scale_default,Epsilon_Greedy,epsilon=0.15,376,30.815886782721325,1.4315467616556787,29.384340021065647,32.247433544377,3
scale_default,Epsilon_Greedy,epsilon=0.15,377,30.94056600789426,1.3881310644914444,29.55243494340282,32.32869707238571,3
scale_default,Epsilon_Greedy,epsilon=0.15,378,31.081678983734445,1.349910408584351,29.731768575150095,32.4315893923188,3
scale_default,Epsilon_Greedy,epsilon=0.15,379,31.419003084246736,1.377223145185844,30.04177993906089,32.79622622943258,3
scale_default,Epsilon_Greedy,epsilon=0.15,380,31.49047590282488,1.3492450563119749,30.141230846512904,32.839720959136855,3
scale_default,Epsilon_Greedy,epsilon=0.15,381,31.570945271148087,1.422687481866625,30.148257789281462,32.993632753014715,3
scale_default,Epsilon_Greedy,epsilon=0.15,382,31.73156014121227,1.436068919006531,30.29549122220574,33.1676290602188,3
scale_default,Epsilon_Greedy,epsilon=0.15,383,31.833123287643627,1.4377277006177074,30.39539558702592,33.27085098826134,3
scale_default,Epsilon_Greedy,epsilon=0.15,384,31.89172956776511,1.4080775404313797,30.483652027333733,33.29980710819649,3
scale_default,Epsilon_Greedy,epsilon=0.15,385,32.051949484069176,1.5000764368773714,30.551873047191805,33.55202592094655,3
scale_default,Epsilon_Greedy,epsilon=0.15,386,32.18128807870591,1.3654895320144516,30.81579854669146,33.54677761072036,3
scale_default,Epsilon_Greedy,epsilon=0.15,387,32.360902035959754,1.3783922233980979,30.982509812561656,33.73929425935785,3
scale_default,Epsilon_Greedy,epsilon=0.15,388,32.57105171839516,1.1957401406265855,31.375311577768574,33.766791859021744,3
scale_default,Epsilon_Greedy,epsilon=0.15,389,32.77603964844572,1.1829596367344166,31.5930800117113,33.958999285180134,3
scale_default,Epsilon_Greedy,epsilon=0.15,390,32.85812982638041,1.1611752171561671,31.696954609224246,34.01930504353658,3
scale_default,Epsilon_Greedy,epsilon=0.15,391,33.103127603762914,1.138253351973621,31.964874251789293,34.24138095573654,3
scale_default,Epsilon_Greedy,epsilon=0.15,392,33.25783985676645,1.1325204514310185,32.12531940533543,34.39036030819747,3
scale_default,Epsilon_Greedy,epsilon=0.15,393,33.44461685262988,1.2164590550025085,32.22815779762737,34.66107590763239,3
scale_default,Epsilon_Greedy,epsilon=0.15,394,33.70127153721089,1.5079444010287497,32.19332713618214,35.209215938239645,3
scale_default,Epsilon_Greedy,epsilon=0.15,395,33.822957066607124,1.4178323492364218,32.405124717370704,35.240789415843544,3
scale_default,Epsilon_Greedy,epsilon=0.15,396,33.930188940854244,1.359638402447009,32.57055053840723,35.289827343301255,3
scale_default,Epsilon_Greedy,epsilon=0.15,397,33.99054068337331,1.3699098656733546,32.620630817699954,35.36045054904667,3
scale_default,Epsilon_Greedy,epsilon=0.15,398,34.12315976045161,1.219691866129689,32.90346789432192,35.34285162658129,3
scale_default,Epsilon_Greedy,epsilon=0.15,399,34.22477259330343,1.3152889539090846,32.909483639394345,35.54006154721251,3
scale_default,Epsilon_Greedy,epsilon=0.15,400,34.39368772269666,1.3528154216318602,33.0408723010648,35.74650314432852,3
scale_default,Epsilon_Greedy,epsilon=0.15,401,34.54999422168036,1.3603954682949728,33.18959875338538,35.91038968997533,3
scale_default,Epsilon_Greedy,epsilon=0.15,402,34.616929727495574,1.276342706682011,33.340587020813565,35.89327243417758,3
scale_default,Epsilon_Greedy,epsilon=0.15,403,34.852030886212425,1.4044596057362373,33.44757128047619,36.25649049194866,3
scale_default,Epsilon_Greedy,epsilon=0.15,404,35.011250397322364,1.3660641565521985,33.645186240770165,36.37731455387456,3
scale_default,Epsilon_Greedy,epsilon=0.15,405,35.24241099415596,1.141715802858955,34.10069519129701,36.384126797014915,3
scale_default,Epsilon_Greedy,epsilon=0.15,406,35.38441843568048,1.1551435138136166,34.22927492186686,36.5395619494941,3
scale_default,Epsilon_Greedy,epsilon=0.15,407,35.88418852172939,1.1326518512014876,34.751536670527905,37.01684037293088,3
scale_default,Epsilon_Greedy,epsilon=0.15,408,35.953476677222646,1.1948067283573522,34.7586699488653,37.148283405579996,3
scale_default,Epsilon_Greedy,epsilon=0.15,409,36.060006842515584,1.2438657121691636,34.81614113034642,37.303872554684745,3
scale_default,Epsilon_Greedy,epsilon=0.15,410,36.27235428518578,1.2379292149772267,35.03442507020855,37.510283500163005,3
scale_default,Epsilon_Greedy,epsilon=0.15,411,36.37133805848254,1.1786535836202057,35.19268447486234,37.549991642102746,3
scale_default,Epsilon_Greedy,epsilon=0.15,412,36.542795772324105,1.0571005813693881,35.485695190954715,37.599896353693495,3
scale_default,Epsilon_Greedy,epsilon=0.15,413,36.69748941542349,1.122742666513359,35.57474674891013,37.82023208193685,3
scale_default,Epsilon_Greedy,epsilon=0.15,414,36.787292978853884,1.0998435533383955,35.68744942551549,37.88713653219228,3
scale_default,Epsilon_Greedy,epsilon=0.15,415,36.933744764170704,1.1687009872586351,35.765043776912066,38.10244575142934,3
scale_default,Epsilon_Greedy,epsilon=0.15,416,37.10329663955705,1.22217093293887,35.88112570661818,38.325467572495924,3
scale_default,Epsilon_Greedy,epsilon=0.15,417,37.290743208087214,1.1383760986920177,36.15236710939519,38.429119306779235,3
scale_default,Epsilon_Greedy,epsilon=0.15,418,37.47438583820158,1.1854490945595924,36.28893674364198,38.65983493276117,3
scale_default,Epsilon_Greedy,epsilon=0.15,419,37.5138067836273,1.198805505717847,36.31500127790945,38.71261228934515,3
scale_default,Epsilon_Greedy,epsilon=0.15,420,37.67645241227347,1.1134416673983818,36.563010744875086,38.78989407967185,3
scale_default,Epsilon_Greedy,epsilon=0.15,421,37.90970092532442,1.2679110079681484,36.64178991735628,39.17761193329257,3
scale_default,Epsilon_Greedy,epsilon=0.15,422,38.02839485005934,1.3501417148307369,36.67825313522861,39.37853656489008,3
scale_default,Epsilon_Greedy,epsilon=0.15,423,38.28611436787195,1.406103902611185,36.88001046526077,39.69221827048314,3
scale_default,Epsilon_Greedy,epsilon=0.15,424,38.41154172584381,1.5189722379709236,36.89256948787289,39.93051396381473,3
scale_default,Epsilon_Greedy,epsilon=0.15,425,38.48287531038708,1.568859265402594,36.914016044984486,40.05173457578967,3
scale_default,Epsilon_Greedy,epsilon=0.15,426,38.80904646074611,1.728355551457796,37.080690909288315,40.537402012203906,3
scale_default,Epsilon_Greedy,epsilon=0.15,427,38.883471117705646,1.7904593297091937,37.09301178799645,40.67393044741484,3
scale_default,Epsilon_Greedy,epsilon=0.15,428,39.00658685036179,1.7158541636978821,37.29073268666391,40.722441014059676,3
scale_default,Epsilon_Greedy,epsilon=0.15,429,39.17625504534745,1.6738635056938975,37.50239153965356,40.85011855104135,3
scale_default,Epsilon_Greedy,epsilon=0.15,430,39.50031404275476,1.566771125502858,37.9335429172519,41.06708516825762,3
scale_default,Epsilon_Greedy,epsilon=0.15,431,39.619528314705285,1.5677209803272871,38.051807334378,41.18724929503257,3
scale_default,Epsilon_Greedy,epsilon=0.15,432,39.75008373438434,1.5035823525841139,38.24650138180023,41.25366608696845,3
scale_default,Epsilon_Greedy,epsilon=0.15,433,39.89280354309042,1.4886552155433432,38.40414832754708,41.38145875863377,3
scale_default,Epsilon_Greedy,epsilon=0.15,434,40.11909875686832,1.3791228838062815,38.739975873062036,41.4982216406746,3
scale_default,Epsilon_Greedy,epsilon=0.15,435,40.32021828236167,1.3064296025136946,39.01378867984798,41.62664788487537,3
scale_default,Epsilon_Greedy,epsilon=0.15,436,40.49522548529007,1.371991308971675,39.1232341763184,41.86721679426174,3
scale_default,Epsilon_Greedy,epsilon=0.15,437,40.6422856930405,1.314656870670996,39.327628822369505,41.95694256371149,3
scale_default,Epsilon_Greedy,epsilon=0.15,438,40.78679499195485,1.2253589998184649,39.56143599213638,42.01215399177332,3
scale_default,Epsilon_Greedy,epsilon=0.15,439,41.07084843432705,1.3368864613736577,39.73396197295339,42.407734895700706,3
scale_default,Epsilon_Greedy,epsilon=0.15,440,41.214446679064544,1.4204743691442123,39.793972309920335,42.63492104820875,3
scale_default,Epsilon_Greedy,epsilon=0.15,441,41.34151327989139,1.4746564234038302,39.86685685648756,42.816169703295216,3
scale_default,Epsilon_Greedy,epsilon=0.15,442,41.54550143100775,1.4015966646568072,40.14390476635094,42.94709809566456,3
scale_default,Epsilon_Greedy,epsilon=0.15,443,41.82654970442069,1.4567027621052706,40.36984694231542,43.283252466525965,3
scale_default,Epsilon_Greedy,epsilon=0.15,444,41.93578187966726,1.4169444305976844,40.51883744906958,43.35272631026494,3
scale_default,Epsilon_Greedy,epsilon=0.15,445,42.23696134883189,1.5364918397923872,40.7004695090395,43.77345318862428,3
scale_default,Epsilon_Greedy,epsilon=0.15,446,42.45532985262904,1.5170304106091492,40.93829944201989,43.972360263238194,3
scale_default,Epsilon_Greedy,epsilon=0.15,447,42.57028415476497,1.401987191395208,41.16829696336976,43.97227134616018,3
scale_default,Epsilon_Greedy,epsilon=0.15,448,42.67017808607408,1.2910694005939394,41.37910868548014,43.96124748666802,3
scale_default,Epsilon_Greedy,epsilon=0.15,449,42.91948346374383,1.2156286536293117,41.70385481011452,44.13511211737314,3
scale_default,Epsilon_Greedy,epsilon=0.15,450,43.10855034444463,1.1474130579008985,41.96113728654373,44.25596340234553,3
scale_default,Epsilon_Greedy,epsilon=0.15,451,43.326581235632545,1.110729525586634,42.21585171004591,44.43731076121918,3
scale_default,Epsilon_Greedy,epsilon=0.15,452,43.35781155852735,1.0577572570284195,42.30005430149893,44.41556881555577,3
scale_default,Epsilon_Greedy,epsilon=0.15,453,43.51528367501441,1.0881696213983314,42.42711405361608,44.60345329641274,3
scale_default,Epsilon_Greedy,epsilon=0.15,454,43.67646088847141,1.0199974253915884,42.656463463079824,44.696458313863,3
scale_default,Epsilon_Greedy,epsilon=0.15,455,43.80765915736015,1.0371385207312083,42.77052063662894,44.84479767809136,3
scale_default,Epsilon_Greedy,epsilon=0.15,456,43.94022965627938,1.061460596033761,42.87876906024562,45.00169025231314,3
scale_default,Epsilon_Greedy,epsilon=0.15,457,44.024518615356534,1.0060461059153356,43.018472509441196,45.03056472127187,3
scale_default,Epsilon_Greedy,epsilon=0.15,458,44.245809168538614,1.0438865273811209,43.201922641157495,45.28969569591973,3
scale_default,Epsilon_Greedy,epsilon=0.15,459,44.366415299544364,1.1139291394564397,43.252486160087926,45.4803444390008,3
scale_default,Epsilon_Greedy,epsilon=0.15,460,44.55346140436993,1.212372024705066,43.341089379664865,45.765833429075,3
scale_default,Epsilon_Greedy,epsilon=0.15,461,44.64187513769122,1.2749349547184878,43.36694018297273,45.91681009240971,3
scale_default,Epsilon_Greedy,epsilon=0.15,462,44.831831100807385,1.0853597090733094,43.746471391734076,45.917190809880694,3
scale_default,Epsilon_Greedy,epsilon=0.15,463,45.00123671514573,1.0873559898772511,43.91388072526848,46.08859270502298,3
scale_default,Epsilon_Greedy,epsilon=0.15,464,45.10245180199345,1.1839998885032603,43.918451913490195,46.28645169049671,3
scale_default,Epsilon_Greedy,epsilon=0.15,465,45.291108746674674,1.1773162289268835,44.11379251774779,46.46842497560156,3
scale_default,Epsilon_Greedy,epsilon=0.15,466,45.47131581395647,1.1783811988678952,44.292934615088576,46.64969701282437,3
scale_default,Epsilon_Greedy,epsilon=0.15,467,45.62183040890891,1.0300642855851732,44.59176612332374,46.65189469449409,3
scale_default,Epsilon_Greedy,epsilon=0.15,468,45.820385074668145,0.9733525232091949,44.84703255145895,46.79373759787734,3
scale_default,Epsilon_Greedy,epsilon=0.15,469,45.96896865670279,0.9413563615136883,45.0276122951891,46.91032501821648,3
scale_default,Epsilon_Greedy,epsilon=0.15,470,46.16927867021408,0.9145934707478595,45.254685199466216,47.08387214096194,3
scale_default,Epsilon_Greedy,epsilon=0.15,471,46.31286991228382,0.8755836619301088,45.437286250353715,47.18845357421393,3
scale_default,Epsilon_Greedy,epsilon=0.15,472,46.41083999216327,0.8619094909618746,45.54893050120139,47.272749483125146,3
scale_default,Epsilon_Greedy,epsilon=0.15,473,46.89175275722831,1.1303620843140347,45.761390672914274,48.02211484154235,3
scale_default,Epsilon_Greedy,epsilon=0.15,474,47.309784021912456,1.3700049129169043,45.93977910899555,48.67978893482936,3
scale_default,Epsilon_Greedy,epsilon=0.15,475,47.56206304809081,1.5244155761258649,46.037647471964945,49.08647862421668,3
scale_default,Epsilon_Greedy,epsilon=0.15,476,47.64494514430859,1.536476645599105,46.10846849870949,49.181421789907695,3
scale_default,Epsilon_Greedy,epsilon=0.15,477,47.84674643186616,1.5186451229192597,46.3281013089469,49.36539155478542,3
scale_default,Epsilon_Greedy,epsilon=0.15,478,48.16771302888433,1.5211210099637302,46.6465920189206,49.68883403884806,3
scale_default,Epsilon_Greedy,epsilon=0.15,479,48.35900103452821,1.4865965608999816,46.87240447362823,49.845597595428195,3
scale_default,Epsilon_Greedy,epsilon=0.15,480,48.55239473458596,1.5184196793853237,47.033975055200635,50.070814413971284,3
scale_default,Epsilon_Greedy,epsilon=0.15,481,48.6822030340098,1.5787153826650118,47.10348765134479,50.26091841667481,3
scale_default,Epsilon_Greedy,epsilon=0.15,482,48.869330590785204,1.6008603673936947,47.26847022339151,50.4701909581789,3
scale_default,Epsilon_Greedy,epsilon=0.15,483,49.05812134938028,1.6515535886717327,47.40656776070855,50.70967493805201,3
scale_default,Epsilon_Greedy,epsilon=0.15,484,49.221269256736115,1.6932879541107333,47.52798130262538,50.91455721084685,3
scale_default,Epsilon_Greedy,epsilon=0.15,485,49.39165841474687,1.850151208535003,47.54150720621187,51.241809623281874,3
scale_default,Epsilon_Greedy,epsilon=0.15,486,49.57521849777595,1.8841215946391094,47.69109690313684,51.45934009241506,3
scale_default,Epsilon_Greedy,epsilon=0.15,487,49.64026029336967,1.8634000478018422,47.77686024556783,51.50366034117151,3
scale_default,Epsilon_Greedy,epsilon=0.15,488,49.77392505911816,1.9789626925565018,47.79496236656166,51.75288775167466,3
scale_default,Epsilon_Greedy,epsilon=0.15,489,49.810077969198346,1.9844351315241486,47.825642837674195,51.7945131007225,3
scale_default,Epsilon_Greedy,epsilon=0.15,490,49.98784976152053,2.0955112175740225,47.89233854394651,52.08336097909455,3
scale_default,Epsilon_Greedy,epsilon=0.15,491,50.17489589424332,2.0353307849327122,48.13956510931061,52.21022667917603,3
scale_default,Epsilon_Greedy,epsilon=0.15,492,50.35106742463148,1.8660547692172147,48.485012655414266,52.217122193848695,3
scale_default,Epsilon_Greedy,epsilon=0.15,493,50.53902618416871,2.0123301907142515,48.52669599345446,52.551356374882964,3
scale_default,Epsilon_Greedy,epsilon=0.15,494,50.90494292025229,2.174987280890705,48.729955639361584,53.07993020114299,3
scale_default,Epsilon_Greedy,epsilon=0.15,495,51.141198153546014,2.0051209428193104,49.136077210726704,53.146319096365325,3
scale_default,Epsilon_Greedy,epsilon=0.15,496,51.601963253271094,1.9433853098336635,49.65857794343743,53.54534856310476,3
scale_default,Epsilon_Greedy,epsilon=0.15,497,51.7101019951225,1.936124631204322,49.77397736391818,53.64622662632682,3
scale_default,Epsilon_Greedy,epsilon=0.15,498,51.91664796494495,2.0425697890063366,49.874078175938614,53.959217753951286,3
scale_default,Epsilon_Greedy,epsilon=0.15,499,52.0724471778393,2.1415580615436487,49.93088911629565,54.21400523938295,3
scale_default,Epsilon_Greedy,epsilon=0.15,500,52.27989070320593,2.251103930354843,50.028786772851085,54.53099463356077,3
scale_default,Epsilon_Greedy,epsilon=0.15,501,52.533745156182526,2.428696388507213,50.105048767675314,54.96244154468974,3
scale_default,Epsilon_Greedy,epsilon=0.15,502,52.65378812232706,2.457712972906169,50.19607514942089,55.11150109523322,3
scale_default,Epsilon_Greedy,epsilon=0.15,503,52.85243286572753,2.3940891077186603,50.458343758008866,55.24652197344619,3
scale_default,Epsilon_Greedy,epsilon=0.15,504,53.083001958201606,2.4151753984345543,50.66782655976705,55.49817735663616,3
scale_default,Epsilon_Greedy,epsilon=0.15,505,53.245805630616026,2.4430478162341953,50.80275781438183,55.688853446850224,3
scale_default,Epsilon_Greedy,epsilon=0.15,506,53.36392209858556,2.4871220254651014,50.876800073120464,55.85104412405066,3
scale_default,Epsilon_Greedy,epsilon=0.15,507,53.47170799609728,2.3868573417228003,51.08485065437448,55.85856533782008,3
scale_default,Epsilon_Greedy,epsilon=0.15,508,53.64166403485792,2.30004541892249,51.34161861593543,55.941709453780405,3
scale_default,Epsilon_Greedy,epsilon=0.15,509,53.7331618989445,2.274626137531676,51.458535761412826,56.00778803647618,3
scale_default,Epsilon_Greedy,epsilon=0.15,510,53.90596331960872,2.300021331717177,51.60594198789155,56.2059846513259,3
scale_default,Epsilon_Greedy,epsilon=0.15,511,53.95544100880513,2.2858747975641447,51.66956621124098,56.24131580636928,3
scale_default,Epsilon_Greedy,epsilon=0.15,512,54.13200274173332,2.25227890970141,51.87972383203191,56.384281651434726,3
scale_default,Epsilon_Greedy,epsilon=0.15,513,54.31929506795283,2.2238145818577304,52.0954804860951,56.54310964981056,3
scale_default,Epsilon_Greedy,epsilon=0.15,514,54.560642502028365,2.3045811019612876,52.256061400067075,56.865223603989655,3
scale_default,Epsilon_Greedy,epsilon=0.15,515,54.834256590303305,2.178576220945915,52.65568036935739,57.01283281124922,3
scale_default,Epsilon_Greedy,epsilon=0.15,516,55.06223996175239,2.109629322948104,52.95261063880429,57.17186928470049,3
scale_default,Epsilon_Greedy,epsilon=0.15,517,55.21599114217236,2.132340568918182,53.08365057325418,57.348331711090545,3
scale_default,Epsilon_Greedy,epsilon=0.15,518,55.440307607524495,2.280487106229606,53.15982050129489,57.7207947137541,3
scale_default,Epsilon_Greedy,epsilon=0.15,519,55.6174034804499,2.3025412881379848,53.314862192311914,57.91994476858789,3
scale_default,Epsilon_Greedy,epsilon=0.15,520,55.74635670651991,2.423536380160283,53.322820326359626,58.1698930866802,3
scale_default,Epsilon_Greedy,epsilon=0.15,521,55.79758633749409,2.459660627831037,53.337925709663054,58.25724696532512,3
scale_default,Epsilon_Greedy,epsilon=0.15,522,56.03708735857296,2.1853374726540213,53.85174988591894,58.22242483122698,3
scale_default,Epsilon_Greedy,epsilon=0.15,523,56.31196682287615,2.3673015787837337,53.94466524409242,58.67926840165988,3
scale_default,Epsilon_Greedy,epsilon=0.15,524,56.43490350212926,2.321902346940127,54.11300115518913,58.75680584906939,3
scale_default,Epsilon_Greedy,epsilon=0.15,525,56.55683595036399,2.2501800277574278,54.30665592260656,58.80701597812142,3
scale_default,Epsilon_Greedy,epsilon=0.15,526,56.666863439153694,2.154909733659772,54.51195370549392,58.821773172813465,3
scale_default,Epsilon_Greedy,epsilon=0.15,527,56.846663354774506,2.07087995441868,54.77578340035583,58.917543309193185,3
scale_default,Epsilon_Greedy,epsilon=0.15,528,57.05357508177658,2.1225029781544595,54.93107210362212,59.17607805993104,3
scale_default,Epsilon_Greedy,epsilon=0.15,529,57.32240473517705,2.168849715788547,55.153555019388506,59.4912544509656,3
scale_default,Epsilon_Greedy,epsilon=0.15,530,57.40766217125425,2.1816078703741684,55.22605430088009,59.58927004162842,3
scale_default,Epsilon_Greedy,epsilon=0.15,531,57.62606400082317,2.143624475227222,55.48243952559595,59.76968847605039,3
scale_default,Epsilon_Greedy,epsilon=0.15,532,57.77010346901656,2.2609448791243536,55.50915858989221,60.031048348140914,3
scale_default,Epsilon_Greedy,epsilon=0.15,533,57.93380945134988,2.3100638347643736,55.62374561658551,60.24387328611425,3
scale_default,Epsilon_Greedy,epsilon=0.15,534,58.20052035063703,2.3343668996358917,55.86615345100114,60.53488725027292,3
scale_default,Epsilon_Greedy,epsilon=0.15,535,58.332305010166216,2.4152362284568083,55.91706878170941,60.74754123862302,3
scale_default,Epsilon_Greedy,epsilon=0.15,536,58.4472805584821,2.353642066069681,56.09363849241242,60.80092262455178,3
scale_default,Epsilon_Greedy,epsilon=0.15,537,58.65489354145105,2.4750874692333826,56.17980607221767,61.12998101068443,3
scale_default,Epsilon_Greedy,epsilon=0.15,538,58.75611417591862,2.4135552182920232,56.34255895762659,61.16966939421064,3
scale_default,Epsilon_Greedy,epsilon=0.15,539,59.02282803415424,2.467730599228823,56.555097434925415,61.49055863338306,3
scale_default,Epsilon_Greedy,epsilon=0.15,540,59.12727884608722,2.4595492726242356,56.667729573462985,61.58682811871146,3
scale_default,Epsilon_Greedy,epsilon=0.15,541,59.37117768866807,2.440597078382997,56.93058061028507,61.81177476705107,3
scale_default,Epsilon_Greedy,epsilon=0.15,542,59.49359889525444,2.5098010242672397,56.9837978709872,62.003399919521684,3
scale_default,Epsilon_Greedy,epsilon=0.15,543,59.700690304968475,2.643989873180588,57.05670043178789,62.34468017814906,3
scale_default,Epsilon_Greedy,epsilon=0.15,544,59.86323952422479,2.7086685605268497,57.154570963697935,62.57190808475164,3
scale_default,Epsilon_Greedy,epsilon=0.15,545,60.11445381675488,2.8938748731954402,57.22057894355944,63.008328689950325,3
scale_default,Epsilon_Greedy,epsilon=0.15,546,60.3021389492614,2.8379483877882343,57.46419056147316,63.140087337049636,3
scale_default,Epsilon_Greedy,epsilon=0.15,547,60.706323208662276,3.159493136588576,57.5468300720737,63.86581634525085,3
scale_default,Epsilon_Greedy,epsilon=0.15,548,60.93932094706864,3.229257098647177,57.71006384842146,64.16857804571582,3
scale_default,Epsilon_Greedy,epsilon=0.15,549,61.175408959214316,3.233250656570876,57.94215830264344,64.4086596157852,3
scale_default,Epsilon_Greedy,epsilon=0.15,550,61.33649961296371,3.2241634035832005,58.112336209380516,64.56066301654691,3
scale_default,Epsilon_Greedy,epsilon=0.15,551,61.448045905513766,3.290908244548359,58.157137660965404,64.73895415006213,3
scale_default,Epsilon_Greedy,epsilon=0.15,552,61.621754513065774,3.204453318398408,58.41730119466737,64.82620783146419,3
scale_default,Epsilon_Greedy,epsilon=0.15,553,61.87740108502868,3.27906603165227,58.59833505337641,65.15646711668094,3
scale_default,Epsilon_Greedy,epsilon=0.15,554,62.04022666497758,3.1818881796635754,58.85833848531401,65.22211484464115,3
scale_default,Epsilon_Greedy,epsilon=0.15,555,62.191761814264915,3.220927465760937,58.97083434850398,65.41268928002586,3
scale_default,Epsilon_Greedy,epsilon=0.15,556,62.31702133000235,3.2649084383332014,59.05211289166915,65.58192976833556,3
scale_default,Epsilon_Greedy,epsilon=0.15,557,62.47535416014449,3.3226212293178414,59.15273293082665,65.79797538946234,3
scale_default,Epsilon_Greedy,epsilon=0.15,558,62.66859606217423,3.4347831789642806,59.23381288320995,66.10337924113851,3
scale_default,Epsilon_Greedy,epsilon=0.15,559,62.7899318903576,3.4304653577044175,59.35946653265318,66.22039724806201,3
scale_default,Epsilon_Greedy,epsilon=0.15,560,62.93371004138544,3.4205840005908574,59.51312604079458,66.3542940419763,3
scale_default,Epsilon_Greedy,epsilon=0.15,561,63.07697162232023,3.458886654267208,59.61808496805302,66.53585827658743,3
scale_default,Epsilon_Greedy,epsilon=0.15,562,63.388774147563915,3.6790914030921416,59.70968274447177,67.06786555065605,3
scale_default,Epsilon_Greedy,epsilon=0.15,563,63.59495985563844,3.757705245657463,59.83725460998098,67.35266510129591,3
scale_default,Epsilon_Greedy,epsilon=0.15,564,63.73946435957856,3.7492421233835564,59.99022223619501,67.48870648296212,3
scale_default,Epsilon_Greedy,epsilon=0.15,565,63.914945516306716,3.624021520782371,60.290923995524345,67.5389670370891,3
scale_default,Epsilon_Greedy,epsilon=0.15,566,63.970952151725136,3.6465321215250346,60.3244200302001,67.61748427325017,3
scale_default,Epsilon_Greedy,epsilon=0.15,567,64.27663235137508,3.558116566048868,60.71851578532622,67.83474891742395,3
scale_default,Epsilon_Greedy,epsilon=0.15,568,64.3771322800706,3.598357275039999,60.778775005030596,67.9754895551106,3
scale_default,Epsilon_Greedy,epsilon=0.15,569,64.55273257276336,3.5446674357272667,61.00806513703609,68.09740000849062,3
scale_default,Epsilon_Greedy,epsilon=0.15,570,64.7641017351924,3.5844170649574303,61.17968467023497,68.34851880014983,3
scale_default,Epsilon_Greedy,epsilon=0.15,571,64.96872108986979,3.4405843327645673,61.52813675710522,68.40930542263436,3
scale_default,Epsilon_Greedy,epsilon=0.15,572,65.09468538140935,3.4870671734461163,61.607618207963235,68.58175255485547,3
scale_default,Epsilon_Greedy,epsilon=0.15,573,65.44178363465454,3.346346655671775,62.09543697898277,68.78813029032632,3
scale_default,Epsilon_Greedy,epsilon=0.15,574,65.65612548295033,3.311267328062263,62.344858154888065,68.96739281101259,3
scale_default,Epsilon_Greedy,epsilon=0.15,575,65.76105157609189,3.3924588617063196,62.36859271438557,69.1535104377982,3
scale_default,Epsilon_Greedy,epsilon=0.15,576,65.87099633571472,3.3366506748073697,62.53434566090735,69.2076470105221,3
scale_default,Epsilon_Greedy,epsilon=0.15,577,66.03941934702176,3.368702238695261,62.6707171083265,69.40812158571703,3
scale_default,Epsilon_Greedy,epsilon=0.15,578,66.19226545840796,3.3467943517018375,62.84547110670612,69.53905981010979,3
scale_default,Epsilon_Greedy,epsilon=0.15,579,66.39712450518239,3.114981420824014,63.282143084358374,69.5121059260064,3
scale_default,Epsilon_Greedy,epsilon=0.15,580,66.53876004658747,3.1869070534916304,63.35185299309584,69.72566710007911,3
scale_default,Epsilon_Greedy,epsilon=0.15,581,66.72311612827217,3.158232752650451,63.56488337562172,69.88134888092262,3
scale_default,Epsilon_Greedy,epsilon=0.15,582,66.84060801359992,3.090520909128598,63.75008710447132,69.93112892272852,3
scale_default,Epsilon_Greedy,epsilon=0.15,583,67.01980211364925,3.0495608476290514,63.970241266020196,70.0693629612783,3
scale_default,Epsilon_Greedy,epsilon=0.15,584,67.1349629590751,2.975468750828773,64.15949420824633,70.11043170990386,3
scale_default,Epsilon_Greedy,epsilon=0.15,585,67.28309191297079,2.994551137866506,64.28854077510428,70.2776430508373,3
scale_default,Epsilon_Greedy,epsilon=0.15,586,67.38106262039021,2.99695582869752,64.38410679169269,70.37801844908773,3
scale_default,Epsilon_Greedy,epsilon=0.15,587,67.54654584768679,3.0156361612672806,64.5309096864195,70.56218200895407,3
scale_default,Epsilon_Greedy,epsilon=0.15,588,67.73370454608174,2.9710675525657293,64.76263699351601,70.70477209864747,3
scale_default,Epsilon_Greedy,epsilon=0.15,589,67.76210801520268,2.962805040409343,64.79930297479333,70.72491305561203,3
scale_default,Epsilon_Greedy,epsilon=0.15,590,67.95860978124361,2.9859455981762495,64.97266418306737,70.94455537941985,3
scale_default,Epsilon_Greedy,epsilon=0.15,591,68.13018684295245,3.0187982490672627,65.1113885938852,71.14898509201971,3
scale_default,Epsilon_Greedy,epsilon=0.15,592,68.36165478332987,2.9351125253437127,65.42654225798616,71.29676730867358,3
scale_default,Epsilon_Greedy,epsilon=0.15,593,68.48252909302329,2.9098030708262757,65.57272602219702,71.39233216384956,3
scale_default,Epsilon_Greedy,epsilon=0.15,594,68.7298158318295,2.715207940081719,66.01460789174777,71.44502377191122,3
scale_default,Epsilon_Greedy,epsilon=0.15,595,68.79428049605087,2.7464919178582763,66.0477885781926,71.54077241390915,3
scale_default,Epsilon_Greedy,epsilon=0.15,596,69.04374670441736,2.7856199672775497,66.2581267371398,71.82936667169491,3
scale_default,Epsilon_Greedy,epsilon=0.15,597,69.2704027981994,2.7389596965357783,66.53144310166363,72.00936249473517,3
scale_default,Epsilon_Greedy,epsilon=0.15,598,69.49702900489203,2.8760672052195857,66.62096179967244,72.37309621011161,3
scale_default,Epsilon_Greedy,epsilon=0.15,599,69.64773391563463,2.9449908137755147,66.70274310185911,72.59272472941015,3
scale_default,Epsilon_Greedy,epsilon=0.2,0,0.11007108262952005,0.0648949357302296,0.04517614689929045,0.17496601835974965,3
scale_default,Epsilon_Greedy,epsilon=0.2,1,0.1877162801728459,0.0678022854577638,0.11991399471508209,0.2555185656306097,3
scale_default,Epsilon_Greedy,epsilon=0.2,2,0.2751559624336279,0.1767861929682319,0.098369769465396,0.4519421554018598,3
scale_default,Epsilon_Greedy,epsilon=0.2,3,0.33489182784597377,0.21288015149829423,0.12201167634767954,0.547771979344268,3
scale_default,Epsilon_Greedy,epsilon=0.2,4,0.4046641227120305,0.30129607210327836,0.10336805060875215,0.7059601948153089,3
scale_default,Epsilon_Greedy,epsilon=0.2,5,0.4204306345032834,0.30423860903882527,0.11619202546445812,0.7246692435421087,3
scale_default,Epsilon_Greedy,epsilon=0.2,6,0.4549398695554143,0.30943615014970133,0.145503719405713,0.7643760197051157,3
scale_default,Epsilon_Greedy,epsilon=0.2,7,0.4740364204698901,0.3128385860730151,0.16119783439687496,0.7868750065429052,3
scale_default,Epsilon_Greedy,epsilon=0.2,8,0.4839024287534335,0.3096291490964561,0.17427327965697736,0.7935315778498896,3
scale_default,Epsilon_Greedy,epsilon=0.2,9,0.49401550035097935,0.29949578926416004,0.1945197110868193,0.7935112896151394,3
scale_default,Epsilon_Greedy,epsilon=0.2,10,0.5675512489972602,0.2936836872224691,0.27386756177479105,0.8612349362197294,3
scale_default,Epsilon_Greedy,epsilon=0.2,11,0.5776583540445381,0.30299915428756524,0.2746591997569729,0.8806575083321033,3
scale_default,Epsilon_Greedy,epsilon=0.2,12,0.5921053870703891,0.306068438834713,0.28603694823567605,0.8981738259051021,3
scale_default,Epsilon_Greedy,epsilon=0.2,13,0.60312047840652,0.2957935405914465,0.30732693781507353,0.8989140189979665,3
scale_default,Epsilon_Greedy,epsilon=0.2,14,0.6780234967924494,0.27673715824614936,0.4012863385463001,0.9547606550385987,3
scale_default,Epsilon_Greedy,epsilon=0.2,15,0.6867743598829074,0.2834306394136844,0.40334372046922295,0.9702049992965918,3
scale_default,Epsilon_Greedy,epsilon=0.2,16,0.7116540173065209,0.2851146974101563,0.42653931989636457,0.9967687147166773,3
scale_default,Epsilon_Greedy,epsilon=0.2,17,0.7288664325582435,0.27975838884818044,0.449108043710063,1.008624821406424,3
scale_default,Epsilon_Greedy,epsilon=0.2,18,0.7375005119965632,0.2799049202608657,0.45759559173569747,1.0174054322574289,3
scale_default,Epsilon_Greedy,epsilon=0.2,19,0.8279581614235644,0.1815117985830698,0.6464463628404946,1.0094699600066341,3
scale_default,Epsilon_Greedy,epsilon=0.2,20,0.8381766958262329,0.1817582742418566,0.6564184215843762,1.0199349700680895,3
scale_default,Epsilon_Greedy,epsilon=0.2,21,0.8575838789852566,0.20602821390382534,0.6515556650814313,1.063612092889082,3
scale_default,Epsilon_Greedy,epsilon=0.2,22,0.8659415438939555,0.20596943698167017,0.6599721069122854,1.0719109808756258,3
scale_default,Epsilon_Greedy,epsilon=0.2,23,0.8738115833829955,0.21179581661790522,0.6620157667650902,1.0856074000009006,3
scale_default,Epsilon_Greedy,epsilon=0.2,24,0.8878344218314448,0.22219211193320285,0.6656423098982419,1.1100265337646475,3
scale_default,Epsilon_Greedy,epsilon=0.2,25,0.8988269177081069,0.23269326659854717,0.6661336511095597,1.131520184306654,3
scale_default,Epsilon_Greedy,epsilon=0.2,26,0.9094925359364084,0.22770278483838147,0.681789751098027,1.13719532077479,3
scale_default,Epsilon_Greedy,epsilon=0.2,27,0.9222542693274839,0.22966254884905263,0.6925917204784313,1.1519168181765365,3
scale_default,Epsilon_Greedy,epsilon=0.2,28,0.9350628741871864,0.24332876279084328,0.6917341113963431,1.1783916369780296,3
scale_default,Epsilon_Greedy,epsilon=0.2,29,0.9571221552193031,0.2606457161606176,0.6964764390586855,1.2177678713799207,3
scale_default,Epsilon_Greedy,epsilon=0.2,30,0.9719310255738014,0.2537940976361276,0.7181369279376738,1.225725123209929,3
scale_default,Epsilon_Greedy,epsilon=0.2,31,0.9780674028307907,0.26273332935852156,0.7153340734722692,1.2408007321893124,3
scale_default,Epsilon_Greedy,epsilon=0.2,32,0.9871727913336242,0.2706836377705276,0.7164891535630966,1.2578564291041519,3
scale_default,Epsilon_Greedy,epsilon=0.2,33,0.9939749159038237,0.27661739050336404,0.7173575254004596,1.2705923064071878,3
scale_default,Epsilon_Greedy,epsilon=0.2,34,1.012285357285884,0.2717952250432073,0.7404901322426768,1.2840805823290915,3
scale_default,Epsilon_Greedy,epsilon=0.2,35,1.0319497661282575,0.2898030088623033,0.7421467572659541,1.3217527749905609,3
scale_default,Epsilon_Greedy,epsilon=0.2,36,1.0390604353499457,0.28525665155721713,0.7538037837927286,1.324317086907163,3
scale_default,Epsilon_Greedy,epsilon=0.2,37,1.0510507962129456,0.28441269073039416,0.7666381054825515,1.3354634869433397,3
scale_default,Epsilon_Greedy,epsilon=0.2,38,1.062304127213111,0.2985832085821928,0.7637209186309183,1.360887335795304,3
scale_default,Epsilon_Greedy,epsilon=0.2,39,1.0710659404654035,0.29644435160205657,0.774621588863347,1.36751029206746,3
scale_default,Epsilon_Greedy,epsilon=0.2,40,1.0760450255483542,0.299273709156623,0.7767713163917312,1.3753187347049773,3
scale_default,Epsilon_Greedy,epsilon=0.2,41,1.0773749119617009,0.2988323385552202,0.7785425734064807,1.376207250516921,3
scale_default,Epsilon_Greedy,epsilon=0.2,42,1.0800286586837269,0.2970273431432996,0.7830013155404273,1.3770560018270266,3
scale_default,Epsilon_Greedy,epsilon=0.2,43,1.1151412681313795,0.2963419469324102,0.8187993211989693,1.4114832150637897,3
scale_default,Epsilon_Greedy,epsilon=0.2,44,1.1199838974777732,0.3020425350659473,0.8179413624118259,1.4220264325437204,3
scale_default,Epsilon_Greedy,epsilon=0.2,45,1.1414863663021726,0.30914937195292974,0.8323369943492429,1.4506357382551023,3
scale_default,Epsilon_Greedy,epsilon=0.2,46,1.1629225287613574,0.3272103508705059,0.8357121778908515,1.4901328796318634,3
scale_default,Epsilon_Greedy,epsilon=0.2,47,1.1722444593590025,0.3331537286916025,0.8390907306674,1.5053981880506049,3
scale_default,Epsilon_Greedy,epsilon=0.2,48,1.1804035547172178,0.3382750628451589,0.8421284918720588,1.5186786175623768,3
scale_default,Epsilon_Greedy,epsilon=0.2,49,1.205056443942859,0.3389290628933612,0.8661273810494978,1.5439855068362203,3
scale_default,Epsilon_Greedy,epsilon=0.2,50,1.2306357862682826,0.3562119481554904,0.8744238381127922,1.586847734423773,3
scale_default,Epsilon_Greedy,epsilon=0.2,51,1.2377103364725606,0.3636141575352714,0.8740961789372892,1.601324494007832,3
scale_default,Epsilon_Greedy,epsilon=0.2,52,1.2502167104483493,0.3644989286930107,0.8857177817553386,1.61471563914136,3
scale_default,Epsilon_Greedy,epsilon=0.2,53,1.2691363387353574,0.37667755410007914,0.8924587846352783,1.6458138928354364,3
scale_default,Epsilon_Greedy,epsilon=0.2,54,1.2826869535686964,0.37984746161796407,0.9028394919507323,1.6625344151866606,3
scale_default,Epsilon_Greedy,epsilon=0.2,55,1.2932294105021167,0.38601702059780235,0.9072123899043143,1.6792464310999191,3
scale_default,Epsilon_Greedy,epsilon=0.2,56,1.3025409366540466,0.3779693547277128,0.9245715819263338,1.6805102913817593,3
scale_default,Epsilon_Greedy,epsilon=0.2,57,1.3218188531840027,0.36805547767751995,0.9537633755064827,1.6898743308615227,3
scale_default,Epsilon_Greedy,epsilon=0.2,58,1.3315967136146372,0.3609832159658128,0.9706134976488243,1.69257992958045,3
scale_default,Epsilon_Greedy,epsilon=0.2,59,1.3420915321040778,0.36505482740467216,0.9770367046994057,1.70714635950875,3
scale_default,Epsilon_Greedy,epsilon=0.2,60,1.3841780514716227,0.35955330425363524,1.0246247472179875,1.7437313557252578,3
scale_default,Epsilon_Greedy,epsilon=0.2,61,1.3864359108547133,0.3614138447976348,1.0250220660570786,1.747849755652348,3
scale_default,Epsilon_Greedy,epsilon=0.2,62,1.4026580506781212,0.3652604121366553,1.0373976385414658,1.7679184628147766,3
scale_default,Epsilon_Greedy,epsilon=0.2,63,1.4082894306003582,0.3685423870258846,1.0397470435744736,1.7768318176262428,3
scale_default,Epsilon_Greedy,epsilon=0.2,64,1.4128314502039636,0.36798353994914357,1.04484791025482,1.7808149901531072,3
scale_default,Epsilon_Greedy,epsilon=0.2,65,1.4250767434850393,0.3626767468558119,1.0623999966292275,1.7877534903408512,3
scale_default,Epsilon_Greedy,epsilon=0.2,66,1.437010386425274,0.3555900682790162,1.0814203181462578,1.79260045470429,3
scale_default,Epsilon_Greedy,epsilon=0.2,67,1.4415937427469603,0.3512226458078792,1.090371096939081,1.7928163885548396,3
scale_default,Epsilon_Greedy,epsilon=0.2,68,1.4432924266975269,0.3507516728435346,1.0925407538539922,1.7940440995410616,3
scale_default,Epsilon_Greedy,epsilon=0.2,69,1.4437947782727063,0.351497380661003,1.0922973976117034,1.7952921589337092,3
scale_default,Epsilon_Greedy,epsilon=0.2,70,1.4536412976425954,0.3583805336267712,1.0952607640158243,1.8120218312693666,3
scale_default,Epsilon_Greedy,epsilon=0.2,71,1.458523018610925,0.35801277704476253,1.1005102415661625,1.8165357956556876,3
scale_default,Epsilon_Greedy,epsilon=0.2,72,1.4979597993015943,0.3746551842946205,1.1233046150069739,1.8726149835962147,3
scale_default,Epsilon_Greedy,epsilon=0.2,73,1.5160542556481282,0.37585570774911237,1.1401985478990158,1.8919099633972407,3
scale_default,Epsilon_Greedy,epsilon=0.2,74,1.520140811798208,0.37319532136565964,1.1469454904325485,1.8933361331638676,3
scale_default,Epsilon_Greedy,epsilon=0.2,75,1.563352183448172,0.428021172198325,1.1353310112498471,1.991373355646497,3
scale_default,Epsilon_Greedy,epsilon=0.2,76,1.591817235549061,0.42903430463572356,1.1627829309133375,2.0208515401847844,3
scale_default,Epsilon_Greedy,epsilon=0.2,77,1.6005278621126937,0.42332313477982453,1.1772047273328692,2.0238509968925182,3
scale_default,Epsilon_Greedy,epsilon=0.2,78,1.6156899693017033,0.43355850286510167,1.1821314664366016,2.0492484721668047,3
scale_default,Epsilon_Greedy,epsilon=0.2,79,1.6222122533033712,0.42793173008051616,1.194280523222855,2.0501439833838875,3
scale_default,Epsilon_Greedy,epsilon=0.2,80,1.636368464341454,0.43820034668203445,1.1981681176594194,2.0745688110234886,3
scale_default,Epsilon_Greedy,epsilon=0.2,81,1.6391498515889855,0.43608262553159133,1.2030672260573942,2.075232477120577,3
scale_default,Epsilon_Greedy,epsilon=0.2,82,1.6433977778907147,0.4314685953525536,1.211929182538161,2.0748663732432684,3
scale_default,Epsilon_Greedy,epsilon=0.2,83,1.6592550413530212,0.4370146182048599,1.2222404231481612,2.096269659557881,3
scale_default,Epsilon_Greedy,epsilon=0.2,84,1.663575513485525,0.4348664094917973,1.2287091039937277,2.0984419229773223,3
scale_default,Epsilon_Greedy,epsilon=0.2,85,1.6641181997024408,0.4349429105654486,1.2291752891369923,2.0990611102678893,3
scale_default,Epsilon_Greedy,epsilon=0.2,86,1.669116284238979,0.4312570613634485,1.2378592228755305,2.1003733456024274,3
scale_default,Epsilon_Greedy,epsilon=0.2,87,1.673409730492357,0.4274548668119278,1.2459548636804292,2.1008645973042848,3
scale_default,Epsilon_Greedy,epsilon=0.2,88,1.684700477165893,0.4262760314132565,1.2584244457526366,2.1109765085791494,3
scale_default,Epsilon_Greedy,epsilon=0.2,89,1.7029579480594412,0.43480229876397347,1.2681556492954678,2.1377602468234147,3
scale_default,Epsilon_Greedy,epsilon=0.2,90,1.720338639940574,0.4450002137470175,1.2753384261935565,2.1653388536875915,3
scale_default,Epsilon_Greedy,epsilon=0.2,91,1.725574233025844,0.45187057330716707,1.2737036597186768,2.177444806333011,3
scale_default,Epsilon_Greedy,epsilon=0.2,92,1.7318129996297946,0.45631174897869214,1.2755012506511025,2.188124748608487,3
scale_default,Epsilon_Greedy,epsilon=0.2,93,1.771701345472531,0.49450938815215545,1.2771919573203756,2.2662107336246864,3
scale_default,Epsilon_Greedy,epsilon=0.2,94,1.772336437900881,0.49448945060005545,1.2778469873008256,2.2668258885009367,3
scale_default,Epsilon_Greedy,epsilon=0.2,95,1.8011326007654034,0.4659404843317001,1.3351921164337033,2.2670730850971035,3
scale_default,Epsilon_Greedy,epsilon=0.2,96,1.8038813933749858,0.46582304181462014,1.3380583515603657,2.269704435189606,3
scale_default,Epsilon_Greedy,epsilon=0.2,97,1.820406860880967,0.47397412526702026,1.3464327356139467,2.294380986147987,3
scale_default,Epsilon_Greedy,epsilon=0.2,98,1.8524198432744512,0.43591189543409703,1.4165079478403542,2.288331738708548,3
scale_default,Epsilon_Greedy,epsilon=0.2,99,1.8608293961745197,0.4353687752675322,1.4254606209069876,2.296198171442052,3
scale_default,Epsilon_Greedy,epsilon=0.2,100,1.865971694453805,0.4296584532050168,1.4363132412487882,2.2956301476588217,3
scale_default,Epsilon_Greedy,epsilon=0.2,101,1.8785725681431555,0.4304795567944561,1.4480930113486994,2.3090521249376117,3
scale_default,Epsilon_Greedy,epsilon=0.2,102,1.8965908492148567,0.4236377299755327,1.472953119239324,2.320228579190389,3
scale_default,Epsilon_Greedy,epsilon=0.2,103,1.9408719650462904,0.4176893864237536,1.5231825786225368,2.358561351470044,3
scale_default,Epsilon_Greedy,epsilon=0.2,104,1.9519181236602723,0.4126618675586666,1.5392562561016057,2.364579991218939,3
scale_default,Epsilon_Greedy,epsilon=0.2,105,1.9930903085368799,0.4534122450892128,1.539678063447667,2.4465025536260927,3
scale_default,Epsilon_Greedy,epsilon=0.2,106,1.995230557428097,0.45646757460575077,1.5387629828223464,2.451698132033848,3
scale_default,Epsilon_Greedy,epsilon=0.2,107,1.9962134372016036,0.45660016473275,1.5396132724688536,2.452813601934354,3
scale_default,Epsilon_Greedy,epsilon=0.2,108,2.0064866155131984,0.4679694223393213,1.538517193173877,2.4744560378525198,3
scale_default,Epsilon_Greedy,epsilon=0.2,109,2.019793451543508,0.4572767424799702,1.5625167090635377,2.477070194023478,3
scale_default,Epsilon_Greedy,epsilon=0.2,110,2.0352131052641074,0.4550801750612839,1.5801329302028235,2.490293280325391,3
scale_default,Epsilon_Greedy,epsilon=0.2,111,2.037944930727891,0.45660830287865795,1.5813366278492333,2.494553233606549,3
scale_default,Epsilon_Greedy,epsilon=0.2,112,2.046347203354926,0.45500482603098574,1.5913423773239403,2.5013520293859117,3
scale_default,Epsilon_Greedy,epsilon=0.2,113,2.05816447392468,0.4600221029120204,1.5981423710126597,2.5181865768367,3
scale_default,Epsilon_Greedy,epsilon=0.2,114,2.0854995546159434,0.48789286708946134,1.597606687526482,2.573392421705405,3
scale_default,Epsilon_Greedy,epsilon=0.2,115,2.0932207659648125,0.49277994726290475,1.600440818701908,2.586000713227717,3
scale_default,Epsilon_Greedy,epsilon=0.2,116,2.1267068672204372,0.5094934265574297,1.6172134406630074,2.636200293777867,3
scale_default,Epsilon_Greedy,epsilon=0.2,117,2.1979698406243267,0.4599905922669122,1.7379792483574144,2.657960432891239,3
scale_default,Epsilon_Greedy,epsilon=0.2,118,2.203653444613765,0.45745539290492243,1.7461980517088427,2.6611088375186873,3
scale_default,Epsilon_Greedy,epsilon=0.2,119,2.2049448699574534,0.45760170251855775,1.7473431674388957,2.6625465724760113,3
scale_default,Epsilon_Greedy,epsilon=0.2,120,2.2116006620042885,0.4585280875234639,1.7530725744808247,2.6701287495277524,3
scale_default,Epsilon_Greedy,epsilon=0.2,121,2.223283309732965,0.4521263534837209,1.7711569562492442,2.6754096632166857,3
scale_default,Epsilon_Greedy,epsilon=0.2,122,2.2279562308739145,0.45331586094541687,1.7746403699284976,2.6812720918193316,3
scale_default,Epsilon_Greedy,epsilon=0.2,123,2.260814878931458,0.42933604625134897,1.8314788326801092,2.6901509251828073,3
scale_default,Epsilon_Greedy,epsilon=0.2,124,2.2638562153725243,0.42806083023047803,1.8357953851420463,2.6919170456030024,3
scale_default,Epsilon_Greedy,epsilon=0.2,125,2.28015099116872,0.4310591589543141,1.8490918322144059,2.711210150123034,3
scale_default,Epsilon_Greedy,epsilon=0.2,126,2.2811812343764104,0.43157963831551444,1.849601596060896,2.712760872691925,3
scale_default,Epsilon_Greedy,epsilon=0.2,127,2.2946559625244585,0.4286594224421966,1.8659965400822618,2.723315384966655,3
scale_default,Epsilon_Greedy,epsilon=0.2,128,2.310696836312095,0.4493950186046504,1.8613018177074447,2.7600918549167455,3
scale_default,Epsilon_Greedy,epsilon=0.2,129,2.311691482714269,0.44962185204924005,1.862069630665029,2.7613133347635093,3
scale_default,Epsilon_Greedy,epsilon=0.2,130,2.321622124386376,0.45167651252274416,1.8699456118636317,2.77329863690912,3
scale_default,Epsilon_Greedy,epsilon=0.2,131,2.3254228332988514,0.4462180349039509,1.8792047983949005,2.771640868202802,3
scale_default,Epsilon_Greedy,epsilon=0.2,132,2.3295081140209537,0.44319235807187163,1.8863157559490822,2.772700472092825,3
scale_default,Epsilon_Greedy,epsilon=0.2,133,2.3357542316965634,0.4361689990099203,1.8995852326866431,2.771923230706484,3
scale_default,Epsilon_Greedy,epsilon=0.2,134,2.3418799534750026,0.4329547961572598,1.9089251573177428,2.7748347496322623,3
scale_default,Epsilon_Greedy,epsilon=0.2,135,2.353052261819872,0.43352344876021937,1.9195288130596526,2.7865757105800912,3
scale_default,Epsilon_Greedy,epsilon=0.2,136,2.3572784627614936,0.4277898879990565,1.929488574762437,2.7850683507605503,3
scale_default,Epsilon_Greedy,epsilon=0.2,137,2.3626236785479575,0.42655552447537953,1.936068154072578,2.789179203023337,3
scale_default,Epsilon_Greedy,epsilon=0.2,138,2.377707357659881,0.422179687906952,1.955527669752929,2.799887045566833,3
scale_default,Epsilon_Greedy,epsilon=0.2,139,2.3892364506038164,0.41750803375943757,1.9717284168443787,2.806744484363254,3
scale_default,Epsilon_Greedy,epsilon=0.2,140,2.399778290137163,0.4127064826257411,1.987071807511422,2.8124847727629043,3
scale_default,Epsilon_Greedy,epsilon=0.2,141,2.4023478806831244,0.4148369893376469,1.9875108913454775,2.817184870020771,3
scale_default,Epsilon_Greedy,epsilon=0.2,142,2.4025087726867222,0.414891028112518,1.9876177445742043,2.8173998007992402,3
scale_default,Epsilon_Greedy,epsilon=0.2,143,2.4085037088446337,0.4101850498974367,1.998318658947197,2.8186887587420704,3
scale_default,Epsilon_Greedy,epsilon=0.2,144,2.4161456737977782,0.4130386835017343,2.003106990296044,2.8291843572995123,3
scale_default,Epsilon_Greedy,epsilon=0.2,145,2.423058107242403,0.4126576521235096,2.0104004551188934,2.835715759365913,3
scale_default,Epsilon_Greedy,epsilon=0.2,146,2.430314858133832,0.41060726409236686,2.0197075940414653,2.840922122226199,3
scale_default,Epsilon_Greedy,epsilon=0.2,147,2.4435970262702216,0.4064358969730838,2.0371611292971377,2.8500329232433055,3
scale_default,Epsilon_Greedy,epsilon=0.2,148,2.4473690572798104,0.41012816737369523,2.037240889906115,2.8574972246535055,3
scale_default,Epsilon_Greedy,epsilon=0.2,149,2.452105644764619,0.41149196574416425,2.0406136790204545,2.8635976105087835,3
scale_default,Epsilon_Greedy,epsilon=0.2,150,2.4572338468712362,0.41665992823680287,2.0405739186344336,2.873893775108039,3
scale_default,Epsilon_Greedy,epsilon=0.2,151,2.4814988023070055,0.4076811807218725,2.073817621585133,2.889179983028878,3
scale_default,Epsilon_Greedy,epsilon=0.2,152,2.49100597325971,0.41389563243715605,2.077110340822554,2.904901605696866,3
scale_default,Epsilon_Greedy,epsilon=0.2,153,2.499828642952617,0.41280506741797,2.087023575534647,2.912633710370587,3
scale_default,Epsilon_Greedy,epsilon=0.2,154,2.5109041170206035,0.41557252222275765,2.095331594797846,2.926476639243361,3
scale_default,Epsilon_Greedy,epsilon=0.2,155,2.525821941088402,0.4057812659504445,2.1200406751379575,2.9316032070388465,3
scale_default,Epsilon_Greedy,epsilon=0.2,156,2.530206963895972,0.40407328311004237,2.1261336807859297,2.9342802470060145,3
scale_default,Epsilon_Greedy,epsilon=0.2,157,2.539914330710063,0.3920007523674945,2.1479135783425685,2.9319150830775573,3
scale_default,Epsilon_Greedy,epsilon=0.2,158,2.555022822037004,0.38017711515847813,2.174845706878526,2.935199937195482,3
scale_default,Epsilon_Greedy,epsilon=0.2,159,2.5621424029039184,0.37397885010558246,2.188163552798336,2.936121253009501,3
scale_default,Epsilon_Greedy,epsilon=0.2,160,2.569439408071311,0.3706849423337168,2.1987544657375944,2.9401243504050276,3
scale_default,Epsilon_Greedy,epsilon=0.2,161,2.572430537086543,0.3718162443031301,2.200614292783413,2.944246781389673,3
scale_default,Epsilon_Greedy,epsilon=0.2,162,2.575031790026078,0.36841105902272137,2.2066207310033565,2.9434428490487994,3
scale_default,Epsilon_Greedy,epsilon=0.2,163,2.5824262737129584,0.36641131280789563,2.2160149609050626,2.9488375865208543,3
scale_default,Epsilon_Greedy,epsilon=0.2,164,2.5849882171766185,0.36933087039854007,2.2156573467780785,2.9543190875751586,3
scale_default,Epsilon_Greedy,epsilon=0.2,165,2.5893225411316765,0.36961396950593184,2.2197085716257448,2.958936510637608,3
scale_default,Epsilon_Greedy,epsilon=0.2,166,2.6007712275186616,0.36930084536202823,2.2314703821566333,2.97007207288069,3
scale_default,Epsilon_Greedy,epsilon=0.2,167,2.6068556446788302,0.36971029105335124,2.237145353625479,2.9765659357321814,3
scale_default,Epsilon_Greedy,epsilon=0.2,168,2.6242631874424993,0.34826374920116426,2.275999438241335,2.9725269366436637,3
scale_default,Epsilon_Greedy,epsilon=0.2,169,2.6260848295814374,0.3504026865646999,2.2756821430167373,2.9764875161461375,3
scale_default,Epsilon_Greedy,epsilon=0.2,170,2.6316188886728926,0.3434444146478714,2.288174474025021,2.975063303320764,3
scale_default,Epsilon_Greedy,epsilon=0.2,171,2.6386302066634477,0.3424501744949909,2.296180032168457,2.9810803811584385,3
scale_default,Epsilon_Greedy,epsilon=0.2,172,2.6716450311277966,0.2970192934141163,2.3746257377136804,2.968664324541913,3
scale_default,Epsilon_Greedy,epsilon=0.2,173,2.67517511419103,0.29839394725980817,2.3767811669312215,2.973569061450838,3
scale_default,Epsilon_Greedy,epsilon=0.2,174,2.6882216316689203,0.28803777831932154,2.4001838533495987,2.976259409988242,3
scale_default,Epsilon_Greedy,epsilon=0.2,175,2.6910834083948827,0.2833800399058833,2.4077033684889995,2.974463448300766,3
scale_default,Epsilon_Greedy,epsilon=0.2,176,2.6970791605983226,0.273582251841966,2.4234969087563565,2.970661412440289,3
scale_default,Epsilon_Greedy,epsilon=0.2,177,2.7101064623857147,0.27600716734633407,2.4340992950393807,2.9861136297320487,3
scale_default,Epsilon_Greedy,epsilon=0.2,178,2.7179280719128722,0.2764145930283196,2.4415134788845525,2.994342664941192,3
scale_default,Epsilon_Greedy,epsilon=0.2,179,2.726357175658464,0.2776607952354027,2.448696380423061,3.004017970893867,3
scale_default,Epsilon_Greedy,epsilon=0.2,180,2.7763676591082267,0.28148700121167647,2.4948806578965503,3.057854660319903,3
scale_default,Epsilon_Greedy,epsilon=0.2,181,2.7794763396453637,0.28035053343721883,2.499125806208145,3.0598268730825824,3
scale_default,Epsilon_Greedy,epsilon=0.2,182,2.781936917827956,0.2798945496552128,2.502042368172743,3.061831467483169,3
scale_default,Epsilon_Greedy,epsilon=0.2,183,2.7862963306065684,0.27431595471660924,2.511980375889959,3.060612285323178,3
scale_default,Epsilon_Greedy,epsilon=0.2,184,2.7916677745211107,0.2712427607748251,2.5204250137462854,3.062910535295936,3
scale_default,Epsilon_Greedy,epsilon=0.2,185,2.795589841387423,0.2730149264787491,2.522574914908674,3.068604767866172,3
scale_default,Epsilon_Greedy,epsilon=0.2,186,2.8032295599306694,0.2788599335780305,2.5243696263526387,3.0820894935087,3
scale_default,Epsilon_Greedy,epsilon=0.2,187,2.8107368913715742,0.27008110962168613,2.540655781749888,3.0808180009932604,3
scale_default,Epsilon_Greedy,epsilon=0.2,188,2.8494597863930315,0.29682849379742376,2.5526312925956076,3.1462882801904555,3
scale_default,Epsilon_Greedy,epsilon=0.2,189,2.8670527249665656,0.30872999289868025,2.5583227320678854,3.175782717865246,3
scale_default,Epsilon_Greedy,epsilon=0.2,190,2.88307304300181,0.31844457872161724,2.564628464280193,3.2015176217234274,3
scale_default,Epsilon_Greedy,epsilon=0.2,191,2.886016178973172,0.32092234401949243,2.5650938349536796,3.2069385229926644,3
scale_default,Epsilon_Greedy,epsilon=0.2,192,2.9097647213399185,0.34195303521087855,2.56781168612904,3.251717756550797,3
scale_default,Epsilon_Greedy,epsilon=0.2,193,2.9154226276389608,0.33507454832210337,2.5803480793168574,3.250497175961064,3
scale_default,Epsilon_Greedy,epsilon=0.2,194,2.9229206189497074,0.3271996061749149,2.5957210127747925,3.2501202251246224,3
scale_default,Epsilon_Greedy,epsilon=0.2,195,2.9923269267384636,0.4036005560835859,2.5887263706548778,3.3959274828220494,3
scale_default,Epsilon_Greedy,epsilon=0.2,196,3.0044621075998257,0.4113659373803319,2.5930961702194937,3.4158280449801577,3
scale_default,Epsilon_Greedy,epsilon=0.2,197,3.0156449033281896,0.4169728670899009,2.5986720362382885,3.4326177704180907,3
scale_default,Epsilon_Greedy,epsilon=0.2,198,3.021291523316382,0.4243524121693591,2.596939111147023,3.445643935485741,3
scale_default,Epsilon_Greedy,epsilon=0.2,199,3.031123937334209,0.4237562377386965,2.6073676995955126,3.4548801750729052,3
scale_default,Epsilon_Greedy,epsilon=0.2,200,3.2264100742433413,0.49778482015605996,2.728625254087281,3.7241948943994014,3
scale_default,Epsilon_Greedy,epsilon=0.2,201,3.535586522422193,0.2085269651261429,3.32705955729605,3.744113487548336,3
scale_default,Epsilon_Greedy,epsilon=0.2,202,3.733873586118849,0.18239025383990318,3.551483332278946,3.916263839958752,3
scale_default,Epsilon_Greedy,epsilon=0.2,203,3.777379609528969,0.19290370716535024,3.584475902363619,3.970283316694319,3
scale_default,Epsilon_Greedy,epsilon=0.2,204,3.9616863546150696,0.16253747525118492,3.7991488793638846,4.124223829866255,3
scale_default,Epsilon_Greedy,epsilon=0.2,205,3.9871221654625053,0.13887604138884327,3.848246124073662,4.1259982068513485,3
scale_default,Epsilon_Greedy,epsilon=0.2,206,4.20075749797199,0.07023559702232897,4.130521900949661,4.270993094994319,3
scale_default,Epsilon_Greedy,epsilon=0.2,207,4.374675751901731,0.20090415706175047,4.17377159483998,4.575579908963482,3
scale_default,Epsilon_Greedy,epsilon=0.2,208,4.438273180056193,0.2564140649166551,4.181859115139538,4.694687244972847,3
scale_default,Epsilon_Greedy,epsilon=0.2,209,4.722950706662098,0.4154544430886789,4.307496263573419,5.138405149750777,3
scale_default,Epsilon_Greedy,epsilon=0.2,210,4.763549857782803,0.3787596160461857,4.384790241736617,5.142309473828989,3
scale_default,Epsilon_Greedy,epsilon=0.2,211,4.856912305431221,0.3083844171149255,4.548527888316295,5.165296722546147,3
scale_default,Epsilon_Greedy,epsilon=0.2,212,4.9757230448000875,0.22225962722508208,4.753463417575006,5.197982672025169,3
scale_default,Epsilon_Greedy,epsilon=0.2,213,5.074113117436108,0.2990094014569962,4.775103715979111,5.373122518893104,3
scale_default,Epsilon_Greedy,epsilon=0.2,214,5.22049921581547,0.167059019481529,5.05344019633394,5.387558235296999,3
scale_default,Epsilon_Greedy,epsilon=0.2,215,5.34238699080042,0.273044154645544,5.069342836154876,5.615431145445964,3
scale_default,Epsilon_Greedy,epsilon=0.2,216,5.600940989709372,0.523772487419703,5.077168502289669,6.124713477129075,3
scale_default,Epsilon_Greedy,epsilon=0.2,217,5.835839358371385,0.415009198661041,5.420830159710344,6.250848557032426,3
scale_default,Epsilon_Greedy,epsilon=0.2,218,5.941453858622018,0.5403708214056238,5.401083037216394,6.481824680027642,3
scale_default,Epsilon_Greedy,epsilon=0.2,219,6.037968205357483,0.5908268230649658,5.447141382292518,6.628795028422449,3
scale_default,Epsilon_Greedy,epsilon=0.2,220,6.176852833998681,0.6043644886517471,5.572488345346934,6.781217322650428,3
scale_default,Epsilon_Greedy,epsilon=0.2,221,6.32981709490857,0.5775507743273064,5.752266320581263,6.907367869235877,3
scale_default,Epsilon_Greedy,epsilon=0.2,222,6.475598578908268,0.5837856854657707,5.891812893442497,7.059384264374039,3
scale_default,Epsilon_Greedy,epsilon=0.2,223,6.629217670319864,0.6221997198924306,6.007017950427434,7.2514173902122945,3
scale_default,Epsilon_Greedy,epsilon=0.2,224,6.730679985887185,0.6502085141573773,6.080471471729807,7.380888500044562,3
scale_default,Epsilon_Greedy,epsilon=0.2,225,7.057371917473524,0.7334235210318353,6.323948396441688,7.790795438505359,3
scale_default,Epsilon_Greedy,epsilon=0.2,226,7.21101404045062,0.7094564616283794,6.501557578822241,7.920470502079,3
scale_default,Epsilon_Greedy,epsilon=0.2,227,7.33513225002615,0.760348841655071,6.574783408371079,8.09548109168122,3
scale_default,Epsilon_Greedy,epsilon=0.2,228,7.514958605911212,0.7747941486169226,6.74016445729429,8.289752754528134,3
scale_default,Epsilon_Greedy,epsilon=0.2,229,7.5896257534267155,0.7748192070867739,6.814806546339941,8.36444496051349,3
scale_default,Epsilon_Greedy,epsilon=0.2,230,7.784372081358083,0.918013038090453,6.8663590432676305,8.702385119448536,3
scale_default,Epsilon_Greedy,epsilon=0.2,231,7.882856844332587,0.8384062137061576,7.04445063062643,8.721263058038744,3
scale_default,Epsilon_Greedy,epsilon=0.2,232,8.074584904111141,0.8364646050670631,7.238120299044078,8.911049509178204,3
scale_default,Epsilon_Greedy,epsilon=0.2,233,8.19478337042482,0.8539221818892138,7.340861188535607,9.048705552314035,3
scale_default,Epsilon_Greedy,epsilon=0.2,234,8.284101252218573,0.9313637881326768,7.352737464085896,9.21546504035125,3
scale_default,Epsilon_Greedy,epsilon=0.2,235,8.427088734383359,1.0541307845252232,7.372957949858136,9.481219518908581,3
scale_default,Epsilon_Greedy,epsilon=0.2,236,8.521660646491425,0.8976937637446633,7.623966882746761,9.419354410236087,3
scale_default,Epsilon_Greedy,epsilon=0.2,237,8.673888793391564,0.9713072136799091,7.702581579711655,9.645196007071473,3
scale_default,Epsilon_Greedy,epsilon=0.2,238,8.831536035257413,1.0785538669087127,7.7529821683487,9.910089902166126,3
scale_default,Epsilon_Greedy,epsilon=0.2,239,9.076749920002568,1.0423446919652148,8.034405228037354,10.119094611967782,3
scale_default,Epsilon_Greedy,epsilon=0.2,240,9.282658434487878,1.0463485825631484,8.23630985192473,10.329007017051026,3
scale_default,Epsilon_Greedy,epsilon=0.2,241,9.372363978025222,1.0122971177593325,8.360066860265889,10.384661095784555,3
scale_default,Epsilon_Greedy,epsilon=0.2,242,9.457417550374531,1.0352427219412195,8.422174828433311,10.492660272315751,3
scale_default,Epsilon_Greedy,epsilon=0.2,243,9.680971226626317,0.9789896601566302,8.701981566469687,10.659960886782947,3
scale_default,Epsilon_Greedy,epsilon=0.2,244,9.900040107637224,0.981078660546718,8.918961447090506,10.881118768183942,3
scale_default,Epsilon_Greedy,epsilon=0.2,245,10.002765331473546,0.9891213249206519,9.013644006552894,10.991886656394197,3
scale_default,Epsilon_Greedy,epsilon=0.2,246,10.237146640668135,0.9107134667005412,9.326433173967594,11.147860107368675,3
scale_default,Epsilon_Greedy,epsilon=0.2,247,10.531716640691174,0.8879386922277837,9.643777948463391,11.419655332918957,3
scale_default,Epsilon_Greedy,epsilon=0.2,248,10.713608092290231,0.8554187137442852,9.858189378545946,11.569026806034516,3
scale_default,Epsilon_Greedy,epsilon=0.2,249,10.89172667332546,0.9102959360257749,9.981430737299684,11.802022609351235,3
scale_default,Epsilon_Greedy,epsilon=0.2,250,11.071047612317834,0.9943431054715817,10.076704506846252,12.065390717789416,3
scale_default,Epsilon_Greedy,epsilon=0.2,251,11.23947816915156,1.1065932301689942,10.132884938982567,12.346071399320554,3
scale_default,Epsilon_Greedy,epsilon=0.2,252,11.358133840435686,1.152395385791333,10.205738454644353,12.51052922622702,3
scale_default,Epsilon_Greedy,epsilon=0.2,253,11.47675517566487,1.200169551603079,10.276585624061791,12.676924727267949,3
scale_default,Epsilon_Greedy,epsilon=0.2,254,11.652184651150003,1.2726222410538424,10.379562410096161,12.924806892203845,3
scale_default,Epsilon_Greedy,epsilon=0.2,255,11.726308903965553,1.3136792322493702,10.412629671716182,13.039988136214923,3
scale_default,Epsilon_Greedy,epsilon=0.2,256,11.874243489248153,1.4278000367536743,10.446443452494478,13.302043526001828,3
scale_default,Epsilon_Greedy,epsilon=0.2,257,12.187185114464048,1.388157103467174,10.799028010996874,13.575342217931222,3
scale_default,Epsilon_Greedy,epsilon=0.2,258,12.309813849003865,1.30077295715917,11.009040891844695,13.610586806163035,3
scale_default,Epsilon_Greedy,epsilon=0.2,259,12.493216390137873,1.392315713416357,11.100900676721515,13.88553210355423,3
scale_default,Epsilon_Greedy,epsilon=0.2,260,12.657520866392067,1.4523038526528584,11.205217013739208,14.109824719044926,3
scale_default,Epsilon_Greedy,epsilon=0.2,261,12.822473578692176,1.51115283602917,11.311320742663005,14.333626414721346,3
scale_default,Epsilon_Greedy,epsilon=0.2,262,12.87930345374282,1.5198628804685603,11.35944057327426,14.39916633421138,3
scale_default,Epsilon_Greedy,epsilon=0.2,263,13.047888799166783,1.5116592367862316,11.536229562380552,14.559548035953014,3
scale_default,Epsilon_Greedy,epsilon=0.2,264,13.164684969810738,1.4230519625575049,11.741633007253233,14.587736932368243,3
scale_default,Epsilon_Greedy,epsilon=0.2,265,13.254598288395416,1.40428575795694,11.850312530438476,14.658884046352355,3
scale_default,Epsilon_Greedy,epsilon=0.2,266,13.497074616496604,1.3136869946699061,12.183387621826698,14.81076161116651,3
scale_default,Epsilon_Greedy,epsilon=0.2,267,13.625814157351334,1.3473718811702013,12.278442276181133,14.973186038521535,3
scale_default,Epsilon_Greedy,epsilon=0.2,268,13.83284694364123,1.4236125795496677,12.409234364091562,15.256459523190896,3
scale_default,Epsilon_Greedy,epsilon=0.2,269,14.089569410161774,1.7083083669176078,12.381261043244166,15.797877777079382,3
scale_default,Epsilon_Greedy,epsilon=0.2,270,14.223274603082295,1.635321809851488,12.587952793230807,15.858596412933784,3
scale_default,Epsilon_Greedy,epsilon=0.2,271,14.382102587372302,1.6425918428710717,12.73951074450123,16.024694430243372,3
scale_default,Epsilon_Greedy,epsilon=0.2,272,14.645785132677794,1.6296203255750832,13.016164807102712,16.275405458252877,3
scale_default,Epsilon_Greedy,epsilon=0.2,273,14.832830107376532,1.688424350676271,13.14440575670026,16.521254458052802,3
scale_default,Epsilon_Greedy,epsilon=0.2,274,15.044025481562807,1.828384546082051,13.215640935480756,16.872410027644857,3
scale_default,Epsilon_Greedy,epsilon=0.2,275,15.272988434828216,1.875236212052868,13.397752222775347,17.148224646881083,3
scale_default,Epsilon_Greedy,epsilon=0.2,276,15.378776213259409,1.9140434231123769,13.464732790147032,17.292819636371785,3
scale_default,Epsilon_Greedy,epsilon=0.2,277,15.56231682900571,2.051111341586693,13.511205487419016,17.613428170592403,3
scale_default,Epsilon_Greedy,epsilon=0.2,278,15.624926918848487,2.0302431516879693,13.594683767160518,17.655170070536457,3
scale_default,Epsilon_Greedy,epsilon=0.2,279,15.801412545585094,1.9298209035452984,13.871591642039796,17.731233449130393,3
scale_default,Epsilon_Greedy,epsilon=0.2,280,15.972018176097285,2.0284840598564617,13.943534116240823,18.000502235953746,3
scale_default,Epsilon_Greedy,epsilon=0.2,281,16.0512729807953,1.9769784303825553,14.074294550412745,18.028251411177855,3
scale_default,Epsilon_Greedy,epsilon=0.2,282,16.13733378470076,1.9518211878985205,14.18551259680224,18.08915497259928,3
scale_default,Epsilon_Greedy,epsilon=0.2,283,16.242798883214196,1.8601202437048319,14.382678639509363,18.102919126919026,3
scale_default,Epsilon_Greedy,epsilon=0.2,284,16.435666274307987,1.9260836481085584,14.509582626199428,18.361749922416546,3
scale_default,Epsilon_Greedy,epsilon=0.2,285,16.549408616597095,2.0019043205318643,14.547504296065231,18.55131293712896,3
scale_default,Epsilon_Greedy,epsilon=0.2,286,16.760877286742268,2.14538456323556,14.615492723506708,18.906261849977827,3
scale_default,Epsilon_Greedy,epsilon=0.2,287,16.82718973903656,2.085057239572479,14.74213249946408,18.912246978609037,3
scale_default,Epsilon_Greedy,epsilon=0.2,288,16.991762498085453,2.0393295285880444,14.952432969497409,19.031092026673498,3
scale_default,Epsilon_Greedy,epsilon=0.2,289,17.087366920641404,2.053158531534694,15.03420838910671,19.1405254521761,3
scale_default,Epsilon_Greedy,epsilon=0.2,290,17.352854174405483,2.0954258865562254,15.257428287849258,19.448280060961707,3
scale_default,Epsilon_Greedy,epsilon=0.2,291,17.58639008147132,2.1498344565848475,15.43655562488647,19.736224538056167,3
scale_default,Epsilon_Greedy,epsilon=0.2,292,17.75772314863873,2.2660002628798286,15.4917228857589,20.023723411518557,3
scale_default,Epsilon_Greedy,epsilon=0.2,293,17.92515611267545,2.277808094434,15.647348018241448,20.20296420710945,3
scale_default,Epsilon_Greedy,epsilon=0.2,294,18.012034697687184,2.2143489476256035,15.79768575006158,20.226383645312787,3
scale_default,Epsilon_Greedy,epsilon=0.2,295,18.137089158077984,2.2288077349978117,15.908281423080172,20.365896893075796,3
scale_default,Epsilon_Greedy,epsilon=0.2,296,18.28985852344394,2.2225660637026867,16.067292459741253,20.512424587146626,3
scale_default,Epsilon_Greedy,epsilon=0.2,297,18.432646511012734,2.2630641648522696,16.169582346160464,20.695710675865005,3
scale_default,Epsilon_Greedy,epsilon=0.2,298,18.666825530532396,2.2263996613963104,16.440425869136085,20.893225191928707,3
scale_default,Epsilon_Greedy,epsilon=0.2,299,18.898293844920328,2.237979604104765,16.660314240815563,21.136273449025094,3
scale_default,Epsilon_Greedy,epsilon=0.2,300,19.057058061492786,2.2340533776403486,16.82300468385244,21.291111439133132,3
scale_default,Epsilon_Greedy,epsilon=0.2,301,19.204785280280536,2.1487391141734,17.056046166107137,21.353524394453935,3
scale_default,Epsilon_Greedy,epsilon=0.2,302,19.371688583180344,2.022176271442903,17.349512311737442,21.393864854623246,3
scale_default,Epsilon_Greedy,epsilon=0.2,303,19.441129205581152,1.9852955972564919,17.45583360832466,21.426424802837644,3
scale_default,Epsilon_Greedy,epsilon=0.2,304,19.65739341445668,1.8927747845030092,17.764618629953674,21.55016819895969,3
scale_default,Epsilon_Greedy,epsilon=0.2,305,19.813878762909823,1.9527917514855415,17.86108701142428,21.766670514395365,3
scale_default,Epsilon_Greedy,epsilon=0.2,306,20.073831162507986,1.8936368251521685,18.180194337355818,21.967467987660154,3
scale_default,Epsilon_Greedy,epsilon=0.2,307,20.16389948591191,1.8232814292998245,18.340618056612083,21.987180915211734,3
scale_default,Epsilon_Greedy,epsilon=0.2,308,20.304659287651976,1.8862716343872383,18.418387653264737,22.190930922039215,3
scale_default,Epsilon_Greedy,epsilon=0.2,309,20.409622933910313,1.9291414836519922,18.48048145025832,22.338764417562306,3
scale_default,Epsilon_Greedy,epsilon=0.2,310,20.52301767368003,1.7953667754620941,18.727650898217938,22.318384449142123,3
scale_default,Epsilon_Greedy,epsilon=0.2,311,20.580420782933903,1.7565719846602057,18.823848798273698,22.336992767594108,3
scale_default,Epsilon_Greedy,epsilon=0.2,312,20.70456144221678,1.7147491474513687,18.98981229476541,22.419310589668147,3
scale_default,Epsilon_Greedy,epsilon=0.2,313,20.791239513740724,1.7345102437332327,19.05672927000749,22.525749757473957,3
scale_default,Epsilon_Greedy,epsilon=0.2,314,20.910036590874014,1.7254684267294202,19.184568164144594,22.635505017603435,3
scale_default,Epsilon_Greedy,epsilon=0.2,315,21.08734070251266,1.7254049299203664,19.361935772592293,22.812745632433025,3
scale_default,Epsilon_Greedy,epsilon=0.2,316,21.295225555822793,1.642065346285577,19.653160209537216,22.93729090210837,3
scale_default,Epsilon_Greedy,epsilon=0.2,317,21.386539137916326,1.7102915227022135,19.676247615214113,23.09683066061854,3
scale_default,Epsilon_Greedy,epsilon=0.2,318,21.53447465686953,1.694239177290941,19.84023547957859,23.228713834160473,3
scale_default,Epsilon_Greedy,epsilon=0.2,319,21.692838042132962,1.7717297193198962,19.921108322813065,23.46456776145286,3
scale_default,Epsilon_Greedy,epsilon=0.2,320,21.90071130807384,1.761226424628755,20.139484883445085,23.661937732702597,3
scale_default,Epsilon_Greedy,epsilon=0.2,321,22.124681386929435,1.8051008483417137,20.319580538587722,23.929782235271148,3
scale_default,Epsilon_Greedy,epsilon=0.2,322,22.39668299536038,1.7400976545384983,20.65658534082188,24.136780649898878,3
scale_default,Epsilon_Greedy,epsilon=0.2,323,22.49548583645232,1.7928980856706154,20.702587750781706,24.288383922122936,3
scale_default,Epsilon_Greedy,epsilon=0.2,324,22.680711703093284,1.7000472165668756,20.980664486526408,24.38075891966016,3
scale_default,Epsilon_Greedy,epsilon=0.2,325,22.81195437571741,1.7329867855041803,21.078967590213228,24.54494116122159,3
scale_default,Epsilon_Greedy,epsilon=0.2,326,23.000644327131123,1.666174394028369,21.334469933102753,24.666818721159494,3
scale_default,Epsilon_Greedy,epsilon=0.2,327,23.15737356174968,1.5776397548558132,21.579733806893866,24.735013316605492,3
scale_default,Epsilon_Greedy,epsilon=0.2,328,23.275063605018875,1.582904310106418,21.692159294912457,24.857967915125293,3
scale_default,Epsilon_Greedy,epsilon=0.2,329,23.403234041731277,1.613301918262534,21.789932123468745,25.01653595999381,3
scale_default,Epsilon_Greedy,epsilon=0.2,330,23.53986255141449,1.4214865044200249,22.118376046994467,24.961349055834514,3
scale_default,Epsilon_Greedy,epsilon=0.2,331,23.737291678364482,1.4713047789576794,22.2659868994068,25.208596457322162,3
scale_default,Epsilon_Greedy,epsilon=0.2,332,23.88694886764434,1.3888695375802418,22.498079330064098,25.27581840522458,3
scale_default,Epsilon_Greedy,epsilon=0.2,333,24.16035776398384,1.4299896260701286,22.73036813791371,25.590347390053967,3
scale_default,Epsilon_Greedy,epsilon=0.2,334,24.351802155238477,1.3690805436168452,22.98272161162163,25.720882698855323,3
scale_default,Epsilon_Greedy,epsilon=0.2,335,24.41783153781417,1.3817235993338133,23.036107938480356,25.799555137147983,3
scale_default,Epsilon_Greedy,epsilon=0.2,336,24.536050922486016,1.3716106467837312,23.164440275702283,25.90766156926975,3
scale_default,Epsilon_Greedy,epsilon=0.2,337,24.68853921834403,1.4184932524412397,23.27004596590279,26.10703247078527,3
scale_default,Epsilon_Greedy,epsilon=0.2,338,24.717087166218466,1.4506872539429563,23.26639991227551,26.16777442016142,3
scale_default,Epsilon_Greedy,epsilon=0.2,339,24.841907948633008,1.3699905518174667,23.47191739681554,26.211898500450474,3
scale_default,Epsilon_Greedy,epsilon=0.2,340,25.014539429167826,1.3396304864659228,23.674908942701904,26.354169915633747,3
scale_default,Epsilon_Greedy,epsilon=0.2,341,25.14715825566219,1.407478168521374,23.73968008714082,26.554636424183563,3
scale_default,Epsilon_Greedy,epsilon=0.2,342,25.355220490210147,1.357293815187717,23.99792667502243,26.712514305397864,3
scale_default,Epsilon_Greedy,epsilon=0.2,343,25.46794647909552,1.3230665819894722,24.144879897106048,26.791013061084993,3
scale_default,Epsilon_Greedy,epsilon=0.2,344,25.517370760886593,1.325332116422743,24.19203864446385,26.842702877309335,3
scale_default,Epsilon_Greedy,epsilon=0.2,345,25.74269502109404,1.2822211864184996,24.46047383467554,27.02491620751254,3
scale_default,Epsilon_Greedy,epsilon=0.2,346,25.91313188131137,1.304166292604283,24.608965588707086,27.21729817391565,3
scale_default,Epsilon_Greedy,epsilon=0.2,347,26.008060936369077,1.2351450646727709,24.772915871696306,27.243206001041848,3
scale_default,Epsilon_Greedy,epsilon=0.2,348,26.1603078625842,1.3397065139442934,24.820601348639908,27.500014376528494,3
scale_default,Epsilon_Greedy,epsilon=0.2,349,26.254404087506035,1.3848713078195087,24.869532779686526,27.639275395325544,3
scale_default,Epsilon_Greedy,epsilon=0.2,350,26.351131223384584,1.298198604933644,25.05293261845094,27.64932982831823,3
scale_default,Epsilon_Greedy,epsilon=0.2,351,26.450644949390398,1.2849495826008699,25.165695366789528,27.735594531991268,3
scale_default,Epsilon_Greedy,epsilon=0.2,352,26.506949434613663,1.2870225572341496,25.219926877379514,27.793971991847812,3
scale_default,Epsilon_Greedy,epsilon=0.2,353,26.667636654862946,1.421983461325309,25.24565319353764,28.089620116188254,3
scale_default,Epsilon_Greedy,epsilon=0.2,354,26.906806559961325,1.4475654383154464,25.459241121645878,28.354371998276772,3
scale_default,Epsilon_Greedy,epsilon=0.2,355,26.995285923606446,1.468574031913124,25.52671189169332,28.46385995551957,3
scale_default,Epsilon_Greedy,epsilon=0.2,356,27.268373714317118,1.6449576507029888,25.62341606361413,28.913331365020106,3
scale_default,Epsilon_Greedy,epsilon=0.2,357,27.394933218816075,1.6943171570668996,25.700616061749177,29.089250375882973,3
scale_default,Epsilon_Greedy,epsilon=0.2,358,27.684639861195574,1.7252498297024381,25.959390031493136,29.409889690898012,3
scale_default,Epsilon_Greedy,epsilon=0.2,359,27.776687936362254,1.7813700352972353,25.995317901065018,29.55805797165949,3
scale_default,Epsilon_Greedy,epsilon=0.2,360,27.93292656780629,1.791225543047875,26.141701024758415,29.724152110854167,3
scale_default,Epsilon_Greedy,epsilon=0.2,361,27.95524783102387,1.7575064098384554,26.197741421185412,29.712754240862324,3
scale_default,Epsilon_Greedy,epsilon=0.2,362,28.048489049077773,1.8285133796105013,26.21997566946727,29.877002428688275,3
scale_default,Epsilon_Greedy,epsilon=0.2,363,28.215277187210173,1.6772314708930594,26.538045716317114,29.89250865810323,3
scale_default,Epsilon_Greedy,epsilon=0.2,364,28.353198545293196,1.7041467391010654,26.64905180619213,30.057345284394263,3
scale_default,Epsilon_Greedy,epsilon=0.2,365,28.65376825304857,1.9047777807354027,26.748990472313167,30.55854603378397,3
scale_default,Epsilon_Greedy,epsilon=0.2,366,28.786127366154034,1.7253663277359392,27.060761038418093,30.511493693889975,3
scale_default,Epsilon_Greedy,epsilon=0.2,367,28.92535659459396,1.826753689770188,27.09860290482377,30.75211028436415,3
scale_default,Epsilon_Greedy,epsilon=0.2,368,29.177957527874284,1.5321130415303723,27.64584448634391,30.710070569404657,3
scale_default,Epsilon_Greedy,epsilon=0.2,369,29.304160342843655,1.5486497563673955,27.75551058647626,30.85281009921105,3
scale_default,Epsilon_Greedy,epsilon=0.2,370,29.52222611895415,1.5799703939978198,27.942255724956333,31.10219651295197,3
scale_default,Epsilon_Greedy,epsilon=0.2,371,29.732647004914146,1.6282852125641147,28.10436179235003,31.36093221747826,3
scale_default,Epsilon_Greedy,epsilon=0.2,372,30.022263111680683,1.4977305527513456,28.524532558929337,31.51999366443203,3
scale_default,Epsilon_Greedy,epsilon=0.2,373,30.135395623451046,1.4769168482119808,28.658478775239065,31.612312471663028,3
scale_default,Epsilon_Greedy,epsilon=0.2,374,30.33438093251189,1.4863538976011303,28.84802703491076,31.82073483011302,3
scale_default,Epsilon_Greedy,epsilon=0.2,375,30.524650561845203,1.6511852282038708,28.87346533364133,32.17583579004907,3
scale_default,Epsilon_Greedy,epsilon=0.2,376,30.62731127970069,1.7358202453873544,28.891491034313336,32.36313152508804,3
scale_default,Epsilon_Greedy,epsilon=0.2,377,30.76069642013776,1.683248132676855,29.077448287460903,32.443944552814614,3
scale_default,Epsilon_Greedy,epsilon=0.2,378,30.913483337053904,1.569148543889583,29.34433479316432,32.48263188094349,3
scale_default,Epsilon_Greedy,epsilon=0.2,379,31.163613708393683,1.5444787890244511,29.61913491936923,32.708092497418136,3
scale_default,Epsilon_Greedy,epsilon=0.2,380,31.390385754419725,1.493980156945713,29.89640559747401,32.884365911365435,3
scale_default,Epsilon_Greedy,epsilon=0.2,381,31.48525737314368,1.529148520972535,29.956108852171145,33.014405894116216,3
scale_default,Epsilon_Greedy,epsilon=0.2,382,31.594546841995577,1.531364196591188,30.06318264540439,33.125911038586764,3
scale_default,Epsilon_Greedy,epsilon=0.2,383,31.69097720592195,1.507585574334099,30.183391631587853,33.19856278025605,3
scale_default,Epsilon_Greedy,epsilon=0.2,384,31.803674918961764,1.5922459114233594,30.211429007538406,33.39592083038512,3
scale_default,Epsilon_Greedy,epsilon=0.2,385,31.951192483934516,1.6666362712843368,30.28455621265018,33.61782875521885,3
scale_default,Epsilon_Greedy,epsilon=0.2,386,32.11150843479362,1.5414505518560824,30.570057882937537,33.6529589866497,3
scale_default,Epsilon_Greedy,epsilon=0.2,387,32.28037511378435,1.5756812012065702,30.70469391257778,33.85605631499092,3
scale_default,Epsilon_Greedy,epsilon=0.2,388,32.43211737903308,1.4743152835410054,30.957802095492074,33.90643266257408,3
scale_default,Epsilon_Greedy,epsilon=0.2,389,32.61033880364723,1.4825022976763544,31.127836505970876,34.092841101323586,3
scale_default,Epsilon_Greedy,epsilon=0.2,390,32.68064587591554,1.4453364931496613,31.235309382765877,34.1259823690652,3
scale_default,Epsilon_Greedy,epsilon=0.2,391,32.94830428273708,1.5062035588701022,31.442100723866975,34.45450784160718,3
scale_default,Epsilon_Greedy,epsilon=0.2,392,33.130579999005946,1.5178496384644555,31.61273036054149,34.6484296374704,3
scale_default,Epsilon_Greedy,epsilon=0.2,393,33.27294031989854,1.5998375219952932,31.673102797903244,34.87277784189383,3
scale_default,Epsilon_Greedy,epsilon=0.2,394,33.509216862612085,1.7777680519891352,31.73144881062295,35.28698491460122,3
scale_default,Epsilon_Greedy,epsilon=0.2,395,33.648453892989345,1.686431588412723,31.96202230457662,35.33488548140207,3
scale_default,Epsilon_Greedy,epsilon=0.2,396,33.768871835207484,1.633358679668986,32.1355131555385,35.40223051487647,3
scale_default,Epsilon_Greedy,epsilon=0.2,397,33.860165599609054,1.6624545316188433,32.19771106799021,35.522620131227896,3
scale_default,Epsilon_Greedy,epsilon=0.2,398,34.10048384957042,1.611543251199079,32.48894059837134,35.712027100769504,3
scale_default,Epsilon_Greedy,epsilon=0.2,399,34.23225400602025,1.6591414811825018,32.57311252483775,35.89139548720275,3
scale_default,Epsilon_Greedy,epsilon=0.2,400,34.40381860926814,1.7396359574390499,32.664182651829094,36.14345456670719,3
scale_default,Epsilon_Greedy,epsilon=0.2,401,34.51151162415437,1.86338019865564,32.64813142549873,36.374891822810014,3
scale_default,Epsilon_Greedy,epsilon=0.2,402,34.6909682077174,1.9086882824005382,32.78227992531686,36.59965649011794,3
scale_default,Epsilon_Greedy,epsilon=0.2,403,34.949632349120826,2.0692382798656195,32.8803940692552,37.01887062898645,3
scale_default,Epsilon_Greedy,epsilon=0.2,404,35.17681336438445,2.180796843642978,32.99601652074147,37.35761020802743,3
scale_default,Epsilon_Greedy,epsilon=0.2,405,35.44427320918083,1.9861948902014444,33.45807831897938,37.430468099382274,3
scale_default,Epsilon_Greedy,epsilon=0.2,406,35.47030278352204,2.018423748454247,33.45187903506779,37.48872653197628,3
scale_default,Epsilon_Greedy,epsilon=0.2,407,35.67902123931608,1.9234922419296812,33.7555289973864,37.60251348124576,3
scale_default,Epsilon_Greedy,epsilon=0.2,408,35.82054415681984,2.0333697487053373,33.7871744081145,37.85391390552518,3
scale_default,Epsilon_Greedy,epsilon=0.2,409,35.94422987254429,2.009297438689869,33.93493243385442,37.95352731123416,3
scale_default,Epsilon_Greedy,epsilon=0.2,410,36.34997816456025,1.9855664051931332,34.364411759367115,38.33554456975338,3
scale_default,Epsilon_Greedy,epsilon=0.2,411,36.42886687075117,1.903388625872002,34.52547824487917,38.332255496623176,3
scale_default,Epsilon_Greedy,epsilon=0.2,412,36.60139779886608,1.7350207676807206,34.86637703118536,38.336418566546804,3
scale_default,Epsilon_Greedy,epsilon=0.2,413,36.76277115985594,1.816381024515194,34.94639013534074,38.57915218437113,3
scale_default,Epsilon_Greedy,epsilon=0.2,414,36.87826109922702,1.8077170346940126,35.070544064533,38.68597813392103,3
scale_default,Epsilon_Greedy,epsilon=0.2,415,37.078808196597144,1.7461040306913937,35.33270416590575,38.824912227288536,3
scale_default,Epsilon_Greedy,epsilon=0.2,416,37.427809888282816,1.922309080891011,35.505500807391805,39.35011896917383,3
scale_default,Epsilon_Greedy,epsilon=0.2,417,37.63510472649247,1.9374391426310824,35.69766558386139,39.57254386912356,3
scale_default,Epsilon_Greedy,epsilon=0.2,418,37.827133291620505,1.9831014889661873,35.84403180265432,39.81023478058669,3
scale_default,Epsilon_Greedy,epsilon=0.2,419,37.849643752091396,2.0082673036848915,35.84137644840651,39.857911055776285,3
scale_default,Epsilon_Greedy,epsilon=0.2,420,37.924041378879075,2.048516281755191,35.875525097123884,39.972557660634266,3
scale_default,Epsilon_Greedy,epsilon=0.2,421,38.14784288902512,2.1796234715630898,35.96821941746203,40.32746636058821,3
scale_default,Epsilon_Greedy,epsilon=0.2,422,38.3978229244523,2.413354355054546,35.984468569397755,40.81117727950684,3
scale_default,Epsilon_Greedy,epsilon=0.2,423,38.68369793373308,2.427217721752264,36.256480211980815,41.11091565548534,3
scale_default,Epsilon_Greedy,epsilon=0.2,424,38.81945929546576,2.516055135967003,36.30340415949876,41.33551443143276,3
scale_default,Epsilon_Greedy,epsilon=0.2,425,38.9406539758776,2.586308171317164,36.35434580456044,41.526962147194766,3
scale_default,Epsilon_Greedy,epsilon=0.2,426,39.279917457386055,2.740578951025781,36.539338506360274,42.02049640841184,3
scale_default,Epsilon_Greedy,epsilon=0.2,427,39.37673551024727,2.8125869673253048,36.56414854292197,42.189322477572574,3
scale_default,Epsilon_Greedy,epsilon=0.2,428,39.545836076446015,2.795537123853035,36.75029895259298,42.34137320029905,3
scale_default,Epsilon_Greedy,epsilon=0.2,429,39.66803909886451,2.689161027222037,36.97887807164248,42.357200126086546,3
scale_default,Epsilon_Greedy,epsilon=0.2,430,40.00488539565466,2.578957548772969,37.42592784688169,42.58384294442763,3
scale_default,Epsilon_Greedy,epsilon=0.2,431,40.095872991915094,2.6587459069540147,37.43712708496108,42.75461889886911,3
scale_default,Epsilon_Greedy,epsilon=0.2,432,40.19652159999176,2.5490227134088874,37.64749888658287,42.74554431340065,3
scale_default,Epsilon_Greedy,epsilon=0.2,433,40.32610016568835,2.5219006847132537,37.8041994809751,42.848000850401604,3
scale_default,Epsilon_Greedy,epsilon=0.2,434,40.59238289649708,2.453294817345382,38.1390880791517,43.04567771384246,3
scale_default,Epsilon_Greedy,epsilon=0.2,435,40.75390304136388,2.458391060221795,38.295511981142084,43.21229410158567,3
scale_default,Epsilon_Greedy,epsilon=0.2,436,41.1181454465222,2.2266364795075466,38.89150896701465,43.344781926029746,3
scale_default,Epsilon_Greedy,epsilon=0.2,437,41.38727585598977,2.2409433393222313,39.14633251666754,43.628219195312,3
scale_default,Epsilon_Greedy,epsilon=0.2,438,41.610352808601405,2.460637760597485,39.14971504800392,44.07099056919889,3
scale_default,Epsilon_Greedy,epsilon=0.2,439,41.87784282306813,2.5391877044642905,39.33865511860384,44.41703052753242,3
scale_default,Epsilon_Greedy,epsilon=0.2,440,42.11213135670294,2.7352030077925997,39.37692834891034,44.84733436449554,3
scale_default,Epsilon_Greedy,epsilon=0.2,441,42.269135682097975,2.8582145069479683,39.41092117515001,45.12735018904594,3
scale_default,Epsilon_Greedy,epsilon=0.2,442,42.43477516418215,2.7980152806803993,39.63675988350175,45.232790444862545,3
scale_default,Epsilon_Greedy,epsilon=0.2,443,42.760321178859726,2.8620929405139592,39.898228238345766,45.62241411937369,3
scale_default,Epsilon_Greedy,epsilon=0.2,444,43.09008971160025,2.9950019714524316,40.09508774014782,46.08509168305268,3
scale_default,Epsilon_Greedy,epsilon=0.2,445,43.36309983703222,3.127899215250199,40.23520062178203,46.49099905228242,3
scale_default,Epsilon_Greedy,epsilon=0.2,446,43.519902796860045,3.0459308855534393,40.473971911306606,46.56583368241348,3
scale_default,Epsilon_Greedy,epsilon=0.2,447,43.624195833622764,3.0676726269587324,40.55652320666403,46.691868460581496,3
scale_default,Epsilon_Greedy,epsilon=0.2,448,43.819870690838364,2.978354132068122,40.841516558770245,46.798224822906484,3
scale_default,Epsilon_Greedy,epsilon=0.2,449,44.096179746769884,2.967630601428606,41.12854914534128,47.06381034819849,3
scale_default,Epsilon_Greedy,epsilon=0.2,450,44.129133069144046,2.987613567819508,41.14151950132454,47.116746636963555,3
scale_default,Epsilon_Greedy,epsilon=0.2,451,44.226097414672495,2.8775357770447596,41.34856163762773,47.10363319171726,3
scale_default,Epsilon_Greedy,epsilon=0.2,452,44.31418338400946,2.9019944310431156,41.412188952966346,47.216177815052575,3
scale_default,Epsilon_Greedy,epsilon=0.2,453,44.538434794370495,2.951636012053609,41.58679878231688,47.49007080642411,3
scale_default,Epsilon_Greedy,epsilon=0.2,454,44.6935788894074,2.8660946227408384,41.82748426666656,47.55967351214824,3
scale_default,Epsilon_Greedy,epsilon=0.2,455,44.9026948736953,2.9477593433686256,41.95493553032668,47.85045421706393,3
scale_default,Epsilon_Greedy,epsilon=0.2,456,45.06006722049407,2.9416755979335796,42.11839162256049,48.00174281842765,3
scale_default,Epsilon_Greedy,epsilon=0.2,457,45.158352203879275,2.896841762442336,42.26151044143694,48.05519396632161,3
scale_default,Epsilon_Greedy,epsilon=0.2,458,45.33903805813862,2.89885003619869,42.44018802193993,48.23788809433731,3
scale_default,Epsilon_Greedy,epsilon=0.2,459,45.44269429078895,2.9278701003315737,42.514824190457375,48.370564391120524,3
scale_default,Epsilon_Greedy,epsilon=0.2,460,45.53249679748806,3.0022706566483612,42.530226140839694,48.53476745413642,3
scale_default,Epsilon_Greedy,epsilon=0.2,461,45.61582174391442,3.0576965189005616,42.55812522501385,48.67351826281498,3
scale_default,Epsilon_Greedy,epsilon=0.2,462,45.85471828772745,2.913554223734081,42.94116406399337,48.76827251146153,3
scale_default,Epsilon_Greedy,epsilon=0.2,463,46.04606979635349,2.7397267007766914,43.3063430955768,48.785796497130185,3
scale_default,Epsilon_Greedy,epsilon=0.2,464,46.151644725970876,2.795787261520386,43.35585746445049,48.947431987491264,3
scale_default,Epsilon_Greedy,epsilon=0.2,465,46.32242806400664,2.8018625957685854,43.520565468238054,49.12429065977522,3
scale_default,Epsilon_Greedy,epsilon=0.2,466,46.516200845102105,2.8840812705287857,43.632119574573316,49.400282115630894,3
scale_default,Epsilon_Greedy,epsilon=0.2,467,46.69821708939407,2.7108429108860057,43.98737417850806,49.40906000028008,3
scale_default,Epsilon_Greedy,epsilon=0.2,468,46.88870463067065,2.632294289897935,44.25641034077272,49.52099892056859,3
scale_default,Epsilon_Greedy,epsilon=0.2,469,46.96977950458918,2.543569976668629,44.42620952792055,49.513349481257805,3
scale_default,Epsilon_Greedy,epsilon=0.2,470,47.13143905294903,2.496460805084215,44.63497824786481,49.627899858033246,3
scale_default,Epsilon_Greedy,epsilon=0.2,471,47.299642636427734,2.501468105239199,44.798174531188536,49.80111074166693,3
scale_default,Epsilon_Greedy,epsilon=0.2,472,47.43897406067587,2.4746584011643553,44.96431565951151,49.91363246184022,3
scale_default,Epsilon_Greedy,epsilon=0.2,473,47.707496198729324,2.593605222191352,45.113890976537974,50.30110142092067,3
scale_default,Epsilon_Greedy,epsilon=0.2,474,48.137453824365274,2.7466051268369407,45.390848697528334,50.88405895120221,3
scale_default,Epsilon_Greedy,epsilon=0.2,475,48.410600584658084,2.915678458604483,45.4949221260536,51.326279043262566,3
scale_default,Epsilon_Greedy,epsilon=0.2,476,48.511745191523865,2.787958325234505,45.72378686628936,51.29970351675837,3
scale_default,Epsilon_Greedy,epsilon=0.2,477,48.698142068308066,2.8045264638195855,45.89361560448848,51.50266853212765,3
scale_default,Epsilon_Greedy,epsilon=0.2,478,49.019777056904466,2.7665508855430123,46.253226171361455,51.78632794244748,3
scale_default,Epsilon_Greedy,epsilon=0.2,479,49.1636313612938,2.797400306572514,46.36623105472129,51.961031667866315,3
scale_default,Epsilon_Greedy,epsilon=0.2,480,49.30541249432895,2.7401955281124972,46.565216966216454,52.04560802244144,3
scale_default,Epsilon_Greedy,epsilon=0.2,481,49.49760536728135,2.8094124555040603,46.68819291177729,52.30701782278541,3
scale_default,Epsilon_Greedy,epsilon=0.2,482,49.68832748176917,2.8468674953324884,46.84145998643668,52.53519497710166,3
scale_default,Epsilon_Greedy,epsilon=0.2,483,49.861595328667626,2.8799320681179164,46.98166326054971,52.74152739678554,3
scale_default,Epsilon_Greedy,epsilon=0.2,484,50.034561427395836,2.92541939581192,47.109142031583914,52.95998082320776,3
scale_default,Epsilon_Greedy,epsilon=0.2,485,50.09209576056927,2.986972312117166,47.105123448452105,53.07906807268644,3
scale_default,Epsilon_Greedy,epsilon=0.2,486,50.3086696901521,2.9619284742144876,47.34674121593761,53.27059816436659,3
scale_default,Epsilon_Greedy,epsilon=0.2,487,50.39518420480138,2.885742531713631,47.50944167308775,53.28092673651501,3
scale_default,Epsilon_Greedy,epsilon=0.2,488,50.71663621268025,3.0744655277332487,47.642170684947004,53.791101740413495,3
scale_default,Epsilon_Greedy,epsilon=0.2,489,50.72930051417003,3.081508579935084,47.647791934234945,53.81080909410511,3
scale_default,Epsilon_Greedy,epsilon=0.2,490,50.92759492980364,3.202574581946886,47.725020347856756,54.13016951175052,3
scale_default,Epsilon_Greedy,epsilon=0.2,491,51.08180046582447,3.146243762032529,47.935556703791946,54.228044227857,3
scale_default,Epsilon_Greedy,epsilon=0.2,492,51.41465633021892,3.09379202529538,48.32086430492354,54.5084483555143,3
scale_default,Epsilon_Greedy,epsilon=0.2,493,51.59131294610494,3.221996310011501,48.369316636093444,54.81330925611644,3
scale_default,Epsilon_Greedy,epsilon=0.2,494,51.902003990536144,3.3485954872035397,48.553408503332605,55.250599477739684,3
scale_default,Epsilon_Greedy,epsilon=0.2,495,52.11705791709164,3.185690122828558,48.93136779426308,55.3027480399202,3
scale_default,Epsilon_Greedy,epsilon=0.2,496,52.534545393013076,3.294296671979942,49.24024872103313,55.82884206499302,3
scale_default,Epsilon_Greedy,epsilon=0.2,497,52.67111015816565,3.322167533255463,49.34894262491018,55.99327769142111,3
scale_default,Epsilon_Greedy,epsilon=0.2,498,52.88479212120931,3.4164373651131776,49.46835475609613,56.301229486322484,3
scale_default,Epsilon_Greedy,epsilon=0.2,499,53.052925644986594,3.5597060849978264,49.493219559988766,56.61263172998442,3
scale_default,Epsilon_Greedy,epsilon=0.2,500,53.23219933896754,3.557629423421504,49.67456991554604,56.78982876238904,3
scale_default,Epsilon_Greedy,epsilon=0.2,501,53.349243639062855,3.5558946062207495,49.79334903284211,56.9051382452836,3
scale_default,Epsilon_Greedy,epsilon=0.2,502,53.51820456590216,3.59377032762513,49.92443423827703,57.11197489352729,3
scale_default,Epsilon_Greedy,epsilon=0.2,503,53.688011064681824,3.5536482024284175,50.134362862253404,57.24165926711024,3
scale_default,Epsilon_Greedy,epsilon=0.2,504,53.87663902674746,3.592836867988661,50.2838021587588,57.46947589473612,3
scale_default,Epsilon_Greedy,epsilon=0.2,505,54.06239677772015,3.623073435518882,50.43932334220127,57.685470213239036,3
scale_default,Epsilon_Greedy,epsilon=0.2,506,54.17143835919427,3.628096629571298,50.54334172962297,57.799534988765565,3
scale_default,Epsilon_Greedy,epsilon=0.2,507,54.27107194098462,3.520590903721073,50.75048103726355,57.79166284470569,3
scale_default,Epsilon_Greedy,epsilon=0.2,508,54.43706878658954,3.4502236727543196,50.98684511383522,57.88729245934386,3
scale_default,Epsilon_Greedy,epsilon=0.2,509,54.51524331838835,3.4360493664380702,51.07919395195028,57.95129268482642,3
scale_default,Epsilon_Greedy,epsilon=0.2,510,54.69478564245359,3.467304883160202,51.227480759293385,58.16209052561379,3
scale_default,Epsilon_Greedy,epsilon=0.2,511,54.783708399878265,3.4227856343681267,51.36092276551014,58.20649403424639,3
scale_default,Epsilon_Greedy,epsilon=0.2,512,54.86109823775184,3.3322865769661165,51.52881166078572,58.19338481471796,3
scale_default,Epsilon_Greedy,epsilon=0.2,513,55.17678492925694,3.2199650527589787,51.95681987649796,58.39674998201592,3
scale_default,Epsilon_Greedy,epsilon=0.2,514,55.3814385071494,3.2883162881809436,52.09312221896845,58.66975479533034,3
scale_default,Epsilon_Greedy,epsilon=0.2,515,55.62456001521053,3.2660558074093005,52.358504207801225,58.89061582261983,3
scale_default,Epsilon_Greedy,epsilon=0.2,516,55.813450684952464,3.211632302940442,52.60181838201202,59.02508298789291,3
scale_default,Epsilon_Greedy,epsilon=0.2,517,55.92147535338938,3.1961565610520526,52.72531879233733,59.11763191444143,3
scale_default,Epsilon_Greedy,epsilon=0.2,518,56.10364336012116,3.346246447914411,52.75739691220675,59.44988980803557,3
scale_default,Epsilon_Greedy,epsilon=0.2,519,56.26778066003754,3.3885532691861777,52.87922739085136,59.65633392922371,3
scale_default,Epsilon_Greedy,epsilon=0.2,520,56.453249461960134,3.4287700423113416,53.02447941964879,59.882019504271476,3
scale_default,Epsilon_Greedy,epsilon=0.2,521,56.64271599550358,3.5937168330497142,53.04899916245387,60.23643282855329,3
scale_default,Epsilon_Greedy,epsilon=0.2,522,56.8705174740698,3.3504424057543,53.5200750683155,60.2209598798241,3
scale_default,Epsilon_Greedy,epsilon=0.2,523,57.060520776097526,3.455431213942755,53.605089562154774,60.51595199004028,3
scale_default,Epsilon_Greedy,epsilon=0.2,524,57.28111869529448,3.5222525625362695,53.758866132758214,60.80337125783075,3
scale_default,Epsilon_Greedy,epsilon=0.2,525,57.517755563602435,3.5253229141319373,53.9924326494705,61.04307847773437,3
scale_default,Epsilon_Greedy,epsilon=0.2,526,57.6567677551357,3.634438006189514,54.022329748946184,61.29120576132521,3
scale_default,Epsilon_Greedy,epsilon=0.2,527,57.84966134183468,3.4999902654564474,54.349671076378236,61.34965160729113,3
scale_default,Epsilon_Greedy,epsilon=0.2,528,57.97964302207472,3.6168774600292957,54.362765562045425,61.59652048210401,3
scale_default,Epsilon_Greedy,epsilon=0.2,529,58.27746477875303,3.678117704430654,54.599347074322374,61.95558248318368,3
scale_default,Epsilon_Greedy,epsilon=0.2,530,58.37915322167828,3.700470720886259,54.67868250079202,62.07962394256454,3
scale_default,Epsilon_Greedy,epsilon=0.2,531,58.56122156424889,3.627734482137931,54.93348708211096,62.18895604638682,3
scale_default,Epsilon_Greedy,epsilon=0.2,532,58.7521739593001,3.5860542389775842,55.16611972032252,62.33822819827768,3
scale_default,Epsilon_Greedy,epsilon=0.2,533,58.956612509031885,3.674385800618006,55.28222670841388,62.63099830964989,3
scale_default,Epsilon_Greedy,epsilon=0.2,534,59.11668802835964,3.703684224159882,55.41300380419976,62.82037225251952,3
scale_default,Epsilon_Greedy,epsilon=0.2,535,59.21418731940577,3.755266698429647,55.458920620976116,62.96945401783542,3
scale_default,Epsilon_Greedy,epsilon=0.2,536,59.31830992838695,3.6962725486073102,55.62203737977964,63.01458247699426,3
scale_default,Epsilon_Greedy,epsilon=0.2,537,59.581904879496584,3.815732022850983,55.7661728566456,63.397636902347564,3
scale_default,Epsilon_Greedy,epsilon=0.2,538,59.63114684388896,3.8571673598746004,55.77397948401436,63.488314203763565,3
scale_default,Epsilon_Greedy,epsilon=0.2,539,59.8962712303111,3.9068980267772373,55.989373203533866,63.803169257088335,3
scale_default,Epsilon_Greedy,epsilon=0.2,540,59.93168388949996,3.938663914227614,55.99301997527235,63.87034780372757,3
scale_default,Epsilon_Greedy,epsilon=0.2,541,60.180874560462144,3.882590257459747,56.2982843030024,64.0634648179219,3
scale_default,Epsilon_Greedy,epsilon=0.2,542,60.44602589629819,4.0977186280419104,56.34830726825628,64.5437445243401,3
scale_default,Epsilon_Greedy,epsilon=0.2,543,60.69468166162151,4.217827219921528,56.476854441699984,64.91250888154303,3
scale_default,Epsilon_Greedy,epsilon=0.2,544,60.900280502551446,4.320999990985911,56.579280511565536,65.22128049353736,3
scale_default,Epsilon_Greedy,epsilon=0.2,545,61.052381593383075,4.372879540883702,56.67950205249937,65.42526113426678,3
scale_default,Epsilon_Greedy,epsilon=0.2,546,61.192867522879446,4.284721500743345,56.9081460221361,65.47758902362278,3
scale_default,Epsilon_Greedy,epsilon=0.2,547,61.36691499501663,4.435314988493883,56.93160000652274,65.80222998351051,3
scale_default,Epsilon_Greedy,epsilon=0.2,548,61.65567041863335,4.44370962161703,57.21196079701632,66.09938004025038,3
scale_default,Epsilon_Greedy,epsilon=0.2,549,61.826328619524254,4.3760970536291515,57.4502315658951,66.2024256731534,3
scale_default,Epsilon_Greedy,epsilon=0.2,550,62.01789671834024,4.480409255703589,57.53748746263665,66.49830597404383,3
scale_default,Epsilon_Greedy,epsilon=0.2,551,62.14668967525228,4.473815636769398,57.67287403848289,66.62050531202168,3
scale_default,Epsilon_Greedy,epsilon=0.2,552,62.238772316882354,4.555151560675814,57.68362075620654,66.79392387755817,3
scale_default,Epsilon_Greedy,epsilon=0.2,553,62.47389494928027,4.5527485693184735,57.9211463799618,67.02664351859875,3
scale_default,Epsilon_Greedy,epsilon=0.2,554,62.59641443954373,4.49446339347214,58.10195104607159,67.09087783301587,3
scale_default,Epsilon_Greedy,epsilon=0.2,555,62.77763370925581,4.535462569163111,58.2421711400927,67.31309627841893,3
scale_default,Epsilon_Greedy,epsilon=0.2,556,62.84794259926931,4.486115413683123,58.361827185586186,67.33405801295243,3
scale_default,Epsilon_Greedy,epsilon=0.2,557,62.949698035709105,4.483707161990911,58.46599087371819,67.43340519770001,3
scale_default,Epsilon_Greedy,epsilon=0.2,558,63.154579960735816,4.573477528588118,58.5811024321477,67.72805748932393,3
scale_default,Epsilon_Greedy,epsilon=0.2,559,63.28786296978424,4.531896967629892,58.75596600215435,67.81975993741413,3
scale_default,Epsilon_Greedy,epsilon=0.2,560,63.40110469891803,4.509097850113968,58.892006848804066,67.91020254903201,3
scale_default,Epsilon_Greedy,epsilon=0.2,561,63.469763351757,4.48588115098527,58.98388220077173,67.95564450274227,3
scale_default,Epsilon_Greedy,epsilon=0.2,562,63.588600369744846,4.5128103580081165,59.07579001173673,68.10141072775296,3
scale_default,Epsilon_Greedy,epsilon=0.2,563,63.76892170414661,4.612932805511636,59.15598889863497,68.38185450965824,3
scale_default,Epsilon_Greedy,epsilon=0.2,564,64.18999306838374,4.806570071706471,59.38342299667727,68.99656314009022,3
scale_default,Epsilon_Greedy,epsilon=0.2,565,64.37724570047544,4.687636312240765,59.68960938823468,69.06488201271621,3
scale_default,Epsilon_Greedy,epsilon=0.2,566,64.47168308975954,4.7006311416707085,59.771051948088825,69.17231423143025,3
scale_default,Epsilon_Greedy,epsilon=0.2,567,64.60958938057314,4.816967121831043,59.7926222587421,69.42655650240418,3
scale_default,Epsilon_Greedy,epsilon=0.2,568,64.70962243509022,4.899143044489256,59.81047939060097,69.60876547957947,3
scale_default,Epsilon_Greedy,epsilon=0.2,569,64.95696050187445,4.896099937838391,60.060860564036055,69.85306043971283,3
scale_default,Epsilon_Greedy,epsilon=0.2,570,65.17861751733993,4.985007306122863,60.19361021121707,70.1636248234628,3
scale_default,Epsilon_Greedy,epsilon=0.2,571,65.39875034830803,4.833643384847494,60.565106963460536,70.23239373315552,3
scale_default,Epsilon_Greedy,epsilon=0.2,572,65.47035096862713,4.839924844317919,60.63042612430921,70.31027581294505,3
scale_default,Epsilon_Greedy,epsilon=0.2,573,65.73411470764502,4.648879299421593,61.085235408223426,70.38299400706661,3
scale_default,Epsilon_Greedy,epsilon=0.2,574,65.99276802594432,4.468133419638392,61.52463460630592,70.4609014455827,3
scale_default,Epsilon_Greedy,epsilon=0.2,575,66.15414184397476,4.544900505374531,61.60924133860023,70.69904234934928,3
scale_default,Epsilon_Greedy,epsilon=0.2,576,66.36616609913352,4.340197499567979,62.025968599565545,70.7063635987015,3
scale_default,Epsilon_Greedy,epsilon=0.2,577,66.53373365665762,4.2791711670774335,62.25456248958018,70.81290482373505,3
scale_default,Epsilon_Greedy,epsilon=0.2,578,66.66859289015879,4.263682045776745,62.404910844382044,70.93227493593554,3
scale_default,Epsilon_Greedy,epsilon=0.2,579,66.87975770982735,3.9589341254128465,62.9208235844145,70.8386918352402,3
scale_default,Epsilon_Greedy,epsilon=0.2,580,67.06380965239227,3.9614636516096624,63.1023460007826,71.02527330400193,3
scale_default,Epsilon_Greedy,epsilon=0.2,581,67.29622088390785,3.9584834436867617,63.33773744022109,71.25470432759461,3
scale_default,Epsilon_Greedy,epsilon=0.2,582,67.50447661312353,3.96611493476719,63.53836167835634,71.47059154789072,3
scale_default,Epsilon_Greedy,epsilon=0.2,583,67.6715901800031,3.922877025611347,63.748713154391744,71.59446720561444,3
scale_default,Epsilon_Greedy,epsilon=0.2,584,67.80390825621951,3.854702118554548,63.949206137664966,71.65861037477406,3
scale_default,Epsilon_Greedy,epsilon=0.2,585,67.88821412538523,3.873088722583473,64.01512540280176,71.76130284796871,3
scale_default,Epsilon_Greedy,epsilon=0.2,586,67.9824383478334,3.9008633010342715,64.08157504679912,71.88330164886767,3
scale_default,Epsilon_Greedy,epsilon=0.2,587,68.15527047470563,3.9278541739666246,64.22741630073901,72.08312464867225,3
scale_default,Epsilon_Greedy,epsilon=0.2,588,68.3225297890721,3.9078248552271804,64.41470493384493,72.23035464429928,3
scale_default,Epsilon_Greedy,epsilon=0.2,589,68.33986946933526,3.9023865545224443,64.4374829148128,72.2422560238577,3
scale_default,Epsilon_Greedy,epsilon=0.2,590,68.51817244259276,3.9307347576338665,64.58743768495889,72.44890720022663,3
scale_default,Epsilon_Greedy,epsilon=0.2,591,68.72712851089351,3.943795339973673,64.78333317091983,72.67092385086718,3
scale_default,Epsilon_Greedy,epsilon=0.2,592,68.87491629468002,3.9534922110183883,64.92142408366163,72.8284085056984,3
scale_default,Epsilon_Greedy,epsilon=0.2,593,69.04481150840222,3.974924783368402,65.06988672503381,73.01973629177063,3
scale_default,Epsilon_Greedy,epsilon=0.2,594,69.1921305554787,3.900273495889493,65.2918570595892,73.09240405136819,3
scale_default,Epsilon_Greedy,epsilon=0.2,595,69.23882531759598,3.939139690661533,65.29968562693445,73.17796500825752,3
scale_default,Epsilon_Greedy,epsilon=0.2,596,69.42936871731008,3.908476191695902,65.52089252561419,73.33784490900598,3
scale_default,Epsilon_Greedy,epsilon=0.2,597,69.66257443773038,3.861812534294398,65.80076190343598,73.52438697202479,3
scale_default,Epsilon_Greedy,epsilon=0.2,598,69.90327339386253,3.963977865613297,65.93929552824923,73.86725125947584,3
scale_default,Epsilon_Greedy,epsilon=0.2,599,70.02409815897694,4.069020850313078,65.95507730866386,74.09311900929002,3
scale_default,Epsilon_Greedy,epsilon=0.3,0,0.10760245564185907,0.05035983790115126,0.0572426177407078,0.15796229354301033,3
scale_default,Epsilon_Greedy,epsilon=0.3,1,0.20241884264490395,0.1068315138235598,0.09558732882134414,0.30925035646846377,3
scale_default,Epsilon_Greedy,epsilon=0.3,2,0.2631915216972085,0.18264293732211928,0.08054858437508922,0.4458344590193278,3
scale_default,Epsilon_Greedy,epsilon=0.3,3,0.2742016263318463,0.18079374570608756,0.09340788062575875,0.45499537203793383,3
scale_default,Epsilon_Greedy,epsilon=0.3,4,0.29561165183551874,0.16702029416728995,0.1285913576682288,0.46263194600280866,3
scale_default,Epsilon_Greedy,epsilon=0.3,5,0.31038287081062726,0.1567279841467718,0.15365488666385546,0.46711085495739907,3
scale_default,Epsilon_Greedy,epsilon=0.3,6,0.34076584008248995,0.13822602479143237,0.20253981529105758,0.4789918648739223,3
scale_default,Epsilon_Greedy,epsilon=0.3,7,0.353769631365666,0.1264358333517863,0.22733379801387973,0.4802054647174523,3
scale_default,Epsilon_Greedy,epsilon=0.3,8,0.36529941027753865,0.1295490564507665,0.23575035382677215,0.4948484667283052,3
scale_default,Epsilon_Greedy,epsilon=0.3,9,0.4139961222830331,0.178337520965653,0.23565860131738012,0.5923336432486861,3
scale_default,Epsilon_Greedy,epsilon=0.3,10,0.4501752038800894,0.17777655501268533,0.27239864886740406,0.6279517588927748,3
scale_default,Epsilon_Greedy,epsilon=0.3,11,0.4571986002936332,0.1755512722081327,0.28164732808550047,0.632749872501766,3
scale_default,Epsilon_Greedy,epsilon=0.3,12,0.4663077945729875,0.18038930015674356,0.28591849441624395,0.646697094729731,3
scale_default,Epsilon_Greedy,epsilon=0.3,13,0.48189378211307954,0.1852154692475934,0.2966783128654861,0.6671092513606729,3
scale_default,Epsilon_Greedy,epsilon=0.3,14,0.4997595840751021,0.19769018300542426,0.30206940106967783,0.6974497670805264,3
scale_default,Epsilon_Greedy,epsilon=0.3,15,0.5331661945294918,0.20734758410170817,0.3258186104277836,0.7405137786311999,3
scale_default,Epsilon_Greedy,epsilon=0.3,16,0.5345055727550544,0.20518108138456154,0.32932449137049286,0.7396866541396159,3
scale_default,Epsilon_Greedy,epsilon=0.3,17,0.5701370878717441,0.15738722492260415,0.41274986294913996,0.7275243127943483,3
scale_default,Epsilon_Greedy,epsilon=0.3,18,0.576322974099706,0.15825484176948748,0.41806813233021856,0.7345778158691935,3
scale_default,Epsilon_Greedy,epsilon=0.3,19,0.5788199727884404,0.1584229260537095,0.42039704673473094,0.73724289884215,3
scale_default,Epsilon_Greedy,epsilon=0.3,20,0.5792429165029157,0.15776784486450524,0.42147507163841047,0.7370107613674209,3
scale_default,Epsilon_Greedy,epsilon=0.3,21,0.5855770676086436,0.1604823428369493,0.4250947247716943,0.7460594104455929,3
scale_default,Epsilon_Greedy,epsilon=0.3,22,0.5895103638509451,0.15864187380577338,0.43086849004517175,0.7481522376567185,3
scale_default,Epsilon_Greedy,epsilon=0.3,23,0.6034769731588423,0.16324491674190914,0.4402320564169332,0.7667218899007514,3
scale_default,Epsilon_Greedy,epsilon=0.3,24,0.6162739303926863,0.16771310011134452,0.44856083028134175,0.7839870305040308,3
scale_default,Epsilon_Greedy,epsilon=0.3,25,0.6554700934137742,0.17719156942066008,0.4782785239931141,0.8326616628344342,3
scale_default,Epsilon_Greedy,epsilon=0.3,26,0.6597562365420507,0.1699905596403354,0.48976567690171535,0.8297467961823861,3
scale_default,Epsilon_Greedy,epsilon=0.3,27,0.6632928059400646,0.1712580369079429,0.4920347690321217,0.8345508428480075,3
scale_default,Epsilon_Greedy,epsilon=0.3,28,0.6670468534844017,0.16704889833407863,0.4999979551503231,0.8340957518184804,3
scale_default,Epsilon_Greedy,epsilon=0.3,29,0.6840320370650618,0.17111479432443596,0.5129172427406258,0.8551468313894978,3
scale_default,Epsilon_Greedy,epsilon=0.3,30,0.6979148159391476,0.18504266650657933,0.5128721494325683,0.8829574824457269,3
scale_default,Epsilon_Greedy,epsilon=0.3,31,0.715618567667864,0.18820627887470542,0.5274122887931586,0.9038248465425694,3
scale_default,Epsilon_Greedy,epsilon=0.3,32,0.7198082401945444,0.18666091923970662,0.5331473209548377,0.906469159434251,3
scale_default,Epsilon_Greedy,epsilon=0.3,33,0.7369751727021631,0.1981675033448969,0.5388076693572661,0.93514267604706,3
scale_default,Epsilon_Greedy,epsilon=0.3,34,0.7683903319339773,0.2349101574937016,0.5334801744402757,1.003300489427679,3
scale_default,Epsilon_Greedy,epsilon=0.3,35,0.7749769122399313,0.23031810009898757,0.5446588121409437,1.0052950123389188,3
scale_default,Epsilon_Greedy,epsilon=0.3,36,0.7840729697439719,0.23580846787795556,0.5482645018660164,1.0198814376219274,3
scale_default,Epsilon_Greedy,epsilon=0.3,37,0.7870847665664371,0.2379719822215719,0.5491127843448652,1.0250567487880091,3
scale_default,Epsilon_Greedy,epsilon=0.3,38,0.8000149395366886,0.24031960547991782,0.5596953340567707,1.0403345450166064,3
scale_default,Epsilon_Greedy,epsilon=0.3,39,0.8089882419555322,0.24226944310542195,0.5667187988501102,1.051257685060954,3
scale_default,Epsilon_Greedy,epsilon=0.3,40,0.8272575603069215,0.23052622948746912,0.5967313308194524,1.0577837897943907,3
scale_default,Epsilon_Greedy,epsilon=0.3,41,0.8331547372265066,0.23412041399796585,0.5990343232285407,1.0672751512244725,3
scale_default,Epsilon_Greedy,epsilon=0.3,42,0.8488754145011567,0.23189869524412787,0.6169767192570288,1.0807741097452845,3
scale_default,Epsilon_Greedy,epsilon=0.3,43,0.8614644462333957,0.22563611342408002,0.6358283328093157,1.0871005596574757,3
scale_default,Epsilon_Greedy,epsilon=0.3,44,0.8685665752101294,0.22689549012098612,0.6416710850891433,1.0954620653311156,3
scale_default,Epsilon_Greedy,epsilon=0.3,45,0.8957737558960402,0.2459991757601069,0.6497745801359334,1.1417729316561471,3
scale_default,Epsilon_Greedy,epsilon=0.3,46,0.8986513572497703,0.24741655826860598,0.6512347989811643,1.1460679155183762,3
scale_default,Epsilon_Greedy,epsilon=0.3,47,0.9028551310475136,0.24583658480929638,0.6570185462382172,1.14869171585681,3
scale_default,Epsilon_Greedy,epsilon=0.3,48,0.9079859423352081,0.2405022208942902,0.6674837214409179,1.1484881632294983,3
scale_default,Epsilon_Greedy,epsilon=0.3,49,0.9257143887574083,0.22427865402736571,0.7014357347300426,1.149993042784774,3
scale_default,Epsilon_Greedy,epsilon=0.3,50,0.9466840016598027,0.22535181090209094,0.7213321907577117,1.1720358125618937,3
scale_default,Epsilon_Greedy,epsilon=0.3,51,0.9699318007257262,0.24751447736874813,0.7224173233569781,1.2174462780944744,3
scale_default,Epsilon_Greedy,epsilon=0.3,52,0.9836369415063763,0.26303489891400894,0.7206020425923674,1.2466718404203851,3
scale_default,Epsilon_Greedy,epsilon=0.3,53,1.0136073042520477,0.2227368963562099,0.7908704078958377,1.2363442006082577,3
scale_default,Epsilon_Greedy,epsilon=0.3,54,1.0604206927769484,0.2792940017654318,0.7811266910115167,1.3397146945423801,3
scale_default,Epsilon_Greedy,epsilon=0.3,55,1.0818687036151415,0.2869498030832181,0.7949189005319235,1.3688185066983596,3
scale_default,Epsilon_Greedy,epsilon=0.3,56,1.1031293099457704,0.28373559549238087,0.8193937144533896,1.3868649054381512,3
scale_default,Epsilon_Greedy,epsilon=0.3,57,1.1101841547082116,0.28620712279001376,0.8239770319181978,1.3963912774982254,3
scale_default,Epsilon_Greedy,epsilon=0.3,58,1.1166038014541442,0.28458844099003594,0.8320153604641083,1.40119224244418,3
scale_default,Epsilon_Greedy,epsilon=0.3,59,1.1328791517429915,0.28348550730499805,0.8493936444379935,1.4163646590479895,3
scale_default,Epsilon_Greedy,epsilon=0.3,60,1.1444490745513758,0.26654100882403897,0.8779080657273368,1.4109900833754148,3
scale_default,Epsilon_Greedy,epsilon=0.3,61,1.1511418227321026,0.2691223480616755,0.8820194746704271,1.4202641707937782,3
scale_default,Epsilon_Greedy,epsilon=0.3,62,1.1566866939551124,0.2637077653092459,0.8929789286458665,1.4203944592643583,3
scale_default,Epsilon_Greedy,epsilon=0.3,63,1.1788607622114138,0.24691799002308995,0.9319427721883238,1.4257787522345038,3
scale_default,Epsilon_Greedy,epsilon=0.3,64,1.200283136266405,0.24809968378705904,0.952183452479346,1.448382820053464,3
scale_default,Epsilon_Greedy,epsilon=0.3,65,1.2080060354385693,0.24884360970673094,0.9591624257318384,1.4568496451453004,3
scale_default,Epsilon_Greedy,epsilon=0.3,66,1.2243067902298603,0.2453613430482136,0.9789454471816468,1.4696681332780739,3
scale_default,Epsilon_Greedy,epsilon=0.3,67,1.2298264670328198,0.2422894717817732,0.9875369952510467,1.472115938814593,3
scale_default,Epsilon_Greedy,epsilon=0.3,68,1.236708476288011,0.24601585097213519,0.9906926253158758,1.4827243272601462,3
scale_default,Epsilon_Greedy,epsilon=0.3,69,1.2550244948883387,0.2607087060881052,0.9943157888002334,1.515733200976444,3
scale_default,Epsilon_Greedy,epsilon=0.3,70,1.262482363848602,0.25269084278139875,1.0097915210672033,1.5151732066300008,3
scale_default,Epsilon_Greedy,epsilon=0.3,71,1.3252720757139755,0.2528183665230822,1.0724537091908934,1.5780904422370576,3
scale_default,Epsilon_Greedy,epsilon=0.3,72,1.3432111560391473,0.26092005056995204,1.0822911054691953,1.6041312066090994,3
scale_default,Epsilon_Greedy,epsilon=0.3,73,1.3526171610356572,0.2618158787579017,1.0908012822777555,1.614433039793559,3
scale_default,Epsilon_Greedy,epsilon=0.3,74,1.373626866275653,0.28430932092723976,1.0893175453484132,1.6579361872028928,3
scale_default,Epsilon_Greedy,epsilon=0.3,75,1.3825940043985654,0.27135127954782157,1.1112427248507437,1.653945283946387,3
scale_default,Epsilon_Greedy,epsilon=0.3,76,1.3857806622898308,0.2717301383628241,1.1140505239270067,1.6575108006526549,3
scale_default,Epsilon_Greedy,epsilon=0.3,77,1.3980692794974636,0.27236983772493534,1.1256994417725283,1.670439117222399,3
scale_default,Epsilon_Greedy,epsilon=0.3,78,1.417528768968955,0.25622758093685855,1.1613011880320965,1.6737563499058137,3
scale_default,Epsilon_Greedy,epsilon=0.3,79,1.4184167259359157,0.2547798329408044,1.1636368929951113,1.6731965588767201,3
scale_default,Epsilon_Greedy,epsilon=0.3,80,1.4244578207880016,0.2493145238182804,1.1751432969697213,1.673772344606282,3
scale_default,Epsilon_Greedy,epsilon=0.3,81,1.4281621208966777,0.24901982827734295,1.1791422926193347,1.6771819491740207,3
scale_default,Epsilon_Greedy,epsilon=0.3,82,1.4319704481912066,0.24528813836322388,1.1866823098279826,1.6772585865544305,3
scale_default,Epsilon_Greedy,epsilon=0.3,83,1.4444001764169687,0.23488256624596945,1.2095176101709992,1.6792827426629382,3
scale_default,Epsilon_Greedy,epsilon=0.3,84,1.448009323416107,0.23699700273678093,1.2110123206793262,1.685006326152888,3
scale_default,Epsilon_Greedy,epsilon=0.3,85,1.4588441086623416,0.24772236676382792,1.2111217418985136,1.7065664754261696,3
scale_default,Epsilon_Greedy,epsilon=0.3,86,1.4605460482227735,0.24496109965530408,1.2155849485674695,1.7055071478780774,3
scale_default,Epsilon_Greedy,epsilon=0.3,87,1.4781998899009252,0.25280944643714554,1.2253904434637797,1.7310093363380707,3
scale_default,Epsilon_Greedy,epsilon=0.3,88,1.5335298065426841,0.3071879878125453,1.226341818730139,1.8407177943552293,3
scale_default,Epsilon_Greedy,epsilon=0.3,89,1.5352104368506012,0.3063023337811545,1.2289081030694466,1.8415127706317558,3
scale_default,Epsilon_Greedy,epsilon=0.3,90,1.5425168123369322,0.29822926603650585,1.2442875463004264,1.840746078373438,3
scale_default,Epsilon_Greedy,epsilon=0.3,91,1.5448595514561128,0.2956783618799076,1.249181189576205,1.8405379133360205,3
scale_default,Epsilon_Greedy,epsilon=0.3,92,1.5513275543405225,0.29070639678974725,1.2606211575507753,1.8420339511302697,3
scale_default,Epsilon_Greedy,epsilon=0.3,93,1.5570345120641698,0.29308198300924765,1.263952529054922,1.8501164950734175,3
scale_default,Epsilon_Greedy,epsilon=0.3,94,1.571133216989067,0.3005887732562578,1.2705444437328093,1.8717219902453248,3
scale_default,Epsilon_Greedy,epsilon=0.3,95,1.604504518678527,0.2590761869554297,1.3454283317230973,1.8635807056339566,3
scale_default,Epsilon_Greedy,epsilon=0.3,96,1.6088775327843896,0.2567867773016328,1.3520907554827568,1.8656643100860224,3
scale_default,Epsilon_Greedy,epsilon=0.3,97,1.6153992310691345,0.25865848054257107,1.3567407505265634,1.8740577116117056,3
scale_default,Epsilon_Greedy,epsilon=0.3,98,1.652576151428807,0.2912112676103924,1.3613648838184147,1.9437874190391995,3
scale_default,Epsilon_Greedy,epsilon=0.3,99,1.6585883916620412,0.28912079473157204,1.3694675969304693,1.9477091863936131,3
scale_default,Epsilon_Greedy,epsilon=0.3,100,1.6600622074274123,0.2876281062695206,1.3724341011578916,1.947690313696933,3
scale_default,Epsilon_Greedy,epsilon=0.3,101,1.6683139721597797,0.2814074407683341,1.3869065313914457,1.9497214129281137,3
scale_default,Epsilon_Greedy,epsilon=0.3,102,1.6750268290767882,0.27905392715542904,1.3959729019213591,1.9540807562322173,3
scale_default,Epsilon_Greedy,epsilon=0.3,103,1.675428996489418,0.2784401023599124,1.3969888941295057,1.9538690988493304,3
scale_default,Epsilon_Greedy,epsilon=0.3,104,1.6754501789438276,0.27840778255237214,1.3970423963914556,1.9538579614961997,3
scale_default,Epsilon_Greedy,epsilon=0.3,105,1.686707840870904,0.2778455790438607,1.4088622618270432,1.9645534199147647,3
scale_default,Epsilon_Greedy,epsilon=0.3,106,1.7265127050785358,0.28161607078404116,1.4448966342944947,2.008128775862577,3
scale_default,Epsilon_Greedy,epsilon=0.3,107,1.7445386692667852,0.3012486818028799,1.4432899874639054,2.045787351069665,3
scale_default,Epsilon_Greedy,epsilon=0.3,108,1.772069719556595,0.2977952162458912,1.4742745033107039,2.069864935802486,3
scale_default,Epsilon_Greedy,epsilon=0.3,109,1.7851981417179614,0.2931953581280512,1.4920027835899101,2.0783934998460127,3
scale_default,Epsilon_Greedy,epsilon=0.3,110,1.8093348606473088,0.2976735982120354,1.5116612624352734,2.1070084588593443,3
scale_default,Epsilon_Greedy,epsilon=0.3,111,1.8149370406676983,0.29615780589783497,1.5187792347698634,2.1110948465655333,3
scale_default,Epsilon_Greedy,epsilon=0.3,112,1.8295855048828698,0.29330595914792373,1.536279545734946,2.1228914640307934,3
scale_default,Epsilon_Greedy,epsilon=0.3,113,1.8366866813294072,0.28579442281496176,1.5508922585144453,2.1224811041443687,3
scale_default,Epsilon_Greedy,epsilon=0.3,114,1.8501793432214722,0.29415990213441817,1.556019441087054,2.1443392453558903,3
scale_default,Epsilon_Greedy,epsilon=0.3,115,1.863450683557917,0.29508838874375004,1.568362294814167,2.158539072301667,3
scale_default,Epsilon_Greedy,epsilon=0.3,116,1.870271334490926,0.2953811521473145,1.5748901823436117,2.1656524866382405,3
scale_default,Epsilon_Greedy,epsilon=0.3,117,1.8801289269173536,0.291731508411453,1.5883974185059007,2.1718604353288065,3
scale_default,Epsilon_Greedy,epsilon=0.3,118,1.8839614222714192,0.2881876432520536,1.5957737790193656,2.172149065523473,3
scale_default,Epsilon_Greedy,epsilon=0.3,119,1.8872758108687373,0.2891772636956541,1.598098547173083,2.1764530745643915,3
scale_default,Epsilon_Greedy,epsilon=0.3,120,1.8944349885430183,0.2900402575341918,1.6043947310088265,2.18447524607721,3
scale_default,Epsilon_Greedy,epsilon=0.3,121,1.9223218925730094,0.3263376536638109,1.5959842389091985,2.24865954623682,3
scale_default,Epsilon_Greedy,epsilon=0.3,122,1.947180143339395,0.354292542418404,1.592887600920991,2.301472685757799,3
scale_default,Epsilon_Greedy,epsilon=0.3,123,1.968141144963697,0.32878854044114403,1.639352604522553,2.296929685404841,3
scale_default,Epsilon_Greedy,epsilon=0.3,124,1.97570136044724,0.33125719071407733,1.6444441697331627,2.3069585511613173,3
scale_default,Epsilon_Greedy,epsilon=0.3,125,1.9877386060679374,0.3308387791441715,1.656899826923766,2.3185773852121088,3
scale_default,Epsilon_Greedy,epsilon=0.3,126,1.9931647566173385,0.3307726245078518,1.6623921321094868,2.3239373811251904,3
scale_default,Epsilon_Greedy,epsilon=0.3,127,2.0100357755670344,0.3315576520855236,1.6784781234815107,2.341593427652558,3
scale_default,Epsilon_Greedy,epsilon=0.3,128,2.0450273152806173,0.3454078762127442,1.6996194390678732,2.3904351914933617,3
scale_default,Epsilon_Greedy,epsilon=0.3,129,2.048703755165884,0.349289647187674,1.6994141079782101,2.397993402353558,3
scale_default,Epsilon_Greedy,epsilon=0.3,130,2.062453883620671,0.3571689131058774,1.7052849705147937,2.4196227967265482,3
scale_default,Epsilon_Greedy,epsilon=0.3,131,2.071023698689398,0.35890687223290424,1.7121168264564939,2.4299305709223025,3
scale_default,Epsilon_Greedy,epsilon=0.3,132,2.0822578234077387,0.36324865220067576,1.719009171207063,2.4455064756084144,3
scale_default,Epsilon_Greedy,epsilon=0.3,133,2.1119859126528966,0.33659487583760517,1.7753910368152914,2.448580788490502,3
scale_default,Epsilon_Greedy,epsilon=0.3,134,2.1212932470887758,0.33511517845887284,1.786178068629903,2.4564084255476484,3
scale_default,Epsilon_Greedy,epsilon=0.3,135,2.12250727825494,0.33467572648426286,1.7878315517706773,2.457183004739203,3
scale_default,Epsilon_Greedy,epsilon=0.3,136,2.144926098564948,0.36293433921085305,1.781991759354095,2.5078604377758014,3
scale_default,Epsilon_Greedy,epsilon=0.3,137,2.1473320704754992,0.3613930978881594,1.7859389725873398,2.5087251683636587,3
scale_default,Epsilon_Greedy,epsilon=0.3,138,2.1574725106285357,0.364198696584838,1.7932738140436977,2.5216712072133736,3
scale_default,Epsilon_Greedy,epsilon=0.3,139,2.1595348972269317,0.36336059861108777,1.796174298615844,2.5228954958380196,3
scale_default,Epsilon_Greedy,epsilon=0.3,140,2.171105658846001,0.36875294170007566,1.8023527171459255,2.5398586005460766,3
scale_default,Epsilon_Greedy,epsilon=0.3,141,2.173651120124876,0.36886765496511503,1.8047834651597607,2.5425187750899907,3
scale_default,Epsilon_Greedy,epsilon=0.3,142,2.1788318512482197,0.36816036685114517,1.8106714843970746,2.5469922180993647,3
scale_default,Epsilon_Greedy,epsilon=0.3,143,2.196022565335578,0.36216270813645723,1.833859857199121,2.558185273472035,3
scale_default,Epsilon_Greedy,epsilon=0.3,144,2.217577517441154,0.37236125370447365,1.8452162637366802,2.5899387711456274,3
scale_default,Epsilon_Greedy,epsilon=0.3,145,2.2566061567965323,0.4219467064776684,1.8346594503188638,2.678552863274201,3
scale_default,Epsilon_Greedy,epsilon=0.3,146,2.2662472277881793,0.4239253564446014,1.8423218713435778,2.690172584232781,3
scale_default,Epsilon_Greedy,epsilon=0.3,147,2.2685755867065587,0.4226358872172827,1.845939699489276,2.6912114739238415,3
scale_default,Epsilon_Greedy,epsilon=0.3,148,2.2803702549695344,0.4199823701845936,1.8603878847849407,2.700352625154128,3
scale_default,Epsilon_Greedy,epsilon=0.3,149,2.286589930285016,0.4210144404539729,1.865575489831043,2.7076043707389887,3
scale_default,Epsilon_Greedy,epsilon=0.3,150,2.298069782514767,0.40818547121294513,1.889884311301822,2.7062552537277123,3
scale_default,Epsilon_Greedy,epsilon=0.3,151,2.334072506104633,0.4038755290922699,1.9301969770123628,2.7379480351969026,3
scale_default,Epsilon_Greedy,epsilon=0.3,152,2.345404435787746,0.3949419087636975,1.9504625270240488,2.7403463445514435,3
scale_default,Epsilon_Greedy,epsilon=0.3,153,2.358106217236607,0.39635105589404096,1.9617551613425661,2.7544572731306483,3
scale_default,Epsilon_Greedy,epsilon=0.3,154,2.4069197070232686,0.33086988181969285,2.076049825203576,2.7377895888429613,3
scale_default,Epsilon_Greedy,epsilon=0.3,155,2.4147766139966897,0.3350060639637471,2.0797705500329426,2.749782677960437,3
scale_default,Epsilon_Greedy,epsilon=0.3,156,2.440984166105207,0.336238685938553,2.1047454801666543,2.77722285204376,3
scale_default,Epsilon_Greedy,epsilon=0.3,157,2.4448466538620077,0.3375412658058529,2.107305388056155,2.7823879196678605,3
scale_default,Epsilon_Greedy,epsilon=0.3,158,2.4539871022547595,0.33744820445149415,2.1165388978032653,2.7914353067062536,3
scale_default,Epsilon_Greedy,epsilon=0.3,159,2.513695721633379,0.348549693600914,2.1651460280324653,2.862245415234293,3
scale_default,Epsilon_Greedy,epsilon=0.3,160,2.516652490160552,0.34363215123459495,2.173020338925957,2.860284641395147,3
scale_default,Epsilon_Greedy,epsilon=0.3,161,2.520099520497652,0.3458144981951759,2.174285022302476,2.8659140186928282,3
scale_default,Epsilon_Greedy,epsilon=0.3,162,2.56323789049553,0.31030043203230745,2.2529374584632227,2.8735383225278377,3
scale_default,Epsilon_Greedy,epsilon=0.3,163,2.602448862829211,0.3309502246420288,2.2714986381871825,2.9333990874712397,3
scale_default,Epsilon_Greedy,epsilon=0.3,164,2.612122841615704,0.3353114478984082,2.276811393717296,2.947434289514112,3
scale_default,Epsilon_Greedy,epsilon=0.3,165,2.621995614202087,0.32255620641599253,2.2994394077860947,2.9445518206180794,3
scale_default,Epsilon_Greedy,epsilon=0.3,166,2.652809391493484,0.3228416944051459,2.329967697088338,2.9756510858986296,3
scale_default,Epsilon_Greedy,epsilon=0.3,167,2.6632467453588036,0.3100860163222322,2.3531607290365715,2.9733327616810357,3
scale_default,Epsilon_Greedy,epsilon=0.3,168,2.666082999008207,0.30926373671846535,2.3568192622897417,2.9753467357266725,3
scale_default,Epsilon_Greedy,epsilon=0.3,169,2.6835904610488446,0.3223808822849016,2.361209578763943,3.005971343333746,3
scale_default,Epsilon_Greedy,epsilon=0.3,170,2.703531960651152,0.3208200195742426,2.3827119410769093,3.0243519802253944,3
scale_default,Epsilon_Greedy,epsilon=0.3,171,2.72675904091221,0.29339904234117187,2.433359998571038,3.020158083253382,3
scale_default,Epsilon_Greedy,epsilon=0.3,172,2.730280767972411,0.29319669718708385,2.4370840707853274,3.0234774651594947,3
scale_default,Epsilon_Greedy,epsilon=0.3,173,2.7401525869421786,0.2965217489665527,2.443630837975626,3.036674335908731,3
scale_default,Epsilon_Greedy,epsilon=0.3,174,2.7426337883839307,0.29560089758615976,2.4470328907977708,3.0382346859700906,3
scale_default,Epsilon_Greedy,epsilon=0.3,175,2.7544255093181165,0.30574210502008453,2.448683404298032,3.060167614338201,3
scale_default,Epsilon_Greedy,epsilon=0.3,176,2.769335921700281,0.31284231302033805,2.456493608679943,3.082178234720619,3
scale_default,Epsilon_Greedy,epsilon=0.3,177,2.7912951572690012,0.3035658647560961,2.4877292925129053,3.094861022025097,3
scale_default,Epsilon_Greedy,epsilon=0.3,178,2.792008441008422,0.3024506392031587,2.489557801805263,3.0944590802115806,3
scale_default,Epsilon_Greedy,epsilon=0.3,179,2.7960730604048947,0.2990646445736338,2.497008415831261,3.0951377049785282,3
scale_default,Epsilon_Greedy,epsilon=0.3,180,2.8114238415679744,0.2790337889940793,2.532390052573895,3.090457630562054,3
scale_default,Epsilon_Greedy,epsilon=0.3,181,2.8415460994195594,0.289772386869085,2.5517737125504745,3.1313184862886443,3
scale_default,Epsilon_Greedy,epsilon=0.3,182,2.8432159183007055,0.28702424600776966,2.556191672292936,3.130240164308475,3
scale_default,Epsilon_Greedy,epsilon=0.3,183,2.846377960239316,0.2874002639425892,2.5589776962967266,3.1337782241819054,3
scale_default,Epsilon_Greedy,epsilon=0.3,184,2.8490595635046403,0.28702384518142093,2.5620357183232194,3.136083408686061,3
scale_default,Epsilon_Greedy,epsilon=0.3,185,2.854869900123383,0.2887036479645258,2.566166252158857,3.143573548087909,3
scale_default,Epsilon_Greedy,epsilon=0.3,186,2.8894805174064153,0.24124020257351494,2.6482403148329006,3.13072071997993,3
scale_default,Epsilon_Greedy,epsilon=0.3,187,2.8932739162611782,0.24071559619040367,2.6525583200707747,3.1339895124515817,3
scale_default,Epsilon_Greedy,epsilon=0.3,188,2.9068368850918858,0.23188340191742346,2.674953483174462,3.1387202870093094,3
scale_default,Epsilon_Greedy,epsilon=0.3,189,2.916214728743498,0.23899644029040756,2.6772182884530906,3.1552111690339055,3
scale_default,Epsilon_Greedy,epsilon=0.3,190,2.9557971681700494,0.2561397472279911,2.6996574209420583,3.2119369153980406,3
scale_default,Epsilon_Greedy,epsilon=0.3,191,2.9621682305575874,0.2548521152652442,2.7073161152923433,3.2170203458228315,3
scale_default,Epsilon_Greedy,epsilon=0.3,192,2.9648103105640473,0.2529916525594354,2.7118186580046117,3.217801963123483,3
scale_default,Epsilon_Greedy,epsilon=0.3,193,2.969770743762664,0.2550334369684116,2.714737306794252,3.2248041807310757,3
scale_default,Epsilon_Greedy,epsilon=0.3,194,2.9711139376482767,0.25624878384601596,2.714865153802261,3.2273627214942926,3
scale_default,Epsilon_Greedy,epsilon=0.3,195,2.977129104000326,0.24934667933015958,2.727782424670166,3.2264757833304856,3
scale_default,Epsilon_Greedy,epsilon=0.3,196,3.0444264927115547,0.2320094088004712,2.8124170839110834,3.276435901512026,3
scale_default,Epsilon_Greedy,epsilon=0.3,197,3.0782986198900484,0.23460318432304172,2.8436954355670068,3.31290180421309,3
scale_default,Epsilon_Greedy,epsilon=0.3,198,3.0849090570215676,0.23438446601029136,2.8505245910112764,3.3192935230318588,3
scale_default,Epsilon_Greedy,epsilon=0.3,199,3.125681602910607,0.19204662102918849,2.9336349818814185,3.3177282239397954,3
scale_default,Epsilon_Greedy,epsilon=0.3,200,3.3519617168433915,0.2414467933869412,3.11051492345645,3.593408510230333,3
scale_default,Epsilon_Greedy,epsilon=0.3,201,3.525235138159323,0.10571035200502331,3.4195247861543,3.630945490164346,3
scale_default,Epsilon_Greedy,epsilon=0.3,202,3.7395091692604443,0.1427317918267864,3.596777377433658,3.8822409610872306,3
scale_default,Epsilon_Greedy,epsilon=0.3,203,3.8508246551648297,0.08065607375515452,3.770168581409675,3.9314807289199845,3
scale_default,Epsilon_Greedy,epsilon=0.3,204,3.982211784673432,0.0891291038703302,3.8930826808031016,4.071340888543762,3
scale_default,Epsilon_Greedy,epsilon=0.3,205,4.045803926867287,0.11512006198053416,3.930683864886753,4.160923988847822,3
scale_default,Epsilon_Greedy,epsilon=0.3,206,4.211231948285119,0.12604498579477014,4.085186962490348,4.337276934079889,3
scale_default,Epsilon_Greedy,epsilon=0.3,207,4.456049976393268,0.21129821326194906,4.244751763131319,4.6673481896552165,3
scale_default,Epsilon_Greedy,epsilon=0.3,208,4.654642613527348,0.17875180745112895,4.475890806076219,4.833394420978477,3
scale_default,Epsilon_Greedy,epsilon=0.3,209,4.741873501487265,0.18672960591807208,4.555143895569193,4.928603107405337,3
scale_default,Epsilon_Greedy,epsilon=0.3,210,4.923080913695498,0.1411888256064436,4.781892088089054,5.064269739301941,3
scale_default,Epsilon_Greedy,epsilon=0.3,211,5.096925693045625,0.19275515107899452,4.90417054196663,5.28968084412462,3
scale_default,Epsilon_Greedy,epsilon=0.3,212,5.3084521218786564,0.29831963332471706,5.010132488553939,5.606771755203374,3
scale_default,Epsilon_Greedy,epsilon=0.3,213,5.46205911473069,0.29010963242446736,5.171949482306222,5.7521687471551575,3
scale_default,Epsilon_Greedy,epsilon=0.3,214,5.530140753978532,0.25786701456307665,5.272273739415455,5.788007768541609,3
scale_default,Epsilon_Greedy,epsilon=0.3,215,5.740004961310746,0.30562822150885194,5.434376739801894,6.045633182819597,3
scale_default,Epsilon_Greedy,epsilon=0.3,216,6.015339206611071,0.4567800624998251,5.558559144111246,6.472119269110896,3
scale_default,Epsilon_Greedy,epsilon=0.3,217,6.311825531932443,0.4357053232215625,5.87612020871088,6.747530855154006,3
scale_default,Epsilon_Greedy,epsilon=0.3,218,6.459767749239688,0.43223314340918895,6.0275346058305,6.892000892648877,3
scale_default,Epsilon_Greedy,epsilon=0.3,219,6.578978343132299,0.41343217501797563,6.165546168114323,6.992410518150274,3
scale_default,Epsilon_Greedy,epsilon=0.3,220,6.675458559448878,0.3568139012166923,6.318644658232186,7.03227246066557,3
scale_default,Epsilon_Greedy,epsilon=0.3,221,6.775856372761481,0.4512886745225142,6.324567698238967,7.2271450472839955,3
scale_default,Epsilon_Greedy,epsilon=0.3,222,6.872326223054871,0.34434639602649075,6.52797982702838,7.216672619081361,3
scale_default,Epsilon_Greedy,epsilon=0.3,223,7.0321562378353155,0.341915717904202,6.6902405199311135,7.374071955739518,3
scale_default,Epsilon_Greedy,epsilon=0.3,224,7.133600518722516,0.35443239399537535,6.779168124727141,7.488032912717891,3
scale_default,Epsilon_Greedy,epsilon=0.3,225,7.443351079690578,0.5931039206024048,6.850247159088173,8.036455000292984,3
scale_default,Epsilon_Greedy,epsilon=0.3,226,7.574345711367314,0.6237329449984325,6.950612766368881,8.198078656365746,3
scale_default,Epsilon_Greedy,epsilon=0.3,227,7.839319243255242,0.6128730332132256,7.226446210042017,8.452192276468468,3
scale_default,Epsilon_Greedy,epsilon=0.3,228,8.058891488774035,0.6476501932291427,7.411241295544893,8.706541682003179,3
scale_default,Epsilon_Greedy,epsilon=0.3,229,8.142318283052747,0.6507682086474386,7.491550074405309,8.793086491700185,3
scale_default,Epsilon_Greedy,epsilon=0.3,230,8.507688826120246,0.7906973864980484,7.7169914396221975,9.298386212618293,3
scale_default,Epsilon_Greedy,epsilon=0.3,231,8.65590676369443,0.751079430598892,7.904827333095538,9.406986194293323,3
scale_default,Epsilon_Greedy,epsilon=0.3,232,8.806220306386743,0.6962598329270467,8.109960473459697,9.50248013931379,3
scale_default,Epsilon_Greedy,epsilon=0.3,233,8.948310499465547,0.7088671328133471,8.2394433666522,9.657177632278895,3
scale_default,Epsilon_Greedy,epsilon=0.3,234,9.061920524494539,0.7357782256657027,8.326142298828836,9.797698750160242,3
scale_default,Epsilon_Greedy,epsilon=0.3,235,9.240050916709766,0.8063990359915263,8.433651880718239,10.046449952701293,3
scale_default,Epsilon_Greedy,epsilon=0.3,236,9.368344132929124,0.7217225354668891,8.646621597462236,10.090066668396013,3
scale_default,Epsilon_Greedy,epsilon=0.3,237,9.52910542562666,0.7723688658673981,8.756736559759263,10.301474291494058,3
scale_default,Epsilon_Greedy,epsilon=0.3,238,9.643073843324244,0.8345604873092192,8.808513356015025,10.477634330633462,3
scale_default,Epsilon_Greedy,epsilon=0.3,239,9.891371050437302,0.8719410950318994,9.019429955405402,10.763312145469202,3
scale_default,Epsilon_Greedy,epsilon=0.3,240,10.099201809266075,0.9384702474274077,9.160731561838668,11.037672056693483,3
scale_default,Epsilon_Greedy,epsilon=0.3,241,10.160587128923403,0.9673068548964764,9.193280274026927,11.12789398381988,3
scale_default,Epsilon_Greedy,epsilon=0.3,242,10.483515195017189,0.9830526049033794,9.50046259011381,11.466567799920568,3
scale_default,Epsilon_Greedy,epsilon=0.3,243,10.670687367421065,0.8593976074415394,9.811289759979525,11.530084974862605,3
scale_default,Epsilon_Greedy,epsilon=0.3,244,10.806816356751073,0.7566819790845332,10.05013437766654,11.563498335835606,3
scale_default,Epsilon_Greedy,epsilon=0.3,245,10.893832752234088,0.7299453009155099,10.163887451318578,11.623778053149598,3
scale_default,Epsilon_Greedy,epsilon=0.3,246,11.135083865840675,0.5974808708714312,10.537602994969244,11.732564736712106,3
scale_default,Epsilon_Greedy,epsilon=0.3,247,11.29488639087449,0.6305748260320705,10.66431156484242,11.92546121690656,3
scale_default,Epsilon_Greedy,epsilon=0.3,248,11.492344867533175,0.6370030491746425,10.855341818358532,12.129347916707818,3
scale_default,Epsilon_Greedy,epsilon=0.3,249,11.71738096024032,0.7280014108054151,10.989379549434904,12.445382371045735,3
scale_default,Epsilon_Greedy,epsilon=0.3,250,11.910751581468555,0.7791734590928011,11.131578122375753,12.689925040561356,3
scale_default,Epsilon_Greedy,epsilon=0.3,251,12.13497930159618,0.6559172888570258,11.479062012739154,12.790896590453206,3
scale_default,Epsilon_Greedy,epsilon=0.3,252,12.23105754016035,0.6888078833960678,11.542249656764282,12.919865423556418,3
scale_default,Epsilon_Greedy,epsilon=0.3,253,12.299696694473505,0.6367917512557355,11.66290494321777,12.93648844572924,3
scale_default,Epsilon_Greedy,epsilon=0.3,254,12.530365743385778,0.7072512540927537,11.823114489293024,13.237616997478531,3
scale_default,Epsilon_Greedy,epsilon=0.3,255,12.634565781037628,0.7124247516233705,11.922141029414258,13.346990532660998,3
scale_default,Epsilon_Greedy,epsilon=0.3,256,12.757937140387446,0.7752932252442646,11.982643915143182,13.53323036563171,3
scale_default,Epsilon_Greedy,epsilon=0.3,257,13.068494602003256,0.6312613351620364,12.437233266841218,13.699755937165293,3
scale_default,Epsilon_Greedy,epsilon=0.3,258,13.18630282561813,0.6411689783388611,12.545133847279269,13.82747180395699,3
scale_default,Epsilon_Greedy,epsilon=0.3,259,13.293118028097583,0.6880439822443256,12.605074045853257,13.981162010341908,3
scale_default,Epsilon_Greedy,epsilon=0.3,260,13.461779651804667,0.7383134588299854,12.723466192974682,14.200093110634652,3
scale_default,Epsilon_Greedy,epsilon=0.3,261,13.597931132446687,0.8133284776134957,12.784602654833192,14.411259610060183,3
scale_default,Epsilon_Greedy,epsilon=0.3,262,13.75971037038021,0.9906448044674687,12.769065565912742,14.750355174847678,3
scale_default,Epsilon_Greedy,epsilon=0.3,263,13.9439348209479,0.9072095499090763,13.036725271038824,14.851144370856977,3
scale_default,Epsilon_Greedy,epsilon=0.3,264,14.122700364008962,0.9576301057189077,13.165070258290054,15.080330469727869,3
scale_default,Epsilon_Greedy,epsilon=0.3,265,14.455153584354932,0.8496307024518189,13.605522881903113,15.30478428680675,3
scale_default,Epsilon_Greedy,epsilon=0.3,266,14.633955879769255,0.8842480295054955,13.749707850263759,15.518203909274751,3
scale_default,Epsilon_Greedy,epsilon=0.3,267,14.748445928324685,0.8494743038213067,13.898971624503378,15.597920232145992,3
scale_default,Epsilon_Greedy,epsilon=0.3,268,14.843233198879298,0.7633660388889981,14.0798671599903,15.606599237768297,3
scale_default,Epsilon_Greedy,epsilon=0.3,269,15.075063535408363,0.9969782960595477,14.078085239348816,16.07204183146791,3
scale_default,Epsilon_Greedy,epsilon=0.3,270,15.222885986893052,0.9759050965346512,14.246980890358401,16.198791083427704,3
scale_default,Epsilon_Greedy,epsilon=0.3,271,15.399412487315102,1.0167570513091015,14.382655436006,16.416169538624203,3
scale_default,Epsilon_Greedy,epsilon=0.3,272,15.59206405435508,0.935237277726129,14.65682677662895,16.52730133208121,3
scale_default,Epsilon_Greedy,epsilon=0.3,273,15.814564667869115,1.0424434823695274,14.772121185499588,16.85700815023864,3
scale_default,Epsilon_Greedy,epsilon=0.3,274,16.024517035590563,1.0085031911762685,15.016013844414294,17.03302022676683,3
scale_default,Epsilon_Greedy,epsilon=0.3,275,16.225643112648992,0.9729322560196468,15.252710856629346,17.19857536866864,3
scale_default,Epsilon_Greedy,epsilon=0.3,276,16.383115998969814,0.9524687442808049,15.430647254689008,17.335584743250617,3
scale_default,Epsilon_Greedy,epsilon=0.3,277,16.660063603833628,0.6943997234515981,15.96566388038203,17.354463327285227,3
scale_default,Epsilon_Greedy,epsilon=0.3,278,16.707922547785618,0.683339977268855,16.024582570516763,17.391262525054472,3
scale_default,Epsilon_Greedy,epsilon=0.3,279,16.895182508486073,0.6889001633987056,16.206282345087367,17.58408267188478,3
scale_default,Epsilon_Greedy,epsilon=0.3,280,17.21550020171462,0.7098761197390865,16.505624081975533,17.925376321453705,3
scale_default,Epsilon_Greedy,epsilon=0.3,281,17.308578673687865,0.6301157214860925,16.678462952201773,17.938694395173957,3
scale_default,Epsilon_Greedy,epsilon=0.3,282,17.544118650523398,0.7352556043492356,16.808863046174164,18.279374254872632,3
scale_default,Epsilon_Greedy,epsilon=0.3,283,17.700432557836606,0.735159166167695,16.965273391668912,18.4355917240043,3
scale_default,Epsilon_Greedy,epsilon=0.3,284,17.8482311961361,0.7619256236870658,17.086305572449035,18.610156819823167,3
scale_default,Epsilon_Greedy,epsilon=0.3,285,18.018862998647165,0.7958096361716736,17.223053362475493,18.814672634818837,3
scale_default,Epsilon_Greedy,epsilon=0.3,286,18.21784150311465,0.8980868129051798,17.319754690209468,19.11592831601983,3
scale_default,Epsilon_Greedy,epsilon=0.3,287,18.23356695364353,0.8870810795515898,17.34648587409194,19.120648033195117,3
scale_default,Epsilon_Greedy,epsilon=0.3,288,18.51472399152632,0.7627767256310061,17.751947265895314,19.277500717157327,3
scale_default,Epsilon_Greedy,epsilon=0.3,289,18.613761143390633,0.7106128056203375,17.903148337770297,19.32437394901097,3
scale_default,Epsilon_Greedy,epsilon=0.3,290,18.992305394016395,0.8002030068761025,18.19210238714029,19.792508400892498,3
scale_default,Epsilon_Greedy,epsilon=0.3,291,19.28420266413084,0.9121655386460892,18.372037125484752,20.19636820277693,3
scale_default,Epsilon_Greedy,epsilon=0.3,292,19.60621838921847,0.734360475093214,18.871857914125254,20.340578864311684,3
scale_default,Epsilon_Greedy,epsilon=0.3,293,19.679998216076054,0.6952895185261776,18.984708697549877,20.37528773460223,3
scale_default,Epsilon_Greedy,epsilon=0.3,294,19.735156285035973,0.655107969556916,19.080048315479058,20.39026425459289,3
scale_default,Epsilon_Greedy,epsilon=0.3,295,19.95403688368368,0.6562922134840428,19.297744670199638,20.610329097167725,3
scale_default,Epsilon_Greedy,epsilon=0.3,296,20.269427328834983,0.6381936057869035,19.63123372304808,20.907620934621885,3
scale_default,Epsilon_Greedy,epsilon=0.3,297,20.367976740609752,0.6850309531507424,19.68294578745901,21.053007693760495,3
scale_default,Epsilon_Greedy,epsilon=0.3,298,20.560185054449985,0.5457104131861659,20.014474641263817,21.105895467636152,3
scale_default,Epsilon_Greedy,epsilon=0.3,299,20.748897921133405,0.5338273439191985,20.215070577214206,21.282725265052605,3
scale_default,Epsilon_Greedy,epsilon=0.3,300,20.877837054994714,0.42608922330712357,20.45174783168759,21.303926278301837,3
scale_default,Epsilon_Greedy,epsilon=0.3,301,21.02408647304626,0.4466109074595828,20.577475565586678,21.470697380505843,3
scale_default,Epsilon_Greedy,epsilon=0.3,302,21.28191870443095,0.4851737684976765,20.796744935933273,21.767092472928628,3
scale_default,Epsilon_Greedy,epsilon=0.3,303,21.484423830098297,0.5403709049818027,20.944052925116495,22.0247947350801,3
scale_default,Epsilon_Greedy,epsilon=0.3,304,21.69747615536595,0.42923533923243745,21.268240816133513,22.12671149459839,3
scale_default,Epsilon_Greedy,epsilon=0.3,305,21.840751650761618,0.4233603401039838,21.417391310657635,22.2641119908656,3
scale_default,Epsilon_Greedy,epsilon=0.3,306,22.038744352379272,0.2778219257878697,21.760922426591403,22.31656627816714,3
scale_default,Epsilon_Greedy,epsilon=0.3,307,22.082379150027908,0.259106342286672,21.823272807741237,22.34148549231458,3
scale_default,Epsilon_Greedy,epsilon=0.3,308,22.280912037419643,0.1298831381114979,22.151028899308145,22.410795175531142,3
scale_default,Epsilon_Greedy,epsilon=0.3,309,22.39464276822764,0.13625883020896395,22.258383938018678,22.530901598436603,3
scale_default,Epsilon_Greedy,epsilon=0.3,310,22.574840471810024,0.2664599419079896,22.308380529902035,22.841300413718013,3
scale_default,Epsilon_Greedy,epsilon=0.3,311,22.688710733948586,0.2787689232063699,22.409941810742215,22.967479657154957,3
scale_default,Epsilon_Greedy,epsilon=0.3,312,22.880656333476598,0.3329114831387544,22.547744850337843,23.213567816615353,3
scale_default,Epsilon_Greedy,epsilon=0.3,313,22.96177783300743,0.37895826571896407,22.582819567288468,23.340736098726396,3
scale_default,Epsilon_Greedy,epsilon=0.3,314,23.13692943690809,0.48187694436002537,22.655052492548066,23.618806381268115,3
scale_default,Epsilon_Greedy,epsilon=0.3,315,23.403966572630413,0.381572108301149,23.022394464329263,23.785538680931563,3
scale_default,Epsilon_Greedy,epsilon=0.3,316,23.52671374114151,0.2689561570791355,23.257757584062375,23.795669898220645,3
scale_default,Epsilon_Greedy,epsilon=0.3,317,23.820745288000108,0.27349106892621944,23.54725421907389,24.094236356926327,3
scale_default,Epsilon_Greedy,epsilon=0.3,318,23.93785235355955,0.29980922159465156,23.6380431319649,24.2376615751542,3
scale_default,Epsilon_Greedy,epsilon=0.3,319,24.083305461639167,0.15382599009565678,23.92947947154351,24.237131451734825,3
scale_default,Epsilon_Greedy,epsilon=0.3,320,24.272599887665663,0.11645676435039275,24.15614312331527,24.389056652016055,3
scale_default,Epsilon_Greedy,epsilon=0.3,321,24.44242351268261,0.10480578496706398,24.337617727715546,24.54722929764967,3
scale_default,Epsilon_Greedy,epsilon=0.3,322,24.666009947769854,0.19322437910363863,24.472785568666215,24.859234326873494,3
scale_default,Epsilon_Greedy,epsilon=0.3,323,24.758913281934028,0.24899480638556165,24.509918475548467,25.00790808831959,3
scale_default,Epsilon_Greedy,epsilon=0.3,324,24.845534250860723,0.3472897161804929,24.49824453468023,25.192823967041218,3
scale_default,Epsilon_Greedy,epsilon=0.3,325,24.992882244230973,0.4144711193528166,24.578411124878155,25.40735336358379,3
scale_default,Epsilon_Greedy,epsilon=0.3,326,25.28037830324794,0.3161698707889964,24.964208432458943,25.596548174036936,3
scale_default,Epsilon_Greedy,epsilon=0.3,327,25.401819271694364,0.3042604517445489,25.097558819949814,25.706079723438915,3
scale_default,Epsilon_Greedy,epsilon=0.3,328,25.513392305973962,0.3341435703878605,25.179248735586103,25.84753587636182,3
scale_default,Epsilon_Greedy,epsilon=0.3,329,25.60889722551399,0.3893754512817494,25.219521774232238,25.99827267679574,3
scale_default,Epsilon_Greedy,epsilon=0.3,330,25.700345919675726,0.3604868998470295,25.339859019828697,26.060832819522755,3
scale_default,Epsilon_Greedy,epsilon=0.3,331,25.75813358116213,0.3553382948621113,25.40279528630002,26.113471876024242,3
scale_default,Epsilon_Greedy,epsilon=0.3,332,25.838901632886444,0.40265066280224815,25.436250970084195,26.24155229568869,3
scale_default,Epsilon_Greedy,epsilon=0.3,333,26.083400056526333,0.396921257967426,25.686478798558905,26.48032131449376,3
scale_default,Epsilon_Greedy,epsilon=0.3,334,26.191485853584833,0.48086789399974605,25.710617959585086,26.67235374758458,3
scale_default,Epsilon_Greedy,epsilon=0.3,335,26.32903507150486,0.5171100021912645,25.8119250693136,26.846145073696125,3
scale_default,Epsilon_Greedy,epsilon=0.3,336,26.38872242617018,0.5041655649726048,25.884556861197574,26.892887991142786,3
scale_default,Epsilon_Greedy,epsilon=0.3,337,26.528347781110313,0.48492646794861066,26.0434213131617,27.013274249058924,3
scale_default,Epsilon_Greedy,epsilon=0.3,338,26.65823392699218,0.41401115632682395,26.244222770665356,27.072245083319007,3
scale_default,Epsilon_Greedy,epsilon=0.3,339,26.81687921581631,0.484797184402865,26.332082031413446,27.301676400219176,3
scale_default,Epsilon_Greedy,epsilon=0.3,340,26.948210777295156,0.3992104077050951,26.54900036959006,27.34742118500025,3
scale_default,Epsilon_Greedy,epsilon=0.3,341,27.209662484826037,0.46497202825489936,26.74469045657114,27.674634513080935,3
scale_default,Epsilon_Greedy,epsilon=0.3,342,27.457848915874663,0.5182508491012007,26.939598066773463,27.976099764975864,3
scale_default,Epsilon_Greedy,epsilon=0.3,343,27.53972671398843,0.49265693872599386,27.047069775262436,28.032383652714422,3
scale_default,Epsilon_Greedy,epsilon=0.3,344,27.632654781424847,0.4631292137942042,27.169525567630643,28.09578399521905,3
scale_default,Epsilon_Greedy,epsilon=0.3,345,27.69766983541454,0.4016848591717537,27.295984976242785,28.099354694586296,3
scale_default,Epsilon_Greedy,epsilon=0.3,346,27.8523577554809,0.46723039325123034,27.385127362229667,28.31958814873213,3
scale_default,Epsilon_Greedy,epsilon=0.3,347,27.99841937951004,0.4514597600535258,27.546959619456512,28.449879139563567,3
scale_default,Epsilon_Greedy,epsilon=0.3,348,28.273281268103833,0.41830760193338595,27.854973666170448,28.69158887003722,3
scale_default,Epsilon_Greedy,epsilon=0.3,349,28.371347324314325,0.4262332230978341,27.94511410121649,28.79758054741216,3
scale_default,Epsilon_Greedy,epsilon=0.3,350,28.44917649622751,0.46289339375113353,27.986283102476374,28.912069889978643,3
scale_default,Epsilon_Greedy,epsilon=0.3,351,28.49436549465163,0.38578362623418333,28.108581868417446,28.88014912088581,3
scale_default,Epsilon_Greedy,epsilon=0.3,352,28.64264315613643,0.46525982077200534,28.177383335364425,29.107902976908434,3
scale_default,Epsilon_Greedy,epsilon=0.3,353,28.683812849507817,0.48371401393290214,28.200098835574913,29.16752686344072,3
scale_default,Epsilon_Greedy,epsilon=0.3,354,28.888138781786438,0.43047703045122737,28.45766175133521,29.318615812237667,3
scale_default,Epsilon_Greedy,epsilon=0.3,355,28.94077457367949,0.3516413247081145,28.589133248971375,29.292415898387606,3
scale_default,Epsilon_Greedy,epsilon=0.3,356,29.246495457203466,0.4101265926946086,28.836368864508856,29.656622049898075,3
scale_default,Epsilon_Greedy,epsilon=0.3,357,29.341967978470553,0.3538199476386104,28.988148030831944,29.695787926109162,3
scale_default,Epsilon_Greedy,epsilon=0.3,358,29.52229262989074,0.2876335531854817,29.234659076705256,29.80992618307622,3
scale_default,Epsilon_Greedy,epsilon=0.3,359,29.587343475672185,0.2050933483147662,29.38225012735742,29.79243682398695,3
scale_default,Epsilon_Greedy,epsilon=0.3,360,29.773949868406294,0.14409620620602626,29.62985366220027,29.91804607461232,3
scale_default,Epsilon_Greedy,epsilon=0.3,361,29.855607355486075,0.22374362193390937,29.631863733552166,30.079350977419985,3
scale_default,Epsilon_Greedy,epsilon=0.3,362,30.019831528373572,0.22821461158344591,29.791616916790126,30.24804613995702,3
scale_default,Epsilon_Greedy,epsilon=0.3,363,30.117331225897562,0.22634301246349367,29.890988213434067,30.343674238361057,3
scale_default,Epsilon_Greedy,epsilon=0.3,364,30.26138305461063,0.22932143655171308,30.032061618058915,30.490704491162344,3
scale_default,Epsilon_Greedy,epsilon=0.3,365,30.43429887614982,0.3309965942688167,30.103302281881003,30.76529547041864,3
scale_default,Epsilon_Greedy,epsilon=0.3,366,30.661741203650053,0.24646020628386162,30.415280997366192,30.908201409933913,3
scale_default,Epsilon_Greedy,epsilon=0.3,367,30.897966597561574,0.34617178160559714,30.551794815955976,31.244138379167172,3
scale_default,Epsilon_Greedy,epsilon=0.3,368,31.219946328062814,0.11428970463780029,31.105656623425013,31.334236032700616,3
scale_default,Epsilon_Greedy,epsilon=0.3,369,31.40356957588271,0.2573718217066218,31.14619775417609,31.66094139758933,3
scale_default,Epsilon_Greedy,epsilon=0.3,370,31.594373742137694,0.3195071225491284,31.274866619588565,31.913880864686824,3
scale_default,Epsilon_Greedy,epsilon=0.3,371,31.84956350504498,0.3247991487338319,31.52476435631115,32.174362653778815,3
scale_default,Epsilon_Greedy,epsilon=0.3,372,31.944568641931074,0.319644974528208,31.624923667402864,32.26421361645928,3
scale_default,Epsilon_Greedy,epsilon=0.3,373,32.04996426460868,0.43480799726549385,31.61515626734319,32.48477226187418,3
scale_default,Epsilon_Greedy,epsilon=0.3,374,32.30911437408881,0.4044943103306721,31.904620063758134,32.713608684419476,3
scale_default,Epsilon_Greedy,epsilon=0.3,375,32.574031667877094,0.3076583698006887,32.2663732980764,32.881690037677785,3
scale_default,Epsilon_Greedy,epsilon=0.3,376,32.704971340218066,0.17719364211852195,32.52777769809954,32.88216498233659,3
scale_default,Epsilon_Greedy,epsilon=0.3,377,32.83852001933169,0.16334620415753195,32.675173815174155,33.00186622348922,3
scale_default,Epsilon_Greedy,epsilon=0.3,378,33.04320780359322,0.2839291717134755,32.759278631879745,33.32713697530669,3
scale_default,Epsilon_Greedy,epsilon=0.3,379,33.37429086682852,0.43138522880276053,32.942905638025756,33.80567609563128,3
scale_default,Epsilon_Greedy,epsilon=0.3,380,33.60746503200994,0.5020812856353992,33.10538374637454,34.10954631764534,3
scale_default,Epsilon_Greedy,epsilon=0.3,381,33.73193325689902,0.49290749213714535,33.23902576476188,34.22484074903616,3
scale_default,Epsilon_Greedy,epsilon=0.3,382,33.87635308731485,0.4512886582694454,33.4250644290454,34.327641745584295,3
scale_default,Epsilon_Greedy,epsilon=0.3,383,33.97616694438779,0.4101584600120307,33.566008484375764,34.38632540439982,3
scale_default,Epsilon_Greedy,epsilon=0.3,384,34.06481434765049,0.29068034339009735,33.77413400426039,34.35549469104059,3
scale_default,Epsilon_Greedy,epsilon=0.3,385,34.245637960843105,0.285598713259796,33.96003924758331,34.5312366741029,3
scale_default,Epsilon_Greedy,epsilon=0.3,386,34.438464841418785,0.36490024883569383,34.07356459258309,34.80336509025448,3
scale_default,Epsilon_Greedy,epsilon=0.3,387,34.677424759908476,0.41157165783076716,34.265853102077706,35.088996417739246,3
scale_default,Epsilon_Greedy,epsilon=0.3,388,34.78753382157036,0.4847517649042454,34.30278205666611,35.2722855864746,3
scale_default,Epsilon_Greedy,epsilon=0.3,389,34.94267186159809,0.40073208397411114,34.54193977762398,35.343403945572206,3
scale_default,Epsilon_Greedy,epsilon=0.3,390,34.97191800973953,0.41615837432345754,34.555759635416074,35.38807638406299,3
scale_default,Epsilon_Greedy,epsilon=0.3,391,35.12926417766504,0.48587849060553856,34.64338568705951,35.61514266827058,3
scale_default,Epsilon_Greedy,epsilon=0.3,392,35.35406755921205,0.5256613200512974,34.82840623916075,35.87972887926335,3
scale_default,Epsilon_Greedy,epsilon=0.3,393,35.58447621183425,0.40789496804276,35.17658124379149,35.99237117987701,3
scale_default,Epsilon_Greedy,epsilon=0.3,394,35.85835159253714,0.21257075567200093,35.645780836865136,36.070922348209145,3
scale_default,Epsilon_Greedy,epsilon=0.3,395,36.013486839663045,0.3338130592351872,35.679673780427855,36.347299898898235,3
scale_default,Epsilon_Greedy,epsilon=0.3,396,36.15045168811981,0.36489630242990134,35.78555538568991,36.51534799054971,3
scale_default,Epsilon_Greedy,epsilon=0.3,397,36.210141048509136,0.34560174572366087,35.864539302785474,36.5557427942328,3
scale_default,Epsilon_Greedy,epsilon=0.3,398,36.390652883522435,0.4364645591898519,35.954188324332584,36.827117442712286,3
scale_default,Epsilon_Greedy,epsilon=0.3,399,36.52556503817072,0.32957028908328295,36.19599474908743,36.855135327254004,3
scale_default,Epsilon_Greedy,epsilon=0.3,400,36.6861764077837,0.3040837593453761,36.382092648438324,36.99026016712907,3
scale_default,Epsilon_Greedy,epsilon=0.3,401,36.96125028333047,0.3464319489636785,36.614818334366795,37.30768223229415,3
scale_default,Epsilon_Greedy,epsilon=0.3,402,37.14012576698989,0.365742071112383,36.7743836958775,37.505867838102276,3
scale_default,Epsilon_Greedy,epsilon=0.3,403,37.32397841008899,0.27878942286586944,37.04518898722312,37.60276783295486,3
scale_default,Epsilon_Greedy,epsilon=0.3,404,37.493642915689286,0.4055695585810578,37.08807335710823,37.89921247427034,3
scale_default,Epsilon_Greedy,epsilon=0.3,405,37.765918313933874,0.39139795062916777,37.374520363304704,38.15731626456304,3
scale_default,Epsilon_Greedy,epsilon=0.3,406,37.93565417348398,0.26384914470511106,37.67180502877887,38.199503318189095,3
scale_default,Epsilon_Greedy,epsilon=0.3,407,38.524556978528096,0.21738371411113663,38.30717326441696,38.74194069263923,3
scale_default,Epsilon_Greedy,epsilon=0.3,408,38.59884997893917,0.2717636072181157,38.32708637172106,38.87061358615728,3
scale_default,Epsilon_Greedy,epsilon=0.3,409,38.73264341422617,0.2712456241059198,38.461397790120245,39.00388903833209,3
scale_default,Epsilon_Greedy,epsilon=0.3,410,38.91435942222406,0.33421674551470254,38.58014267670936,39.24857616773876,3
scale_default,Epsilon_Greedy,epsilon=0.3,411,39.04618239802516,0.28869128885929013,38.75749110916587,39.33487368688445,3
scale_default,Epsilon_Greedy,epsilon=0.3,412,39.29091538934032,0.24493475164053216,39.045980637699785,39.535850140980855,3
scale_default,Epsilon_Greedy,epsilon=0.3,413,39.49109888788956,0.17768545997487253,39.31341342791468,39.66878434786443,3
scale_default,Epsilon_Greedy,epsilon=0.3,414,39.64514392618057,0.38871210815937296,39.2564318180212,40.03385603433995,3
scale_default,Epsilon_Greedy,epsilon=0.3,415,39.78747168629007,0.45195214026882685,39.33551954602124,40.2394238265589,3
scale_default,Epsilon_Greedy,epsilon=0.3,416,40.00223350851503,0.548152011181182,39.45408149733385,40.55038551969621,3
scale_default,Epsilon_Greedy,epsilon=0.3,417,40.20330269059507,0.5131139632425519,39.69018872735252,40.716416653837626,3
scale_default,Epsilon_Greedy,epsilon=0.3,418,40.355720644419634,0.5689821495866859,39.786738494832946,40.92470279400632,3
scale_default,Epsilon_Greedy,epsilon=0.3,419,40.4066692322501,0.5435168514024368,39.863152380847666,40.95018608365254,3
scale_default,Epsilon_Greedy,epsilon=0.3,420,40.56165271455426,0.4975601599735065,40.06409255458075,41.05921287452777,3
scale_default,Epsilon_Greedy,epsilon=0.3,421,40.77164598771693,0.5162462781178472,40.25539970959908,41.28789226583478,3
scale_default,Epsilon_Greedy,epsilon=0.3,422,41.04385544825623,0.6975656569526848,40.34628979130355,41.741421105208914,3
scale_default,Epsilon_Greedy,epsilon=0.3,423,41.16614528158912,0.6059127419958089,40.56023253959331,41.772058023584925,3
scale_default,Epsilon_Greedy,epsilon=0.3,424,41.242949435383416,0.5604718982601222,40.68247753712329,41.80342133364354,3
scale_default,Epsilon_Greedy,epsilon=0.3,425,41.34348354383399,0.6223002881248489,40.72118325570914,41.96578383195884,3
scale_default,Epsilon_Greedy,epsilon=0.3,426,41.71752570314851,0.7008811278408777,41.01664457530763,42.41840683098939,3
scale_default,Epsilon_Greedy,epsilon=0.3,427,41.86523135957145,0.637013292796622,41.22821806677483,42.50224465236808,3
scale_default,Epsilon_Greedy,epsilon=0.3,428,42.14242344693507,0.2967801673353522,41.84564327959972,42.43920361427042,3
scale_default,Epsilon_Greedy,epsilon=0.3,429,42.31153276653898,0.2527222614702348,42.05881050506875,42.564255028009214,3
scale_default,Epsilon_Greedy,epsilon=0.3,430,42.648365491378144,0.12079420760756664,42.52757128377058,42.76915969898571,3
scale_default,Epsilon_Greedy,epsilon=0.3,431,42.75604437945554,0.11495685582595692,42.64108752362958,42.8710012352815,3
scale_default,Epsilon_Greedy,epsilon=0.3,432,42.8259646717276,0.06808333824742552,42.75788133348017,42.89404800997502,3
scale_default,Epsilon_Greedy,epsilon=0.3,433,43.073505250270706,0.29153273832668747,42.78197251194402,43.36503798859739,3
scale_default,Epsilon_Greedy,epsilon=0.3,434,43.268818431337024,0.18977647993415128,43.07904195140287,43.45859491127118,3
scale_default,Epsilon_Greedy,epsilon=0.3,435,43.438449215236936,0.15627900573847847,43.28217020949846,43.59472822097541,3
scale_default,Epsilon_Greedy,epsilon=0.3,436,43.46660055941441,0.11408568797871615,43.352514871435694,43.580686247393125,3
scale_default,Epsilon_Greedy,epsilon=0.3,437,43.65194558645954,0.22565829050703912,43.4262872959525,43.87760387696658,3
scale_default,Epsilon_Greedy,epsilon=0.3,438,43.77172668134342,0.2975140049389222,43.47421267640449,44.06924068628234,3
scale_default,Epsilon_Greedy,epsilon=0.3,439,44.08243942702787,0.34370809520582,43.73873133182205,44.42614752223369,3
scale_default,Epsilon_Greedy,epsilon=0.3,440,44.24263202656122,0.3683340829429045,43.874297943618316,44.61096610950412,3
scale_default,Epsilon_Greedy,epsilon=0.3,441,44.35401678471021,0.26991046277154107,44.08410632193867,44.62392724748175,3
scale_default,Epsilon_Greedy,epsilon=0.3,442,44.47454619511074,0.28042030270771623,44.19412589240302,44.75496649781846,3
scale_default,Epsilon_Greedy,epsilon=0.3,443,44.620860510344706,0.27520097922870995,44.345659531116,44.89606148957341,3
scale_default,Epsilon_Greedy,epsilon=0.3,444,44.76746545415954,0.28615515884603765,44.481310295313506,45.05362061300558,3
scale_default,Epsilon_Greedy,epsilon=0.3,445,45.00335964901607,0.12121189890830858,44.88214775010776,45.124571547924376,3
scale_default,Epsilon_Greedy,epsilon=0.3,446,45.17386543951838,0.11318886007315941,45.06067657944522,45.28705429959154,3
scale_default,Epsilon_Greedy,epsilon=0.3,447,45.3049342977007,0.08075030151209063,45.22418399618861,45.38568459921279,3
scale_default,Epsilon_Greedy,epsilon=0.3,448,45.54264064790021,0.1110788653059084,45.4315617825943,45.65371951320611,3
scale_default,Epsilon_Greedy,epsilon=0.3,449,45.7904361186117,0.19982503540149363,45.590611083210206,45.9902611540132,3
scale_default,Epsilon_Greedy,epsilon=0.3,450,45.90147744019657,0.2837511298446987,45.61772631035188,46.18522857004127,3
scale_default,Epsilon_Greedy,epsilon=0.3,451,46.07828374495026,0.47239395646350996,45.60588978848675,46.550677701413775,3
scale_default,Epsilon_Greedy,epsilon=0.3,452,46.20366909920521,0.5200608775537813,45.683608221651426,46.72372997675899,3
scale_default,Epsilon_Greedy,epsilon=0.3,453,46.33869934590558,0.4497920804576146,45.88890726544797,46.788491426363194,3
scale_default,Epsilon_Greedy,epsilon=0.3,454,46.51312062272343,0.3849265940495929,46.12819402867383,46.89804721677302,3
scale_default,Epsilon_Greedy,epsilon=0.3,455,46.64991572427639,0.3608973835334848,46.289018340742906,47.010813107809874,3
scale_default,Epsilon_Greedy,epsilon=0.3,456,46.771384521677625,0.45699705798828105,46.31438746368934,47.22838157966591,3
scale_default,Epsilon_Greedy,epsilon=0.3,457,46.79769171620501,0.47354244147962476,46.324149274725386,47.27123415768463,3
scale_default,Epsilon_Greedy,epsilon=0.3,458,46.92298518283019,0.4482463163322923,46.474738866497894,47.371231499162484,3
scale_default,Epsilon_Greedy,epsilon=0.3,459,47.10072907011744,0.4948538757225698,46.60587519439487,47.59558294584001,3
scale_default,Epsilon_Greedy,epsilon=0.3,460,47.26690665444779,0.5705418302324724,46.696364824215316,47.83744848468026,3
scale_default,Epsilon_Greedy,epsilon=0.3,461,47.4514948620625,0.4561755104756753,46.99531935158683,47.90767037253818,3
scale_default,Epsilon_Greedy,epsilon=0.3,462,47.70574645610501,0.49077597481689245,47.21497048128812,48.1965224309219,3
scale_default,Epsilon_Greedy,epsilon=0.3,463,47.92959873335286,0.49838772132308423,47.43121101202978,48.427986454675946,3
scale_default,Epsilon_Greedy,epsilon=0.3,464,48.261867821239484,0.32900455852602156,47.93286326271346,48.59087237976551,3
scale_default,Epsilon_Greedy,epsilon=0.3,465,48.476078907132326,0.31711448072342013,48.15896442640891,48.793193387855744,3
scale_default,Epsilon_Greedy,epsilon=0.3,466,48.6584466189531,0.24955090354822637,48.408895715404874,48.907997522501326,3
scale_default,Epsilon_Greedy,epsilon=0.3,467,48.80896121390554,0.1402983114342991,48.66866290247124,48.94925952533984,3
scale_default,Epsilon_Greedy,epsilon=0.3,468,49.020231633649495,0.08892226690915478,48.93130936674034,49.10915390055865,3
scale_default,Epsilon_Greedy,epsilon=0.3,469,49.17255502397294,0.032145403062119854,49.14040962091082,49.20470042703506,3
scale_default,Epsilon_Greedy,epsilon=0.3,470,49.40214929351534,0.046276582915058775,49.35587271060029,49.4484258764304,3
scale_default,Epsilon_Greedy,epsilon=0.3,471,49.47339922263641,0.098259724198653,49.375139498437754,49.571658946835065,3
scale_default,Epsilon_Greedy,epsilon=0.3,472,49.5952523952254,0.20069432246065216,49.39455807276475,49.79594671768605,3
scale_default,Epsilon_Greedy,epsilon=0.3,473,50.05065482675294,0.40794922037110165,49.64270560638184,50.45860404712404,3
scale_default,Epsilon_Greedy,epsilon=0.3,474,50.46638942955843,0.7492606050682186,49.71712882449022,51.21565003462665,3
scale_default,Epsilon_Greedy,epsilon=0.3,475,50.734001909149235,0.9084810152225736,49.82552089392666,51.64248292437181,3
scale_default,Epsilon_Greedy,epsilon=0.3,476,50.87667173438167,0.8289070500650216,50.04776468431665,51.705578784446686,3
scale_default,Epsilon_Greedy,epsilon=0.3,477,51.05587910950959,0.7805377864117862,50.275341323097805,51.836416895921374,3
scale_default,Epsilon_Greedy,epsilon=0.3,478,51.42788015179831,0.7601972266364329,50.66768292516188,52.18807737843475,3
scale_default,Epsilon_Greedy,epsilon=0.3,479,51.66502216394963,0.6276668227879239,51.03735534116171,52.29268898673755,3
scale_default,Epsilon_Greedy,epsilon=0.3,480,51.86295321085263,0.7857739592197535,51.07717925163288,52.648727170072384,3
scale_default,Epsilon_Greedy,epsilon=0.3,481,52.01945719001892,0.9421328814594976,51.07732430855942,52.96159007147842,3
scale_default,Epsilon_Greedy,epsilon=0.3,482,52.220776578174174,0.9482630322764477,51.27251354589772,53.169039610450625,3
scale_default,Epsilon_Greedy,epsilon=0.3,483,52.52264172846725,0.9844699595032632,51.538171768963984,53.507111687970514,3
scale_default,Epsilon_Greedy,epsilon=0.3,484,52.66719523072182,1.0640031645261432,51.60319206619568,53.731198395247965,3
scale_default,Epsilon_Greedy,epsilon=0.3,485,52.855848092078645,1.2146234188729328,51.64122467320571,54.07047151095158,3
scale_default,Epsilon_Greedy,epsilon=0.3,486,53.056807260177415,1.2246424754102967,51.832164784767116,54.281449735587714,3
scale_default,Epsilon_Greedy,epsilon=0.3,487,53.14861701656199,1.1953024298553205,51.953314586706675,54.34391944641731,3
scale_default,Epsilon_Greedy,epsilon=0.3,488,53.31777217203771,1.2772202496152556,52.04055192242245,54.59499242165296,3
scale_default,Epsilon_Greedy,epsilon=0.3,489,53.40860318965943,1.2042897939981723,52.20431339566126,54.6128929836576,3
scale_default,Epsilon_Greedy,epsilon=0.3,490,53.52130344079884,1.2844529501963378,52.2368504906025,54.80575639099518,3
scale_default,Epsilon_Greedy,epsilon=0.3,491,53.681602814577936,1.2527486135575288,52.42885420102041,54.934351428135464,3
scale_default,Epsilon_Greedy,epsilon=0.3,492,54.09029855345427,1.2014207061400923,52.88887784731418,55.29171925959436,3
scale_default,Epsilon_Greedy,epsilon=0.3,493,54.162732274722885,1.2565922247915196,52.906140049931366,55.4193244995144,3
scale_default,Epsilon_Greedy,epsilon=0.3,494,54.379874376247955,1.5647335955947024,52.81514078065325,55.94460797184266,3
scale_default,Epsilon_Greedy,epsilon=0.3,495,54.61234282362482,1.4445956088603247,53.167747214764496,56.05693843248515,3
scale_default,Epsilon_Greedy,epsilon=0.3,496,54.92729268232855,1.327090846926912,53.600201835401634,56.25438352925546,3
scale_default,Epsilon_Greedy,epsilon=0.3,497,55.00859832118474,1.3302935550977673,53.678304766086974,56.33889187628251,3
scale_default,Epsilon_Greedy,epsilon=0.3,498,55.231960395096316,1.4174279074529013,53.81453248764341,56.64938830254922,3
scale_default,Epsilon_Greedy,epsilon=0.3,499,55.48007710136422,1.5205050015596957,53.959572099804525,57.00058210292392,3
scale_default,Epsilon_Greedy,epsilon=0.3,500,55.671061611509856,1.5912374786147494,54.079824132895105,57.26229909012461,3
scale_default,Epsilon_Greedy,epsilon=0.3,501,55.928536785423546,1.7067765856620614,54.22176019976148,57.63531337108561,3
scale_default,Epsilon_Greedy,epsilon=0.3,502,56.12684922252685,1.776076585797193,54.35077263672966,57.90292580832404,3
scale_default,Epsilon_Greedy,epsilon=0.3,503,56.28292342001123,1.617540719468855,54.665382700542374,57.900464139480086,3
scale_default,Epsilon_Greedy,epsilon=0.3,504,56.65827133595477,1.8506718897446783,54.80759944621009,58.508943225699454,3
scale_default,Epsilon_Greedy,epsilon=0.3,505,56.76690689022262,1.8677437160588992,54.899163174163725,58.63465060628152,3
scale_default,Epsilon_Greedy,epsilon=0.3,506,56.91577053009659,1.8828637346140584,55.03290679548253,58.79863426471064,3
scale_default,Epsilon_Greedy,epsilon=0.3,507,57.040755225968816,1.7962732628772504,55.244481963091566,58.837028488846066,3
scale_default,Epsilon_Greedy,epsilon=0.3,508,57.172150020084736,1.7406726117496525,55.431477408335084,58.91282263183439,3
scale_default,Epsilon_Greedy,epsilon=0.3,509,57.29667342450259,1.716643448320969,55.58002997618163,59.01331687282356,3
scale_default,Epsilon_Greedy,epsilon=0.3,510,57.55503985813945,1.7238186696646867,55.831221188474764,59.27885852780414,3
scale_default,Epsilon_Greedy,epsilon=0.3,511,57.68375495821451,1.687169591205851,55.996585367008656,59.37092454942036,3
scale_default,Epsilon_Greedy,epsilon=0.3,512,57.79444381069711,1.6387795278901394,56.155664282806974,59.43322333858725,3
scale_default,Epsilon_Greedy,epsilon=0.3,513,57.91554017773274,1.6064431953486245,56.30909698238411,59.52198337308136,3
scale_default,Epsilon_Greedy,epsilon=0.3,514,58.0771117674822,1.6585228341238973,56.4185889333583,59.7356346016061,3
scale_default,Epsilon_Greedy,epsilon=0.3,515,58.49109417903758,1.7249926634262913,56.76610151561129,60.21608684246387,3
scale_default,Epsilon_Greedy,epsilon=0.3,516,58.74293143426209,1.6009940293722522,57.14193740488984,60.34392546363434,3
scale_default,Epsilon_Greedy,epsilon=0.3,517,58.900209291604654,1.550214050219602,57.34999524138505,60.450423341824255,3
scale_default,Epsilon_Greedy,epsilon=0.3,518,59.1101124773086,1.6143146222431615,57.49579785506543,60.72442709955176,3
scale_default,Epsilon_Greedy,epsilon=0.3,519,59.2600354278066,1.699389136566173,57.560646291240424,60.959424564372775,3
scale_default,Epsilon_Greedy,epsilon=0.3,520,59.4796094535781,1.750826071017921,57.72878338256018,61.23043552459602,3
scale_default,Epsilon_Greedy,epsilon=0.3,521,59.64643697536824,1.7182923400800625,57.92814463528818,61.3647293154483,3
scale_default,Epsilon_Greedy,epsilon=0.3,522,59.82208366449336,1.6078333887154144,58.21425027577795,61.429917053208776,3
scale_default,Epsilon_Greedy,epsilon=0.3,523,59.967043616200264,1.5927396996073826,58.37430391659288,61.55978331580765,3
scale_default,Epsilon_Greedy,epsilon=0.3,524,60.197269165291424,1.6686481126092587,58.52862105268216,61.865917277900685,3
scale_default,Epsilon_Greedy,epsilon=0.3,525,60.370083925232905,1.7116681257885225,58.658415799444384,62.081752051021425,3
scale_default,Epsilon_Greedy,epsilon=0.3,526,60.63673354713365,1.692798894426078,58.943934652707576,62.32953244155973,3
scale_default,Epsilon_Greedy,epsilon=0.3,527,60.74856378465603,1.6411153426586784,59.10744844199735,62.38967912731471,3
scale_default,Epsilon_Greedy,epsilon=0.3,528,60.91519429761661,1.7413176760682927,59.17387662154832,62.6565119736849,3
scale_default,Epsilon_Greedy,epsilon=0.3,529,61.24391491979558,1.7878898784888055,59.45602504130677,63.031804798284384,3
scale_default,Epsilon_Greedy,epsilon=0.3,530,61.54523623941447,1.9271988259847987,59.618037413429676,63.47243506539927,3
scale_default,Epsilon_Greedy,epsilon=0.3,531,61.676082930996586,2.0356407440267867,59.6404421869698,63.71172367502337,3
scale_default,Epsilon_Greedy,epsilon=0.3,532,61.86155876300603,1.9681435656347708,59.89341519737126,63.8297023286408,3
scale_default,Epsilon_Greedy,epsilon=0.3,533,62.02104816659121,1.9957497862533748,60.02529838033783,64.01679795284458,3
scale_default,Epsilon_Greedy,epsilon=0.3,534,62.18949507553132,2.0310188103831845,60.15847626514813,64.2205138859145,3
scale_default,Epsilon_Greedy,epsilon=0.3,535,62.29750303538051,2.059051945293266,60.23845109008724,64.35655498067378,3
scale_default,Epsilon_Greedy,epsilon=0.3,536,62.426387736888046,1.941294094382457,60.48509364250559,64.3676818312705,3
scale_default,Epsilon_Greedy,epsilon=0.3,537,62.66615462362635,2.074907795624332,60.591246828002014,64.74106241925068,3
scale_default,Epsilon_Greedy,epsilon=0.3,538,62.7452741757136,2.0726820064414566,60.67259216927214,64.81795618215506,3
scale_default,Epsilon_Greedy,epsilon=0.3,539,63.00409547002433,2.0742608069543675,60.92983466306996,65.0783562769787,3
scale_default,Epsilon_Greedy,epsilon=0.3,540,63.149539859275215,1.987297912077091,61.162241947198126,65.1368377713523,3
scale_default,Epsilon_Greedy,epsilon=0.3,541,63.34048201123911,1.9862652207884897,61.35421679045062,65.3267472320276,3
scale_default,Epsilon_Greedy,epsilon=0.3,542,63.47624605133126,2.106991787975497,61.369254263355764,65.58323783930676,3
scale_default,Epsilon_Greedy,epsilon=0.3,543,63.79417946692931,2.1783270126640346,61.61585245426527,65.97250647959333,3
scale_default,Epsilon_Greedy,epsilon=0.3,544,63.96696647099208,2.249372815679165,61.71759365531291,66.21633928667124,3
scale_default,Epsilon_Greedy,epsilon=0.3,545,64.11552338587727,2.363635348614933,61.75188803726233,66.4791587344922,3
scale_default,Epsilon_Greedy,epsilon=0.3,546,64.2984646428881,2.22501323901785,62.07345140387026,66.52347788190596,3
scale_default,Epsilon_Greedy,epsilon=0.3,547,64.47484330715226,2.2430202514441553,62.2318230557081,66.7178635585964,3
scale_default,Epsilon_Greedy,epsilon=0.3,548,64.60479565720648,2.2947395302410416,62.31005612696544,66.89953518744753,3
scale_default,Epsilon_Greedy,epsilon=0.3,549,64.81798830449344,2.2667490026880843,62.55123930180535,67.08473730718153,3
scale_default,Epsilon_Greedy,epsilon=0.3,550,65.0257573901465,2.411273929922758,62.61448346022374,67.43703132006925,3
scale_default,Epsilon_Greedy,epsilon=0.3,551,65.1419960536032,2.434166091608179,62.70782996199502,67.57616214521137,3
scale_default,Epsilon_Greedy,epsilon=0.3,552,65.33472974011481,2.325420265234678,63.00930947488013,67.6601500053495,3
scale_default,Epsilon_Greedy,epsilon=0.3,553,65.48471778106132,2.3391639454202084,63.14555383564111,67.82388172648153,3
scale_default,Epsilon_Greedy,epsilon=0.3,554,65.64572729867524,2.2425377890774976,63.403189509597745,67.88826508775274,3
scale_default,Epsilon_Greedy,epsilon=0.3,555,65.96752664062295,2.14471607914297,63.82281056147998,68.11224271976592,3
scale_default,Epsilon_Greedy,epsilon=0.3,556,66.06728791785393,2.187363786921385,63.879924130932544,68.25465170477531,3
scale_default,Epsilon_Greedy,epsilon=0.3,557,66.17590454188252,2.2228382307207006,63.95306631116182,68.39874277260321,3
scale_default,Epsilon_Greedy,epsilon=0.3,558,66.40163748246296,2.28477108426681,64.11686639819615,68.68640856672977,3
scale_default,Epsilon_Greedy,epsilon=0.3,559,66.48230706067558,2.353625643037595,64.12868141763799,68.83593270371317,3
scale_default,Epsilon_Greedy,epsilon=0.3,560,66.68549831681786,2.376988862408016,64.30850945440984,69.06248717922587,3
scale_default,Epsilon_Greedy,epsilon=0.3,561,66.87850241744528,2.5079981626510808,64.3705042547942,69.38650058009635,3
scale_default,Epsilon_Greedy,epsilon=0.3,562,67.03696062427724,2.4832381997225634,64.55372242455468,69.5201988239998,3
scale_default,Epsilon_Greedy,epsilon=0.3,563,67.34314302995473,2.5146832920629043,64.82845973789183,69.85782632201763,3
scale_default,Epsilon_Greedy,epsilon=0.3,564,67.49592723838676,2.430589517653313,65.06533772073344,69.92651675604007,3
scale_default,Epsilon_Greedy,epsilon=0.3,565,67.64344157041586,2.331136882104911,65.31230468831095,69.97457845252077,3
scale_default,Epsilon_Greedy,epsilon=0.3,566,67.74484100779229,2.3461813920162786,65.39865961577601,70.09102239980857,3
scale_default,Epsilon_Greedy,epsilon=0.3,567,67.9597232683099,2.4636973571449277,65.49602591116498,70.42342062545482,3
scale_default,Epsilon_Greedy,epsilon=0.3,568,68.14203820629838,2.4708488091034506,65.67118939719494,70.61288701540182,3
scale_default,Epsilon_Greedy,epsilon=0.3,569,68.3436924293433,2.498250386392928,65.84544204295038,70.84194281573623,3
scale_default,Epsilon_Greedy,epsilon=0.3,570,68.54682095693063,2.548152481928329,65.9986684750023,71.09497343885896,3
scale_default,Epsilon_Greedy,epsilon=0.3,571,68.83607633863183,2.407780740408231,66.4282955982236,71.24385707904005,3
scale_default,Epsilon_Greedy,epsilon=0.3,572,68.97675242969726,2.365849913976883,66.61090251572037,71.34260234367414,3
scale_default,Epsilon_Greedy,epsilon=0.3,573,69.23918299805631,2.1806575602227207,67.05852543783358,71.41984055827903,3
scale_default,Epsilon_Greedy,epsilon=0.3,574,69.46045589426642,2.0276982180793346,67.43275767618708,71.48815411234575,3
scale_default,Epsilon_Greedy,epsilon=0.3,575,69.68143863874579,2.1161939880582246,67.56524465068756,71.79763262680402,3
scale_default,Epsilon_Greedy,epsilon=0.3,576,69.84573284683522,2.0464181938914603,67.79931465294376,71.89215104072667,3
scale_default,Epsilon_Greedy,epsilon=0.3,577,70.11515466657352,2.0573341550278768,68.05782051154564,72.17248882160139,3
scale_default,Epsilon_Greedy,epsilon=0.3,578,70.18514661491797,2.062858505404428,68.12228810951353,72.2480051203224,3
scale_default,Epsilon_Greedy,epsilon=0.3,579,70.48036850205823,1.7652344921568612,68.71513400990136,72.24560299421509,3
scale_default,Epsilon_Greedy,epsilon=0.3,580,70.60401809897057,1.8660569089563859,68.73796119001419,72.47007500792695,3
scale_default,Epsilon_Greedy,epsilon=0.3,581,70.66842259763537,1.8423829378215835,68.82603965981379,72.51080553545695,3
scale_default,Epsilon_Greedy,epsilon=0.3,582,70.76711489543636,1.8515635839651128,68.91555131147125,72.61867847940148,3
scale_default,Epsilon_Greedy,epsilon=0.3,583,70.97733691306313,1.7516528740666275,69.2256840389965,72.72898978712975,3
scale_default,Epsilon_Greedy,epsilon=0.3,584,71.06087066854998,1.7321418485330238,69.32872882001696,72.793012517083,3
scale_default,Epsilon_Greedy,epsilon=0.3,585,71.16799748963727,1.8062392093857278,69.36175828025155,72.974236699023,3
scale_default,Epsilon_Greedy,epsilon=0.3,586,71.2614001605346,1.811373927692857,69.45002623284175,73.07277408822746,3
scale_default,Epsilon_Greedy,epsilon=0.3,587,71.43782755934862,1.8411114298237858,69.59671612952484,73.2789389891724,3
scale_default,Epsilon_Greedy,epsilon=0.3,588,71.52601778554104,1.7784292579063066,69.74758852763473,73.30444704344735,3
scale_default,Epsilon_Greedy,epsilon=0.3,589,71.60976581524085,1.7781508527005117,69.83161496254034,73.38791666794135,3
scale_default,Epsilon_Greedy,epsilon=0.3,590,71.8525191821777,1.8104251110499368,70.04209407112776,73.66294429322764,3
scale_default,Epsilon_Greedy,epsilon=0.3,591,72.05797226868934,1.8065461439343438,70.251426124755,73.86451841262368,3
scale_default,Epsilon_Greedy,epsilon=0.3,592,72.25373748154509,1.7733919074111366,70.48034557413395,74.02712938895623,3
scale_default,Epsilon_Greedy,epsilon=0.3,593,72.44762843602386,1.9213709385219506,70.52625749750192,74.36899937454581,3
scale_default,Epsilon_Greedy,epsilon=0.3,594,72.55888882014638,1.860352628683954,70.69853619146242,74.41924144883033,3
scale_default,Epsilon_Greedy,epsilon=0.3,595,72.65123142513066,1.851312590339507,70.79991883479116,74.50254401547016,3
scale_default,Epsilon_Greedy,epsilon=0.3,596,72.7540669334194,1.77884598463228,70.97522094878711,74.53291291805168,3
scale_default,Epsilon_Greedy,epsilon=0.3,597,73.06370214037945,1.6698766321785925,71.39382550820085,74.73357877255805,3
scale_default,Epsilon_Greedy,epsilon=0.3,598,73.21108250638706,1.88387188234521,71.32721062404185,75.09495438873226,3
scale_default,Epsilon_Greedy,epsilon=0.3,599,73.32440772832207,1.9626432771502935,71.36176445117178,75.28705100547236,3
scale_default,Epsilon_Greedy,epsilon=0.4,0,0.07249300207111785,0.08054358744215659,-0.00805058537103874,0.15303658951327442,3
scale_default,Epsilon_Greedy,epsilon=0.4,1,0.12058571678632823,0.08783919596114667,0.03274652082518156,0.2084249127474749,3
scale_default,Epsilon_Greedy,epsilon=0.4,2,0.24978612921804136,0.12193498721781428,0.12785114200022707,0.37172111643585565,3
scale_default,Epsilon_Greedy,epsilon=0.4,3,0.2737196275270382,0.1444526098677145,0.12926701765932372,0.41817223739475273,3
scale_default,Epsilon_Greedy,epsilon=0.4,4,0.32626754162317106,0.19754609019526773,0.12872145142790334,0.5238136318184388,3
scale_default,Epsilon_Greedy,epsilon=0.4,5,0.34026002016976786,0.19468060068834053,0.14557941948142733,0.5349406208581085,3
scale_default,Epsilon_Greedy,epsilon=0.4,6,0.3595578126688889,0.2080578419116008,0.15149997075728813,0.5676156545804897,3
scale_default,Epsilon_Greedy,epsilon=0.4,7,0.3825265948011917,0.20043668879492132,0.1820899060062704,0.582963283596113,3
scale_default,Epsilon_Greedy,epsilon=0.4,8,0.3931748517046126,0.20181221365687158,0.191362638047741,0.5949870653614842,3
scale_default,Epsilon_Greedy,epsilon=0.4,9,0.4194482488912805,0.19425348233926037,0.22519476655202014,0.6137017312305408,3
scale_default,Epsilon_Greedy,epsilon=0.4,10,0.43535429788465013,0.19276077459378166,0.24259352329086847,0.6281150724784318,3
scale_default,Epsilon_Greedy,epsilon=0.4,11,0.45508431519920123,0.200701745882903,0.2543825693162982,0.6557860610821042,3
scale_default,Epsilon_Greedy,epsilon=0.4,12,0.49596857749694917,0.216544614522463,0.27942396297448613,0.7125131920194122,3
scale_default,Epsilon_Greedy,epsilon=0.4,13,0.5145815755955351,0.21852784427518257,0.2960537313203525,0.7331094198707176,3
scale_default,Epsilon_Greedy,epsilon=0.4,14,0.5356899468665434,0.214797334755939,0.3208926121106044,0.7504872816224823,3
scale_default,Epsilon_Greedy,epsilon=0.4,15,0.5451501989161341,0.2262386789481829,0.31891151996795125,0.771388877864317,3
scale_default,Epsilon_Greedy,epsilon=0.4,16,0.580783898679924,0.24334737488785,0.337436523792074,0.8241312735677739,3
scale_default,Epsilon_Greedy,epsilon=0.4,17,0.6005747104747673,0.2443259034764773,0.35624880699829,0.8449006139512446,3
scale_default,Epsilon_Greedy,epsilon=0.4,18,0.6093771289392257,0.2477915051711799,0.3615856237680458,0.8571686341104056,3
scale_default,Epsilon_Greedy,epsilon=0.4,19,0.6205755930218169,0.25168904861338,0.3688865444084369,0.8722646416351969,3
scale_default,Epsilon_Greedy,epsilon=0.4,20,0.6404161652496357,0.24411625247623475,0.396299912773401,0.8845324177258704,3
scale_default,Epsilon_Greedy,epsilon=0.4,21,0.6457504389419736,0.24662687769600747,0.39912356124596615,0.892377316637981,3
scale_default,Epsilon_Greedy,epsilon=0.4,22,0.6542087937959185,0.25594749020046587,0.3982613035954526,0.9101562839963844,3
scale_default,Epsilon_Greedy,epsilon=0.4,23,0.691578871195731,0.23201858408609013,0.4595602871096409,0.9235974552818211,3
scale_default,Epsilon_Greedy,epsilon=0.4,24,0.6931290666423462,0.2306648458889555,0.46246422075339066,0.9237939125313017,3
scale_default,Epsilon_Greedy,epsilon=0.4,25,0.6963440540792433,0.23617357962266278,0.4601704744565805,0.9325176337019061,3
scale_default,Epsilon_Greedy,epsilon=0.4,26,0.7020518125311322,0.24189453092308102,0.46015728160805125,0.9439463434542132,3
scale_default,Epsilon_Greedy,epsilon=0.4,27,0.7097393096521206,0.24086710741412468,0.46887220223799597,0.9506064170662453,3
scale_default,Epsilon_Greedy,epsilon=0.4,28,0.7708702418051289,0.30957692316315666,0.4612933186419722,1.0804471649682856,3
scale_default,Epsilon_Greedy,epsilon=0.4,29,0.7946806449493677,0.3441192276946735,0.45056141725469423,1.1387998726440411,3
scale_default,Epsilon_Greedy,epsilon=0.4,30,0.8185878501444551,0.32768264705231714,0.490905203092138,1.1462704971967723,3
scale_default,Epsilon_Greedy,epsilon=0.4,31,0.822114190986538,0.3337113072767781,0.4884028837097599,1.155825498263316,3
scale_default,Epsilon_Greedy,epsilon=0.4,32,0.828258611095258,0.32963413853224244,0.49862447256301556,1.1578927496275004,3
scale_default,Epsilon_Greedy,epsilon=0.4,33,0.8304760395521394,0.3276762506052371,0.5027997889469024,1.1581522901573766,3
scale_default,Epsilon_Greedy,epsilon=0.4,34,0.8304760395521394,0.3276762506052371,0.5027997889469024,1.1581522901573766,3
scale_default,Epsilon_Greedy,epsilon=0.4,35,0.835391677826701,0.3231388166351059,0.5122528611915951,1.158530494461807,3
scale_default,Epsilon_Greedy,epsilon=0.4,36,0.8409463607547351,0.31731538336865445,0.5236309773860806,1.1582617441233896,3
scale_default,Epsilon_Greedy,epsilon=0.4,37,0.8799368239525173,0.29356741224518507,0.5863694117073321,1.1735042361977024,3
scale_default,Epsilon_Greedy,epsilon=0.4,38,0.883271041905321,0.2960327982730363,0.5872382436322847,1.1793038401783573,3
scale_default,Epsilon_Greedy,epsilon=0.4,39,0.9007740606540703,0.28597227649506685,0.6148017841590034,1.1867463371491371,3
scale_default,Epsilon_Greedy,epsilon=0.4,40,0.9048423921167249,0.2905892786189337,0.6142531134977912,1.1954316707356587,3
scale_default,Epsilon_Greedy,epsilon=0.4,41,0.9084111233586283,0.2877192986849144,0.6206918246737139,1.1961304220435427,3
scale_default,Epsilon_Greedy,epsilon=0.4,42,0.9149876669254265,0.293424583583863,0.6215630833415635,1.2084122505092896,3
scale_default,Epsilon_Greedy,epsilon=0.4,43,0.9243971210289863,0.3014832652130181,0.6229138558159681,1.2258803862420045,3
scale_default,Epsilon_Greedy,epsilon=0.4,44,0.9301322217800306,0.306913730973153,0.6232184908068776,1.2370459527531836,3
scale_default,Epsilon_Greedy,epsilon=0.4,45,0.9503039671285262,0.2960934923122682,0.6542104748162579,1.2463974594407943,3
scale_default,Epsilon_Greedy,epsilon=0.4,46,0.9602577291494202,0.2882310094056664,0.6720267197437537,1.2484887385550867,3
scale_default,Epsilon_Greedy,epsilon=0.4,47,0.9635950329990188,0.288615152139028,0.6749798808599908,1.252210185138047,3
scale_default,Epsilon_Greedy,epsilon=0.4,48,0.9706698056958653,0.2914360803745992,0.679233725321266,1.2621058860704646,3
scale_default,Epsilon_Greedy,epsilon=0.4,49,0.9863367739650825,0.3084495799686069,0.6778871939964756,1.2947863539336892,3
scale_default,Epsilon_Greedy,epsilon=0.4,50,0.999973008470624,0.3194939621314961,0.6804790463391279,1.31946697060212,3
scale_default,Epsilon_Greedy,epsilon=0.4,51,1.0017349264065503,0.3194502942691377,0.6822846321374125,1.321185220675688,3
scale_default,Epsilon_Greedy,epsilon=0.4,52,1.0146414061864917,0.3175410469746244,0.6971003592118673,1.3321824531611162,3
scale_default,Epsilon_Greedy,epsilon=0.4,53,1.0251711453448684,0.3339895724822271,0.6911815728626414,1.3591607178270955,3
scale_default,Epsilon_Greedy,epsilon=0.4,54,1.071716744738185,0.3585836460482438,0.7131330986899412,1.430300390786429,3
scale_default,Epsilon_Greedy,epsilon=0.4,55,1.0892577391303833,0.3638165273132221,0.7254412118171611,1.4530742664436054,3
scale_default,Epsilon_Greedy,epsilon=0.4,56,1.098585370205268,0.3615358607489196,0.7370495094563483,1.4601212309541876,3
scale_default,Epsilon_Greedy,epsilon=0.4,57,1.1061193365652984,0.3697669319041263,0.736352404661172,1.4758862684694247,3
scale_default,Epsilon_Greedy,epsilon=0.4,58,1.116029973267917,0.36505742023371374,0.7509725530342033,1.4810873935016309,3
scale_default,Epsilon_Greedy,epsilon=0.4,59,1.1386653685288033,0.3900320187865164,0.7486333497422869,1.5286973873153196,3
scale_default,Epsilon_Greedy,epsilon=0.4,60,1.1498508999121504,0.3938607108555401,0.7559901890566103,1.5437116107676905,3
scale_default,Epsilon_Greedy,epsilon=0.4,61,1.2070908009675883,0.3286326797843283,0.8784581211832599,1.5357234807519164,3
scale_default,Epsilon_Greedy,epsilon=0.4,62,1.223098293844125,0.32737529662750575,0.8957229972166193,1.550473590471631,3
scale_default,Epsilon_Greedy,epsilon=0.4,63,1.2282295749210153,0.33385987416722307,0.8943697007537922,1.5620894490882384,3
scale_default,Epsilon_Greedy,epsilon=0.4,64,1.2329790921115833,0.3363558090091427,0.8966232831024405,1.569334901120726,3
scale_default,Epsilon_Greedy,epsilon=0.4,65,1.2453782301296874,0.3317385279391245,0.9136397021905629,1.577116758068812,3
scale_default,Epsilon_Greedy,epsilon=0.4,66,1.2475998792413432,0.32897666180405294,0.9186232174372903,1.5765765410453962,3
scale_default,Epsilon_Greedy,epsilon=0.4,67,1.2510015633587341,0.32588279031941914,0.925118773039315,1.5768843536781532,3
scale_default,Epsilon_Greedy,epsilon=0.4,68,1.2824470942425503,0.36868640582376944,0.9137606884187809,1.6511335000663196,3
scale_default,Epsilon_Greedy,epsilon=0.4,69,1.2829494458177297,0.36952929537199997,0.9134201504457298,1.6524787411897297,3
scale_default,Epsilon_Greedy,epsilon=0.4,70,1.3062569655194978,0.3657216651803815,0.9405353003391163,1.6719786306998792,3
scale_default,Epsilon_Greedy,epsilon=0.4,71,1.315614711197551,0.36530475688512376,0.9503099543124272,1.6809194680826747,3
scale_default,Epsilon_Greedy,epsilon=0.4,72,1.3243153975439972,0.3711644211885365,0.9531509763554606,1.6954798187325337,3
scale_default,Epsilon_Greedy,epsilon=0.4,73,1.361396408111176,0.32799667802756366,1.0333997300836124,1.6893930861387396,3
scale_default,Epsilon_Greedy,epsilon=0.4,74,1.3637978934412829,0.32608832992088965,1.0377095635203932,1.6898862233621725,3
scale_default,Epsilon_Greedy,epsilon=0.4,75,1.4206257080277396,0.347805292775554,1.0728204152521856,1.7684310008032935,3
scale_default,Epsilon_Greedy,epsilon=0.4,76,1.4213440503837826,0.3469015818203218,1.0744424685634608,1.7682456322041045,3
scale_default,Epsilon_Greedy,epsilon=0.4,77,1.428733130440156,0.3405789163461893,1.0881542140939668,1.7693120467863452,3
scale_default,Epsilon_Greedy,epsilon=0.4,78,1.4520075904219774,0.3682424809976167,1.0837651094243608,1.820250071419594,3
scale_default,Epsilon_Greedy,epsilon=0.4,79,1.4942972585212317,0.32319584420547076,1.171101414315761,1.8174931027267025,3
scale_default,Epsilon_Greedy,epsilon=0.4,80,1.5162071158406698,0.30766671003401325,1.2085404058066564,1.8238738258746832,3
scale_default,Epsilon_Greedy,epsilon=0.4,81,1.5205704075644422,0.30470689537794454,1.2158635121864976,1.8252773029423868,3
scale_default,Epsilon_Greedy,epsilon=0.4,82,1.523626634521995,0.3019764877003268,1.2216501468216683,1.825603122222322,3
scale_default,Epsilon_Greedy,epsilon=0.4,83,1.5876850011878478,0.2728964575746184,1.3147885436132294,1.8605814587624663,3
scale_default,Epsilon_Greedy,epsilon=0.4,84,1.5955379707021022,0.279662323308874,1.3158756473932283,1.8752002940109762,3
scale_default,Epsilon_Greedy,epsilon=0.4,85,1.6083777914326065,0.26475193698131955,1.343625854451287,1.873129728413926,3
scale_default,Epsilon_Greedy,epsilon=0.4,86,1.6689381921736526,0.2872589359079555,1.3816792562656972,1.956197128081608,3
scale_default,Epsilon_Greedy,epsilon=0.4,87,1.7177796278963868,0.2308692399582874,1.4869103879380994,1.9486488678546743,3
scale_default,Epsilon_Greedy,epsilon=0.4,88,1.7988820285925964,0.2096794308338872,1.5892025977587092,2.008561459426484,3
scale_default,Epsilon_Greedy,epsilon=0.4,89,1.8110396487887783,0.2269818093169216,1.5840578394718567,2.0380214581057,3
scale_default,Epsilon_Greedy,epsilon=0.4,90,1.8175916865884698,0.2343261745399999,1.58326551204847,2.05191786112847,3
scale_default,Epsilon_Greedy,epsilon=0.4,91,1.8634049725583683,0.3083881404768738,1.5550168320814945,2.171793113035242,3
scale_default,Epsilon_Greedy,epsilon=0.4,92,1.87904575649803,0.29917426953185294,1.5798714869661772,2.178220026029883,3
scale_default,Epsilon_Greedy,epsilon=0.4,93,1.914059890304596,0.28431491350543525,1.6297449767991607,2.1983748038100313,3
scale_default,Epsilon_Greedy,epsilon=0.4,94,1.9644837641049813,0.37151855075017065,1.5929652133548107,2.336002314855152,3
scale_default,Epsilon_Greedy,epsilon=0.4,95,1.9708034414115676,0.36861722521704987,1.6021862161945177,2.3394206666286177,3
scale_default,Epsilon_Greedy,epsilon=0.4,96,1.9708034414115676,0.36861722521704987,1.6021862161945177,2.3394206666286177,3
scale_default,Epsilon_Greedy,epsilon=0.4,97,1.9799974565027139,0.36710942072911895,1.6128880357735949,2.3471068772318326,3
scale_default,Epsilon_Greedy,epsilon=0.4,98,2.016003417513625,0.3380072864715861,1.6779961310420388,2.354010703985211,3
scale_default,Epsilon_Greedy,epsilon=0.4,99,2.021304578763701,0.3344410208603055,1.6868635579033957,2.3557455996240066,3
scale_default,Epsilon_Greedy,epsilon=0.4,100,2.0253181216259666,0.3304718119873012,1.6948463096386654,2.3557899336132677,3
scale_default,Epsilon_Greedy,epsilon=0.4,101,2.0698554511356693,0.30990650696686783,1.7599489441688014,2.379761958102537,3
scale_default,Epsilon_Greedy,epsilon=0.4,102,2.0806828410921967,0.3022264598234751,1.7784563812687215,2.3829093009156717,3
scale_default,Epsilon_Greedy,epsilon=0.4,103,2.0911670645749996,0.2926835577602515,1.798483506814748,2.383850622335251,3
scale_default,Epsilon_Greedy,epsilon=0.4,104,2.118996216125043,0.2673514702026887,1.8516447459223542,2.3863476863277313,3
scale_default,Epsilon_Greedy,epsilon=0.4,105,2.127722841936366,0.26613023376635436,1.8615926081700116,2.39385307570272,3
scale_default,Epsilon_Greedy,epsilon=0.4,106,2.1590417763773275,0.2515561903403414,1.9074855860369861,2.4105979667176687,3
scale_default,Epsilon_Greedy,epsilon=0.4,107,2.165301778394819,0.24413725198773178,1.9211645264070873,2.409439030382551,3
scale_default,Epsilon_Greedy,epsilon=0.4,108,2.1689619093412484,0.24953547597246992,1.9194264333687785,2.418497385313718,3
scale_default,Epsilon_Greedy,epsilon=0.4,109,2.1854870674622062,0.23765196525136756,1.9478351022108387,2.423139032713574,3
scale_default,Epsilon_Greedy,epsilon=0.4,110,2.213133974657286,0.22559652335131425,1.9875374513059718,2.4387304980086,3
scale_default,Epsilon_Greedy,epsilon=0.4,111,2.215302862512584,0.2262006908362944,1.9891021716762896,2.4415035533488783,3
scale_default,Epsilon_Greedy,epsilon=0.4,112,2.2686426004205713,0.3120514916370832,1.9565911087834882,2.5806940920576547,3
scale_default,Epsilon_Greedy,epsilon=0.4,113,2.2733902539996063,0.3153224380529694,1.958067815946637,2.588712692052576,3
scale_default,Epsilon_Greedy,epsilon=0.4,114,2.289214687446305,0.3069456150357514,1.9822690724105536,2.5961603024820565,3
scale_default,Epsilon_Greedy,epsilon=0.4,115,2.318860243272775,0.2918397401657953,2.02702050310698,2.6106999834385705,3
scale_default,Epsilon_Greedy,epsilon=0.4,116,2.323341515554382,0.29454441889705224,2.0287970966573297,2.6178859344514342,3
scale_default,Epsilon_Greedy,epsilon=0.4,117,2.331389437380276,0.29484435897668343,2.036545078403593,2.6262337963569595,3
scale_default,Epsilon_Greedy,epsilon=0.4,118,2.3368646731485003,0.2957389971448596,2.0411256760036407,2.63260367029336,3
scale_default,Epsilon_Greedy,epsilon=0.4,119,2.3368646731485003,0.2957389971448596,2.0411256760036407,2.63260367029336,3
scale_default,Epsilon_Greedy,epsilon=0.4,120,2.3917911187501497,0.252421842988705,2.1393692757614446,2.644212961738855,3
scale_default,Epsilon_Greedy,epsilon=0.4,121,2.3978982393419446,0.2459844457964422,2.151913793545502,2.643882685138387,3
scale_default,Epsilon_Greedy,epsilon=0.4,122,2.4103149142558844,0.2347988451808305,2.175516069075054,2.6451137594367147,3
scale_default,Epsilon_Greedy,epsilon=0.4,123,2.4388197188180776,0.22891954621651342,2.2099001726015643,2.667739265034591,3
scale_default,Epsilon_Greedy,epsilon=0.4,124,2.4437577490427427,0.22951939325790002,2.214238355784843,2.6732771423006425,3
scale_default,Epsilon_Greedy,epsilon=0.4,125,2.4615111180805327,0.2289973377411684,2.232513780339364,2.690508455821701,3
scale_default,Epsilon_Greedy,epsilon=0.4,126,2.469334530248893,0.22158272302748394,2.2477518072214093,2.690917253276377,3
scale_default,Epsilon_Greedy,epsilon=0.4,127,2.4782425409271505,0.21582701108418745,2.262415529842963,2.694069552011338,3
scale_default,Epsilon_Greedy,epsilon=0.4,128,2.528364618274745,0.17245876148010747,2.3559058567946374,2.7008233797548526,3
scale_default,Epsilon_Greedy,epsilon=0.4,129,2.5352111641023796,0.1698809440780799,2.3653302200243,2.7050921081804593,3
scale_default,Epsilon_Greedy,epsilon=0.4,130,2.54269061698357,0.1756647588290205,2.3670258581545496,2.7183553758125902,3
scale_default,Epsilon_Greedy,epsilon=0.4,131,2.5672655369974002,0.15320731650526678,2.4140582204921333,2.720472853502667,3
scale_default,Epsilon_Greedy,epsilon=0.4,132,2.5710761992777678,0.1512408706140904,2.4198353286636776,2.722317069891858,3
scale_default,Epsilon_Greedy,epsilon=0.4,133,2.576934500409419,0.14632377080988418,2.4306107295995347,2.723258271219303,3
scale_default,Epsilon_Greedy,epsilon=0.4,134,2.5865266384718715,0.14553279348139173,2.4409938449904796,2.7320594319532634,3
scale_default,Epsilon_Greedy,epsilon=0.4,135,2.5925554202121863,0.1404445630514624,2.452110857160724,2.7329999832636487,3
scale_default,Epsilon_Greedy,epsilon=0.4,136,2.6503787525545492,0.09894669002576473,2.5514320625287845,2.749325442580314,3
scale_default,Epsilon_Greedy,epsilon=0.4,137,2.662057490315705,0.10888341339468532,2.5531740769210196,2.77094090371039,3
scale_default,Epsilon_Greedy,epsilon=0.4,138,2.669634898158275,0.11104836972766108,2.558586528430614,2.7806832678859363,3
scale_default,Epsilon_Greedy,epsilon=0.4,139,2.6802174003890715,0.10156337482057559,2.578654025568496,2.781780775209647,3
scale_default,Epsilon_Greedy,epsilon=0.4,140,2.686747931430489,0.1025572862970384,2.5841906451334506,2.7893052177275277,3
scale_default,Epsilon_Greedy,epsilon=0.4,141,2.7178541032485994,0.10274496057144092,2.6151091426771584,2.8205990638200404,3
scale_default,Epsilon_Greedy,epsilon=0.4,142,2.726275020910139,0.10775234482629839,2.618522676083841,2.8340273657364374,3
scale_default,Epsilon_Greedy,epsilon=0.4,143,2.731809497410812,0.11100078361024464,2.6208087138005673,2.8428102810210563,3
scale_default,Epsilon_Greedy,epsilon=0.4,144,2.7532025577540886,0.1269773520353965,2.626225205718692,2.880179909789485,3
scale_default,Epsilon_Greedy,epsilon=0.4,145,2.761378345173702,0.12291876675021812,2.638459578423484,2.8842971119239205,3
scale_default,Epsilon_Greedy,epsilon=0.4,146,2.7742050794033033,0.10665287117651907,2.6675522082267844,2.880857950579822,3
scale_default,Epsilon_Greedy,epsilon=0.4,147,2.7977575472524463,0.07508308541959867,2.7226744618328476,2.872840632672045,3
scale_default,Epsilon_Greedy,epsilon=0.4,148,2.822985280663438,0.09372563119257331,2.7292596494708645,2.9167109118560113,3
scale_default,Epsilon_Greedy,epsilon=0.4,149,2.84237220587463,0.06796751179108329,2.7744046940835467,2.910339717665713,3
scale_default,Epsilon_Greedy,epsilon=0.4,150,2.851770393861573,0.08092471373049576,2.7708456801310772,2.9326951075920684,3
scale_default,Epsilon_Greedy,epsilon=0.4,151,2.894439702588164,0.08799849980032738,2.8064412027878363,2.9824382023884914,3
scale_default,Epsilon_Greedy,epsilon=0.4,152,2.9314916390568277,0.04891353940812737,2.8825780996487005,2.980405178464955,3
scale_default,Epsilon_Greedy,epsilon=0.4,153,2.93512547902124,0.05228068604679747,2.882844792974443,2.9874061650680375,3
scale_default,Epsilon_Greedy,epsilon=0.4,154,2.953135640015169,0.06802813637264345,2.8851075036425256,3.0211637763878123,3
scale_default,Epsilon_Greedy,epsilon=0.4,155,2.971558287714051,0.048094645884752506,2.9234636418292985,3.019652933598804,3
scale_default,Epsilon_Greedy,epsilon=0.4,156,2.975505663658439,0.0474058955862501,2.928099768072189,3.022911559244689,3
scale_default,Epsilon_Greedy,epsilon=0.4,157,2.991660003233662,0.06370559308078454,2.9279544101528776,3.055365596314447,3
scale_default,Epsilon_Greedy,epsilon=0.4,158,3.007540590772899,0.06888347452120996,2.9386571162516892,3.076424065294109,3
scale_default,Epsilon_Greedy,epsilon=0.4,159,3.012228488324966,0.0740926495627481,2.938135838762218,3.0863211378877144,3
scale_default,Epsilon_Greedy,epsilon=0.4,160,3.0296574246350825,0.06742481952496482,2.9622326051101178,3.097082244160047,3
scale_default,Epsilon_Greedy,epsilon=0.4,161,3.0578685973737283,0.07680070733074941,2.981067890042979,3.134669304704478,3
scale_default,Epsilon_Greedy,epsilon=0.4,162,3.0604698503132632,0.07858605395058282,2.9818837963626805,3.139055904263846,3
scale_default,Epsilon_Greedy,epsilon=0.4,163,3.082958566951227,0.09400606153578968,2.9889525054154373,3.1769646284870166,3
scale_default,Epsilon_Greedy,epsilon=0.4,164,3.088319847101284,0.09864217483509725,2.9896776722661866,3.1869620219363815,3
scale_default,Epsilon_Greedy,epsilon=0.4,165,3.1082757496406295,0.07134252603848573,3.036933223602144,3.179618275679115,3
scale_default,Epsilon_Greedy,epsilon=0.4,166,3.115243515657779,0.0775723886194488,3.0376711270383305,3.1928159042772277,3
scale_default,Epsilon_Greedy,epsilon=0.4,167,3.1163698041023586,0.07844407558358381,3.0379257285187746,3.1948138796859427,3
scale_default,Epsilon_Greedy,epsilon=0.4,168,3.147190342732594,0.041044844546967794,3.1061454981856262,3.188235187279562,3
scale_default,Epsilon_Greedy,epsilon=0.4,169,3.1767271058577613,0.07978186714620174,3.0969452387115597,3.256508973003963,3
scale_default,Epsilon_Greedy,epsilon=0.4,170,3.222733878436476,0.09497778196772681,3.127756096468749,3.3177116604042025,3
scale_default,Epsilon_Greedy,epsilon=0.4,171,3.263111504363234,0.030152982463519384,3.2329585218997146,3.2932644868267538,3
scale_default,Epsilon_Greedy,epsilon=0.4,172,3.2871556526594534,0.02410120686022489,3.2630544457992285,3.3112568595196783,3
scale_default,Epsilon_Greedy,epsilon=0.4,173,3.2897512293485036,0.02129160124543759,3.268459628103066,3.311042830593941,3
scale_default,Epsilon_Greedy,epsilon=0.4,174,3.290669345031119,0.02284806809133977,3.267821276939779,3.313517413122459,3
scale_default,Epsilon_Greedy,epsilon=0.4,175,3.3112292345196948,0.02493080242555069,3.286298432094144,3.3361600369452455,3
scale_default,Epsilon_Greedy,epsilon=0.4,176,3.3172249867231343,0.031117985693943168,3.2861070010291913,3.3483429724170772,3
scale_default,Epsilon_Greedy,epsilon=0.4,177,3.330252288510527,0.028286402840183356,3.3019658856703433,3.3585386913507103,3
scale_default,Epsilon_Greedy,epsilon=0.4,178,3.339550005477111,0.03544177921712507,3.3041082262599857,3.374991784694236,3
scale_default,Epsilon_Greedy,epsilon=0.4,179,3.3501901224272266,0.029922216121434107,3.3202679063057925,3.3801123385486607,3
scale_default,Epsilon_Greedy,epsilon=0.4,180,3.3852642683593004,0.009188333028429713,3.3760759353308707,3.39445260138773,3
scale_default,Epsilon_Greedy,epsilon=0.4,181,3.4016974049407778,0.020796518227492865,3.380900886713285,3.4224939231682705,3
scale_default,Epsilon_Greedy,epsilon=0.4,182,3.438555678355469,0.05530109405567387,3.383254584299795,3.493856772411143,3
scale_default,Epsilon_Greedy,epsilon=0.4,183,3.450060313098421,0.05760400213667633,3.392456310961745,3.5076643152350973,3
scale_default,Epsilon_Greedy,epsilon=0.4,184,3.4594380600907453,0.04838844545541868,3.4110496146353264,3.507826505546164,3
scale_default,Epsilon_Greedy,epsilon=0.4,185,3.5020613024746337,0.02826389542615307,3.4737974070484805,3.530325197900787,3
scale_default,Epsilon_Greedy,epsilon=0.4,186,3.513778170743267,0.03338482522813088,3.480393345515136,3.547162995971398,3
scale_default,Epsilon_Greedy,epsilon=0.4,187,3.531861511398839,0.008860454257103061,3.523001057141736,3.540721965655942,3
scale_default,Epsilon_Greedy,epsilon=0.4,188,3.5397274636567073,0.009035520187900154,3.530691943468807,3.5487629838446075,3
scale_default,Epsilon_Greedy,epsilon=0.4,189,3.5456085738833907,0.010659203898223401,3.534949369985167,3.5562677777816143,3
scale_default,Epsilon_Greedy,epsilon=0.4,190,3.5480229177264953,0.011651808030785362,3.53637110969571,3.5596747257572807,3
scale_default,Epsilon_Greedy,epsilon=0.4,191,3.558985042610965,0.011928854249041556,3.5470561883619234,3.5709138968600063,3
scale_default,Epsilon_Greedy,epsilon=0.4,192,3.5762316587322585,0.03446895503019856,3.54176270370206,3.610700613762457,3
scale_default,Epsilon_Greedy,epsilon=0.4,193,3.591690532511068,0.038669205133943264,3.5530213273771247,3.630359737645011,3
scale_default,Epsilon_Greedy,epsilon=0.4,194,3.6155993779070106,0.05971292161379066,3.5558864562932198,3.6753122995208014,3
scale_default,Epsilon_Greedy,epsilon=0.4,195,3.6301853101062433,0.059048096455284124,3.5711372136509594,3.6892334065615273,3
scale_default,Epsilon_Greedy,epsilon=0.4,196,3.6417443292402134,0.06584575198731615,3.575898577252897,3.7075900812275298,3
scale_default,Epsilon_Greedy,epsilon=0.4,197,3.665424543270667,0.0765046657975312,3.5889198774731357,3.741929209068198,3
scale_default,Epsilon_Greedy,epsilon=0.4,198,3.6725034952611773,0.08258138893615176,3.5899221063250253,3.755084884197329,3
scale_default,Epsilon_Greedy,epsilon=0.4,199,3.6866183284245246,0.08672036158358025,3.5998979668409445,3.7733386900081047,3
scale_default,Epsilon_Greedy,epsilon=0.4,200,3.8603299807416014,0.14355318018618618,3.716776800555415,4.003883160927788,3
scale_default,Epsilon_Greedy,epsilon=0.4,201,4.031176191923418,0.13398833517518435,3.8971878567482334,4.165164527098602,3
scale_default,Epsilon_Greedy,epsilon=0.4,202,4.114226578402776,0.21955045876250134,3.8946761196402746,4.3337770371652775,3
scale_default,Epsilon_Greedy,epsilon=0.4,203,4.1874631000498335,0.2420454384974039,3.9454176615524297,4.429508538547237,3
scale_default,Epsilon_Greedy,epsilon=0.4,204,4.3264024025653205,0.18545167371479326,4.140950728850528,4.511854076280113,3
scale_default,Epsilon_Greedy,epsilon=0.4,205,4.454904614038625,0.16202227062606245,4.292882343412563,4.616926884664688,3
scale_default,Epsilon_Greedy,epsilon=0.4,206,4.709339170483777,0.3979680155142968,4.31137115496948,5.107307185998074,3
scale_default,Epsilon_Greedy,epsilon=0.4,207,4.89988326322512,0.3833123312317209,4.516570931993399,5.283195594456841,3
scale_default,Epsilon_Greedy,epsilon=0.4,208,5.012082486788049,0.46096523131528566,4.5511172554727635,5.473047718103335,3
scale_default,Epsilon_Greedy,epsilon=0.4,209,5.217665074975991,0.6520093865952035,4.5656556883807875,5.869674461571194,3
scale_default,Epsilon_Greedy,epsilon=0.4,210,5.351464015089992,0.5992425689647058,4.7522214461252865,5.950706584054698,3
scale_default,Epsilon_Greedy,epsilon=0.4,211,5.530891019447114,0.43778892026569216,5.093102099181421,5.968679939712806,3
scale_default,Epsilon_Greedy,epsilon=0.4,212,5.708431948371174,0.353826833318983,5.35460511505219,6.062258781690157,3
scale_default,Epsilon_Greedy,epsilon=0.4,213,5.838422679129525,0.4625870798543853,5.375835599275139,6.30100975898391,3
scale_default,Epsilon_Greedy,epsilon=0.4,214,6.042354069020611,0.3407106407899507,5.7016434282306605,6.3830647098105615,3
scale_default,Epsilon_Greedy,epsilon=0.4,215,6.174316210115447,0.4042895978633762,5.770026612252071,6.578605807978823,3
scale_default,Epsilon_Greedy,epsilon=0.4,216,6.611643019831445,0.6288423428541338,5.982800676977311,7.240485362685579,3
scale_default,Epsilon_Greedy,epsilon=0.4,217,6.925035458946568,0.6335374592669902,6.291497999679578,7.558572918213558,3
scale_default,Epsilon_Greedy,epsilon=0.4,218,7.222214656929059,0.7041054696569291,6.518109187272129,7.926320126585988,3
scale_default,Epsilon_Greedy,epsilon=0.4,219,7.368939394868375,0.7334581145583996,6.635481280309975,8.102397509426774,3
scale_default,Epsilon_Greedy,epsilon=0.4,220,7.5059893261594235,0.6065668059311248,6.899422520228299,8.112556132090548,3
scale_default,Epsilon_Greedy,epsilon=0.4,221,7.59158206814881,0.6312323295886013,6.960349738560208,8.22281439773741,3
scale_default,Epsilon_Greedy,epsilon=0.4,222,7.768218111752376,0.6658863485799693,7.1023317631724066,8.434104460332346,3
scale_default,Epsilon_Greedy,epsilon=0.4,223,7.853098828256719,0.6973528633644173,7.1557459648923025,8.550451691621136,3
scale_default,Epsilon_Greedy,epsilon=0.4,224,8.014229740946169,0.5914631098793292,7.42276663106684,8.605692850825498,3
scale_default,Epsilon_Greedy,epsilon=0.4,225,8.41471266201341,0.9063311951161137,7.508381466897296,9.321043857129522,3
scale_default,Epsilon_Greedy,epsilon=0.4,226,8.580205037475954,0.9615208802796574,7.618684157196297,9.541725917755612,3
scale_default,Epsilon_Greedy,epsilon=0.4,227,8.704939498293419,1.066650094122508,7.63828940417091,9.771589592415927,3
scale_default,Epsilon_Greedy,epsilon=0.4,228,8.982587623782573,1.1032762566965382,7.879311367086035,10.085863880479112,3
scale_default,Epsilon_Greedy,epsilon=0.4,229,9.178319278120194,1.1338996950732918,8.044419583046903,10.312218973193485,3
scale_default,Epsilon_Greedy,epsilon=0.4,230,9.344575805298616,1.2743027204408621,8.070273084857753,10.618878525739479,3
scale_default,Epsilon_Greedy,epsilon=0.4,231,9.5126658005982,1.1609379876329342,8.351727812965265,10.673603788231134,3
scale_default,Epsilon_Greedy,epsilon=0.4,232,9.703685174427433,1.119034249520449,8.584650924906983,10.822719423947882,3
scale_default,Epsilon_Greedy,epsilon=0.4,233,9.828147936768902,1.1507696971871495,8.677378239581753,10.978917633956051,3
scale_default,Epsilon_Greedy,epsilon=0.4,234,10.009476471452503,1.198951601098098,8.810524870354405,11.208428072550602,3
scale_default,Epsilon_Greedy,epsilon=0.4,235,10.152126113381634,1.3176383134158633,8.834487799965771,11.469764426797497,3
scale_default,Epsilon_Greedy,epsilon=0.4,236,10.278555021868124,1.2057874335174061,9.072767588350718,11.48434245538553,3
scale_default,Epsilon_Greedy,epsilon=0.4,237,10.403654918043088,1.279492496654339,9.12416242138875,11.683147414697427,3
scale_default,Epsilon_Greedy,epsilon=0.4,238,10.460473425071525,1.2572526376470752,9.20322078742445,11.7177260627186,3
scale_default,Epsilon_Greedy,epsilon=0.4,239,10.643989114289036,1.1924584965265872,9.45153061776245,11.836447610815624,3
scale_default,Epsilon_Greedy,epsilon=0.4,240,10.869210439214134,1.169437033866626,9.699773405347509,12.03864747308076,3
scale_default,Epsilon_Greedy,epsilon=0.4,241,10.963580824346394,1.1598397894434733,9.80374103490292,12.123420613789868,3
scale_default,Epsilon_Greedy,epsilon=0.4,242,11.048459247741256,1.206670241614612,9.841789006126644,12.255129489355868,3
scale_default,Epsilon_Greedy,epsilon=0.4,243,11.174868712712284,1.334062459904844,9.84080625280744,12.508931172617128,3
scale_default,Epsilon_Greedy,epsilon=0.4,244,11.359873939502561,1.2909531124950568,10.068920827007505,12.650827051997618,3
scale_default,Epsilon_Greedy,epsilon=0.4,245,11.45398760290813,1.2935654778362153,10.160422125071914,12.747553080744346,3
scale_default,Epsilon_Greedy,epsilon=0.4,246,11.64329173388685,1.3776201339873455,10.265671599899504,13.020911867874196,3
scale_default,Epsilon_Greedy,epsilon=0.4,247,11.698699341983437,1.310413857363999,10.388285484619438,13.009113199347436,3
scale_default,Epsilon_Greedy,epsilon=0.4,248,11.825568866893539,1.335337860402154,10.490231006491385,13.160906727295693,3
scale_default,Epsilon_Greedy,epsilon=0.4,249,12.031327285779566,1.364452071725091,10.666875214054475,13.395779357504658,3
scale_default,Epsilon_Greedy,epsilon=0.4,250,12.259519379728365,1.5119138809446013,10.747605498783765,13.771433260672966,3
scale_default,Epsilon_Greedy,epsilon=0.4,251,12.403102080620243,1.6805794426933378,10.722522637926906,14.083681523313581,3
scale_default,Epsilon_Greedy,epsilon=0.4,252,12.560791546808295,1.7949211051029033,10.765870441705392,14.355712651911197,3
scale_default,Epsilon_Greedy,epsilon=0.4,253,12.686440745145228,1.8611461485209297,10.825294596624298,14.547586893666159,3
scale_default,Epsilon_Greedy,epsilon=0.4,254,12.906909158209638,1.843832496948169,11.06307666126147,14.750741655157807,3
scale_default,Epsilon_Greedy,epsilon=0.4,255,13.082455037480685,1.963963928647609,11.118491108833076,15.046418966128293,3
scale_default,Epsilon_Greedy,epsilon=0.4,256,13.228000738980619,1.8830444911776827,11.344956247802935,15.111045230158302,3
scale_default,Epsilon_Greedy,epsilon=0.4,257,13.493865267287125,1.7527715084933961,11.74109375879373,15.246636775780521,3
scale_default,Epsilon_Greedy,epsilon=0.4,258,13.666355415471656,1.774500101589925,11.891855313881731,15.440855517061582,3
scale_default,Epsilon_Greedy,epsilon=0.4,259,13.798309182753961,1.9020315074650787,11.896277675288882,15.70034069021904,3
scale_default,Epsilon_Greedy,epsilon=0.4,260,13.94519018320453,1.8793860218923435,12.065804161312187,15.824576205096875,3
scale_default,Epsilon_Greedy,epsilon=0.4,261,14.095353797655465,1.988046088695008,12.107307708960457,16.083399886350474,3
scale_default,Epsilon_Greedy,epsilon=0.4,262,14.186131247878487,1.9945038186482698,12.191627429230218,16.180635066526758,3
scale_default,Epsilon_Greedy,epsilon=0.4,263,14.349929658401559,1.9477451703083377,12.402184488093221,16.297674828709898,3
scale_default,Epsilon_Greedy,epsilon=0.4,264,14.528335154531739,1.9199488269315523,12.608386327600186,16.44828398146329,3
scale_default,Epsilon_Greedy,epsilon=0.4,265,14.671603204234103,1.8409116433840593,12.830691560850044,16.512514847618164,3
scale_default,Epsilon_Greedy,epsilon=0.4,266,14.907287524296436,1.7289618501912292,13.178325674105206,16.636249374487665,3
scale_default,Epsilon_Greedy,epsilon=0.4,267,14.975963484239415,1.8126334916554563,13.163329992583959,16.788596975894873,3
scale_default,Epsilon_Greedy,epsilon=0.4,268,15.18906581247555,1.858187187439914,13.330878625035636,17.047252999915464,3
scale_default,Epsilon_Greedy,epsilon=0.4,269,15.517701337880432,2.166799475949028,13.350901861931405,17.68450081382946,3
scale_default,Epsilon_Greedy,epsilon=0.4,270,15.627638427810533,2.192100615384921,13.435537812425611,17.819739043195455,3
scale_default,Epsilon_Greedy,epsilon=0.4,271,15.838814970846798,2.2567580040521182,13.58205696679468,18.095572974898914,3
scale_default,Epsilon_Greedy,epsilon=0.4,272,16.006087527093353,2.12283508020321,13.883252446890143,18.128922607296563,3
scale_default,Epsilon_Greedy,epsilon=0.4,273,16.191194363774905,2.1658552868204786,14.025339076954426,18.357049650595382,3
scale_default,Epsilon_Greedy,epsilon=0.4,274,16.332563651734915,2.172983902172827,14.159579749562088,18.505547553907743,3
scale_default,Epsilon_Greedy,epsilon=0.4,275,16.52840867834524,2.24273279573832,14.28567588260692,18.77114147408356,3
scale_default,Epsilon_Greedy,epsilon=0.4,276,16.655426397837363,2.266451267872302,14.388975129965061,18.921877665709665,3
scale_default,Epsilon_Greedy,epsilon=0.4,277,16.94573772540663,2.268142381660023,14.677595343746606,19.213880107066654,3
scale_default,Epsilon_Greedy,epsilon=0.4,278,17.047794344160213,2.27340482383367,14.774389520326544,19.321199167993882,3
scale_default,Epsilon_Greedy,epsilon=0.4,279,17.167791542153818,2.3053152276735447,14.862476314480274,19.473106769827364,3
scale_default,Epsilon_Greedy,epsilon=0.4,280,17.32823316881539,2.226577826618611,15.10165534219678,19.554810995434003,3
scale_default,Epsilon_Greedy,epsilon=0.4,281,17.340734124587012,2.230821562363718,15.109912562223293,19.57155568695073,3
scale_default,Epsilon_Greedy,epsilon=0.4,282,17.438480167473816,2.213494732202605,15.224985435271211,19.65197489967642,3
scale_default,Epsilon_Greedy,epsilon=0.4,283,17.486439156428087,2.2195252703230794,15.266913886105009,19.705964426751166,3
scale_default,Epsilon_Greedy,epsilon=0.4,284,17.77421647914987,2.168446839024408,15.605769640125462,19.94266331817428,3
scale_default,Epsilon_Greedy,epsilon=0.4,285,17.85842117544547,2.139146628362181,15.719274547083291,19.99756780380765,3
scale_default,Epsilon_Greedy,epsilon=0.4,286,18.05228797310836,2.3270936389153536,15.725194334193006,20.379381612023714,3
scale_default,Epsilon_Greedy,epsilon=0.4,287,18.246178002160022,2.3406180440707907,15.905559958089231,20.586796046230813,3
scale_default,Epsilon_Greedy,epsilon=0.4,288,18.398706633944585,2.2775122899569955,16.12119434398759,20.67621892390158,3
scale_default,Epsilon_Greedy,epsilon=0.4,289,18.462630927989135,2.272893148107482,16.189737779881654,20.735524076096617,3
scale_default,Epsilon_Greedy,epsilon=0.4,290,18.579267640923398,2.394018836238714,16.185248804684683,20.973286477162112,3
scale_default,Epsilon_Greedy,epsilon=0.4,291,18.722722105468147,2.5366788388926422,16.186043266575506,21.259400944360788,3
scale_default,Epsilon_Greedy,epsilon=0.4,292,18.86396652483752,2.5002287777656154,16.3637377470719,21.364195302603136,3
scale_default,Epsilon_Greedy,epsilon=0.4,293,18.995260725965043,2.511582202622344,16.4836785233427,21.506842928587385,3
scale_default,Epsilon_Greedy,epsilon=0.4,294,19.198103184546408,2.423917808485193,16.774185376061215,21.6220209930316,3
scale_default,Epsilon_Greedy,epsilon=0.4,295,19.33242375409046,2.326160351006737,17.00626340308372,21.658584105097198,3
scale_default,Epsilon_Greedy,epsilon=0.4,296,19.618955692299405,2.292540184606267,17.326415507693138,21.911495876905672,3
scale_default,Epsilon_Greedy,epsilon=0.4,297,19.746329511858676,2.415428356431808,17.33090115542687,22.161757868290483,3
scale_default,Epsilon_Greedy,epsilon=0.4,298,19.914156304804226,2.2535205265788165,17.66063577822541,22.167676831383044,3
scale_default,Epsilon_Greedy,epsilon=0.4,299,20.04409257040243,2.1419988661122984,17.90209370429013,22.18609143651473,3
scale_default,Epsilon_Greedy,epsilon=0.4,300,20.117028172021907,2.190828582501851,17.926199589520056,22.30785675452376,3
scale_default,Epsilon_Greedy,epsilon=0.4,301,20.350167967698372,2.027368184668783,18.322799783029588,22.377536152367156,3
scale_default,Epsilon_Greedy,epsilon=0.4,302,20.448848776753323,2.007960347476073,18.44088842927725,22.456809124229395,3
scale_default,Epsilon_Greedy,epsilon=0.4,303,20.560244566554577,1.9377196650675637,18.62252490148701,22.49796423162214,3
scale_default,Epsilon_Greedy,epsilon=0.4,304,20.792174575464028,1.8256977753721233,18.966476800091904,22.61787235083615,3
scale_default,Epsilon_Greedy,epsilon=0.4,305,20.99320434218731,1.8480155383113526,19.145188803875957,22.84121988049866,3
scale_default,Epsilon_Greedy,epsilon=0.4,306,21.290122205289048,1.7339913640969566,19.556130841192093,23.024113569386003,3
scale_default,Epsilon_Greedy,epsilon=0.4,307,21.40045166866365,1.6709376682183898,19.72951400044526,23.07138933688204,3
scale_default,Epsilon_Greedy,epsilon=0.4,308,21.523392860869194,1.6445819606167218,19.87881090025247,23.167974821485917,3
scale_default,Epsilon_Greedy,epsilon=0.4,309,21.678514047136087,1.7944474605327254,19.88406658660336,23.472961507668813,3
scale_default,Epsilon_Greedy,epsilon=0.4,310,21.871666568781233,1.764565778160397,20.107100790620837,23.63623234694163,3
scale_default,Epsilon_Greedy,epsilon=0.4,311,22.17177200822329,2.0272487560202266,20.14452325220306,24.199020764243517,3
scale_default,Epsilon_Greedy,epsilon=0.4,312,22.37069170397821,1.863456375795827,20.507235328182382,24.234148079774037,3
scale_default,Epsilon_Greedy,epsilon=0.4,313,22.47471408740293,1.829934930732066,20.644779156670864,24.304649018134995,3
scale_default,Epsilon_Greedy,epsilon=0.4,314,22.625923126727,1.891006241834889,20.734916884892108,24.51692936856189,3
scale_default,Epsilon_Greedy,epsilon=0.4,315,22.768753228078836,1.7999337840201726,20.968819444058663,24.56868701209901,3
scale_default,Epsilon_Greedy,epsilon=0.4,316,22.9501238964489,1.6628100445283747,21.287313851920526,24.612933940977275,3
scale_default,Epsilon_Greedy,epsilon=0.4,317,23.014282127281337,1.734015031905749,21.28026709537559,24.748297159187086,3
scale_default,Epsilon_Greedy,epsilon=0.4,318,23.166156207594483,1.7689017263933087,21.397254481201173,24.935057933987792,3
scale_default,Epsilon_Greedy,epsilon=0.4,319,23.346607216222427,1.7389586966185107,21.607648519603917,25.085565912840938,3
scale_default,Epsilon_Greedy,epsilon=0.4,320,23.476701395943298,1.7546138326687408,21.722087563274556,25.23131522861204,3
scale_default,Epsilon_Greedy,epsilon=0.4,321,23.72701860990325,1.7919550022996984,21.935063607603553,25.51897361220295,3
scale_default,Epsilon_Greedy,epsilon=0.4,322,23.95342460531911,1.59600260406696,22.35742200125215,25.54942720938607,3
scale_default,Epsilon_Greedy,epsilon=0.4,323,24.007731509222353,1.6219559485866726,22.38577556063568,25.629687457809027,3
scale_default,Epsilon_Greedy,epsilon=0.4,324,24.321103429312682,1.9874162012013545,22.333687228111327,26.308519630514038,3
scale_default,Epsilon_Greedy,epsilon=0.4,325,24.450333175720345,2.0537147890671257,22.39661838665322,26.50404796478747,3
scale_default,Epsilon_Greedy,epsilon=0.4,326,24.645413889383878,1.9650823430984603,22.68033154628542,26.610496232482337,3
scale_default,Epsilon_Greedy,epsilon=0.4,327,24.76434037878845,1.940362329565464,22.823978049222987,26.704702708353913,3
scale_default,Epsilon_Greedy,epsilon=0.4,328,24.88864771694722,1.9891113593303313,22.89953635761689,26.87775907627755,3
scale_default,Epsilon_Greedy,epsilon=0.4,329,25.043979756858516,2.160287707673687,22.88369204918483,27.2042674645322,3
scale_default,Epsilon_Greedy,epsilon=0.4,330,25.182343649942553,2.045241623738399,23.137102026204154,27.22758527368095,3
scale_default,Epsilon_Greedy,epsilon=0.4,331,25.350670895928985,1.9752904309588828,23.375380464970103,27.325961326887867,3
scale_default,Epsilon_Greedy,epsilon=0.4,332,25.472324632754077,2.0811459620298645,23.391178670724212,27.553470594783942,3
scale_default,Epsilon_Greedy,epsilon=0.4,333,25.62631195451695,2.1070249998755655,23.519286954641384,27.733336954392517,3
scale_default,Epsilon_Greedy,epsilon=0.4,334,25.78341879087203,2.1007048904907113,23.68271390038132,27.88412368136274,3
scale_default,Epsilon_Greedy,epsilon=0.4,335,25.884734560493524,2.1820272110563623,23.702707349437162,28.066761771549885,3
scale_default,Epsilon_Greedy,epsilon=0.4,336,25.970474633250728,2.231736411581936,23.738738221668793,28.202211044832662,3
scale_default,Epsilon_Greedy,epsilon=0.4,337,26.11934579740588,2.2814730152268328,23.837872782179048,28.400818812632714,3
scale_default,Epsilon_Greedy,epsilon=0.4,338,26.24477050643019,2.32311625790447,23.92165424852572,28.56788676433466,3
scale_default,Epsilon_Greedy,epsilon=0.4,339,26.462562719136056,2.376134362319078,24.086428356816977,28.838697081455134,3
scale_default,Epsilon_Greedy,epsilon=0.4,340,26.635944822973297,2.2529418965229095,24.383002926450388,28.888886719496206,3
scale_default,Epsilon_Greedy,epsilon=0.4,341,26.807419963534755,2.3104804543255244,24.49693950920923,29.11790041786028,3
scale_default,Epsilon_Greedy,epsilon=0.4,342,27.05119551480426,2.3036010209611564,24.747594493843103,29.354796535765416,3
scale_default,Epsilon_Greedy,epsilon=0.4,343,27.150326972487232,2.2258507408305603,24.924476231656673,29.37617771331779,3
scale_default,Epsilon_Greedy,epsilon=0.4,344,27.24923579239459,2.199145948747535,25.050089843647054,29.448381741142125,3
scale_default,Epsilon_Greedy,epsilon=0.4,345,27.350167759606535,2.2494106089162473,25.10075715069029,29.59957836852278,3
scale_default,Epsilon_Greedy,epsilon=0.4,346,27.402492984867493,2.216958481220377,25.185534503647116,29.61945146608787,3
scale_default,Epsilon_Greedy,epsilon=0.4,347,27.565938303189963,2.2163935872322797,25.349544715957684,29.782331890422242,3
scale_default,Epsilon_Greedy,epsilon=0.4,348,27.829702609924112,2.334146697023647,25.495555912900464,30.16384930694776,3
scale_default,Epsilon_Greedy,epsilon=0.4,349,27.926056747892602,2.4211208163916313,25.50493593150097,30.347177564284234,3
scale_default,Epsilon_Greedy,epsilon=0.4,350,28.054541361470474,2.3609660022155388,25.693575359254936,30.41550736368601,3
scale_default,Epsilon_Greedy,epsilon=0.4,351,28.105668312707078,2.315359370532811,25.790308942174267,30.42102768323989,3
scale_default,Epsilon_Greedy,epsilon=0.4,352,28.284360314303274,2.3447048903055623,25.939655423997714,30.629065204608835,3
scale_default,Epsilon_Greedy,epsilon=0.4,353,28.532321291893723,2.474563180179523,26.0577581117142,31.006884472073246,3
scale_default,Epsilon_Greedy,epsilon=0.4,354,28.76648868258488,2.3678400593888926,26.398648623195985,31.13432874197377,3
scale_default,Epsilon_Greedy,epsilon=0.4,355,28.871033346007227,2.3466871362196633,26.524346209787563,31.21772048222689,3
scale_default,Epsilon_Greedy,epsilon=0.4,356,29.187949313647877,2.5034916059347903,26.684457707713086,31.691440919582668,3
scale_default,Epsilon_Greedy,epsilon=0.4,357,29.34995385147647,2.5094016902020475,26.840552161274424,31.859355541678518,3
scale_default,Epsilon_Greedy,epsilon=0.4,358,29.67307110352662,2.4035938718368035,27.269477231689816,32.07666497536342,3
scale_default,Epsilon_Greedy,epsilon=0.4,359,29.81400177899582,2.2819625402804355,27.532039238715384,32.095964319276256,3
scale_default,Epsilon_Greedy,epsilon=0.4,360,29.984384365494872,2.361777402388155,27.62260696310672,32.346161767883025,3
scale_default,Epsilon_Greedy,epsilon=0.4,361,30.023209489899546,2.3326098649534526,27.690599624946096,32.355819354853,3
scale_default,Epsilon_Greedy,epsilon=0.4,362,30.163226045209637,2.296302720588418,27.86692332462122,32.459528765798055,3
scale_default,Epsilon_Greedy,epsilon=0.4,363,30.269106172867378,2.3519971725808504,27.917109000286526,32.621103345448226,3
scale_default,Epsilon_Greedy,epsilon=0.4,364,30.44586392356831,2.23170176490143,28.21416215866688,32.67756568846974,3
scale_default,Epsilon_Greedy,epsilon=0.4,365,30.6373848790098,2.276693877170958,28.360691001838845,32.91407875618076,3
scale_default,Epsilon_Greedy,epsilon=0.4,366,30.90378165716922,2.1539789849358035,28.749802672233415,33.05776064210502,3
scale_default,Epsilon_Greedy,epsilon=0.4,367,31.072246437412048,2.173086317298466,28.89916012011358,33.24533275471051,3
scale_default,Epsilon_Greedy,epsilon=0.4,368,31.355609609338316,1.9925432056371601,29.363066403701154,33.34815281497548,3
scale_default,Epsilon_Greedy,epsilon=0.4,369,31.539968113128733,1.8328883728475511,29.70707974028118,33.372856485976286,3
scale_default,Epsilon_Greedy,epsilon=0.4,370,31.652955908815255,1.9844916493406886,29.668464259474565,33.63744755815594,3
scale_default,Epsilon_Greedy,epsilon=0.4,371,31.95456019109669,1.9934631586957328,29.961097032400957,33.94802334979242,3
scale_default,Epsilon_Greedy,epsilon=0.4,372,32.02372628209306,1.997571630069079,30.02615465202398,34.02129791216214,3
scale_default,Epsilon_Greedy,epsilon=0.4,373,32.11736177781833,1.9827729527881146,30.134588825030217,34.10013473060645,3
scale_default,Epsilon_Greedy,epsilon=0.4,374,32.301116848918085,2.060206014552567,30.24091083436552,34.361322863470654,3
scale_default,Epsilon_Greedy,epsilon=0.4,375,32.56828072468718,2.119353480006196,30.44892724468098,34.687634204693374,3
scale_default,Epsilon_Greedy,epsilon=0.4,376,32.723833621960885,2.21849282325157,30.505340798709316,34.94232644521246,3
scale_default,Epsilon_Greedy,epsilon=0.4,377,32.812268355484164,2.169979749698452,30.642288605785712,34.98224810518261,3
scale_default,Epsilon_Greedy,epsilon=0.4,378,32.9483351822693,2.1505290653586666,30.79780611691063,35.098864247627965,3
scale_default,Epsilon_Greedy,epsilon=0.4,379,33.25392671386583,1.9745131198325518,31.27941359403328,35.22843983369838,3
scale_default,Epsilon_Greedy,epsilon=0.4,380,33.431342188548236,1.9050055362992713,31.526336652248965,35.336347724847506,3
scale_default,Epsilon_Greedy,epsilon=0.4,381,33.71198949250632,1.8457261504113756,31.866263342094943,35.55771564291769,3
scale_default,Epsilon_Greedy,epsilon=0.4,382,33.82142782376791,1.8506279807809891,31.970799842986924,35.672055804548904,3
scale_default,Epsilon_Greedy,epsilon=0.4,383,33.907473179941874,1.792233691402122,32.11523948853975,35.699706871344,3
scale_default,Epsilon_Greedy,epsilon=0.4,384,34.02102705038656,1.9102533593508055,32.11077369103575,35.93128040973736,3
scale_default,Epsilon_Greedy,epsilon=0.4,385,34.17553949940214,1.9644568880258464,32.2110826113763,36.139996387427985,3
scale_default,Epsilon_Greedy,epsilon=0.4,386,34.33242165954612,1.8580972979075916,32.47432436163853,36.19051895745371,3
scale_default,Epsilon_Greedy,epsilon=0.4,387,34.52175243903539,1.838162181655574,32.68359025737981,36.359914620690965,3
scale_default,Epsilon_Greedy,epsilon=0.4,388,34.664335748218384,1.7146717064532453,32.94966404176514,36.37900745467163,3
scale_default,Epsilon_Greedy,epsilon=0.4,389,34.9481152953118,1.7144491985434906,33.23366609676831,36.66256449385529,3
scale_default,Epsilon_Greedy,epsilon=0.4,390,35.02994442791981,1.6799069688660853,33.35003745905372,36.70985139678589,3
scale_default,Epsilon_Greedy,epsilon=0.4,391,35.2864922456257,1.6693284335539003,33.6171638120718,36.9558206791796,3
scale_default,Epsilon_Greedy,epsilon=0.4,392,35.42606210212719,1.6288960047960068,33.797166097331186,37.054958106923195,3
scale_default,Epsilon_Greedy,epsilon=0.4,393,35.60447872861213,1.6631803573897912,33.94129837122234,37.26765908600192,3
scale_default,Epsilon_Greedy,epsilon=0.4,394,35.86689049527582,1.9816518937218717,33.885238601553944,37.84854238899769,3
scale_default,Epsilon_Greedy,epsilon=0.4,395,35.96106238664574,1.9049675860952,34.05609480055054,37.86602997274095,3
scale_default,Epsilon_Greedy,epsilon=0.4,396,36.08875105305463,1.836725380436193,34.25202567261844,37.92547643349082,3
scale_default,Epsilon_Greedy,epsilon=0.4,397,36.19145578815921,1.856020506531277,34.33543528162793,38.04747629469049,3
scale_default,Epsilon_Greedy,epsilon=0.4,398,36.389488173197854,1.8550646097334096,34.53442356346444,38.244552782931265,3
scale_default,Epsilon_Greedy,epsilon=0.4,399,36.548938057131856,1.8834858898391482,34.665452167292706,38.43242394697101,3
scale_default,Epsilon_Greedy,epsilon=0.4,400,36.80178464278234,1.9755876478132748,34.82619699496906,38.777372290595615,3
scale_default,Epsilon_Greedy,epsilon=0.4,401,36.99991108353212,2.0550934813911224,34.94481760214099,39.055004564923244,3
scale_default,Epsilon_Greedy,epsilon=0.4,402,37.18482584856212,2.172066078578462,35.01275976998366,39.35689192714058,3
scale_default,Epsilon_Greedy,epsilon=0.4,403,37.47408235659592,2.3986500107214157,35.0754323458745,39.87273236731734,3
scale_default,Epsilon_Greedy,epsilon=0.4,404,37.721345545517835,2.2850929580449235,35.436252587472914,40.006438503562755,3
scale_default,Epsilon_Greedy,epsilon=0.4,405,37.92221566846811,2.3424651473084808,35.57975052115963,40.26468081577659,3
scale_default,Epsilon_Greedy,epsilon=0.4,406,38.0409675463811,2.2562433288670345,35.78472421751406,40.29721087524813,3
scale_default,Epsilon_Greedy,epsilon=0.4,407,38.25753952568049,2.21665105397553,36.04088847170496,40.474190579656025,3
scale_default,Epsilon_Greedy,epsilon=0.4,408,38.36078765451088,2.3550585759403093,36.00572907857057,40.71584623045119,3
scale_default,Epsilon_Greedy,epsilon=0.4,409,38.4843145872152,2.3126994603187643,36.17161512689644,40.79701404753396,3
scale_default,Epsilon_Greedy,epsilon=0.4,410,38.778271973202976,2.368917097921641,36.40935487528134,41.147189071124615,3
scale_default,Epsilon_Greedy,epsilon=0.4,411,38.852789482285495,2.3031849797249055,36.54960450256059,41.1559744620104,3
scale_default,Epsilon_Greedy,epsilon=0.4,412,39.02371846779567,2.195901993199694,36.82781647459598,41.21962046099536,3
scale_default,Epsilon_Greedy,epsilon=0.4,413,39.14349965951326,2.1653406863379,36.97815897317536,41.30884034585116,3
scale_default,Epsilon_Greedy,epsilon=0.4,414,39.23742832994741,2.1110338642570627,37.12639446569035,41.34846219420447,3
scale_default,Epsilon_Greedy,epsilon=0.4,415,39.29414644857459,2.1476234653637847,37.1465229832108,41.44176991393837,3
scale_default,Epsilon_Greedy,epsilon=0.4,416,39.485840625340224,2.1338664148138355,37.351974210526386,41.61970704015406,3
scale_default,Epsilon_Greedy,epsilon=0.4,417,39.63874978462879,2.1191739676560104,37.51957581697278,41.7579237522848,3
scale_default,Epsilon_Greedy,epsilon=0.4,418,39.83772052523664,2.2230180172411744,37.61470250799547,42.060738542477814,3
scale_default,Epsilon_Greedy,epsilon=0.4,419,39.97215631009336,2.417368090840921,37.55478821925244,42.389524400934285,3
scale_default,Epsilon_Greedy,epsilon=0.4,420,40.165899521612175,2.3166951399256774,37.8492043816865,42.48259466153785,3
scale_default,Epsilon_Greedy,epsilon=0.4,421,40.32985940810364,2.476028973263558,37.85383043484008,42.8058883813672,3
scale_default,Epsilon_Greedy,epsilon=0.4,422,40.50150930851799,2.7294976230353374,37.77201168548265,43.231006931553324,3
scale_default,Epsilon_Greedy,epsilon=0.4,423,40.75424015569299,2.679854608209005,38.074385547483985,43.434094763901996,3
scale_default,Epsilon_Greedy,epsilon=0.4,424,40.90536764306726,2.670172894336351,38.235194748730905,43.57554053740361,3
scale_default,Epsilon_Greedy,epsilon=0.4,425,41.008022324945124,2.647630652965704,38.36039167197942,43.655652977910826,3
scale_default,Epsilon_Greedy,epsilon=0.4,426,41.320384435015974,2.8229529191219807,38.49743151589399,44.143337354137955,3
scale_default,Epsilon_Greedy,epsilon=0.4,427,41.438649142941784,2.920718316249976,38.51793082669181,44.35936745919176,3
scale_default,Epsilon_Greedy,epsilon=0.4,428,41.58951439926157,2.9728413200770096,38.61667307918456,44.562355719338576,3
scale_default,Epsilon_Greedy,epsilon=0.4,429,41.75481967423573,2.932547961709773,38.82227171252596,44.687367635945506,3
scale_default,Epsilon_Greedy,epsilon=0.4,430,42.138787790844496,2.966141432037325,39.17264635880717,45.10492922288182,3
scale_default,Epsilon_Greedy,epsilon=0.4,431,42.329217662658316,2.895982499272477,39.43323516338584,45.22520016193079,3
scale_default,Epsilon_Greedy,epsilon=0.4,432,42.455340264769966,2.8884663909123387,39.566873873857624,45.34380665568231,3
scale_default,Epsilon_Greedy,epsilon=0.4,433,42.60062049267564,2.888758269489401,39.71186222318624,45.48937876216504,3
scale_default,Epsilon_Greedy,epsilon=0.4,434,42.78582686411378,3.144042680112205,39.64178418400157,45.92986954422599,3
scale_default,Epsilon_Greedy,epsilon=0.4,435,42.98819975083609,3.1181213455857826,39.870078405250304,46.10632109642187,3
scale_default,Epsilon_Greedy,epsilon=0.4,436,43.15476957192559,3.189996594646449,39.96477297727914,46.34476616657204,3
scale_default,Epsilon_Greedy,epsilon=0.4,437,43.41638711264389,3.1150046127130033,40.30138249993089,46.53139172535689,3
scale_default,Epsilon_Greedy,epsilon=0.4,438,43.679950146877445,2.9714524859247193,40.70849766095272,46.65140263280217,3
scale_default,Epsilon_Greedy,epsilon=0.4,439,43.87092075722859,3.0471806676143403,40.82374008961425,46.91810142484293,3
scale_default,Epsilon_Greedy,epsilon=0.4,440,44.02590165311463,3.1155415430718696,40.91036011004276,47.1414431961865,3
scale_default,Epsilon_Greedy,epsilon=0.4,441,44.08419073970126,3.148090965071465,40.936099774629795,47.23228170477273,3
scale_default,Epsilon_Greedy,epsilon=0.4,442,44.23669401999877,3.068976143317831,41.16771787668094,47.305670163316606,3
scale_default,Epsilon_Greedy,epsilon=0.4,443,44.48102806404248,3.117882259429803,41.36314580461268,47.59891032347229,3
scale_default,Epsilon_Greedy,epsilon=0.4,444,44.55761128423213,3.245779887596963,41.31183139663517,47.80339117182909,3
scale_default,Epsilon_Greedy,epsilon=0.4,445,44.64752059110045,3.2114877563697823,41.43603283473067,47.85900834747024,3
scale_default,Epsilon_Greedy,epsilon=0.4,446,44.80537853217444,3.153977400295382,41.651401131879055,47.95935593246982,3
scale_default,Epsilon_Greedy,epsilon=0.4,447,44.936302362166806,3.2112433083284517,41.72505905383836,48.147545670495255,3
scale_default,Epsilon_Greedy,epsilon=0.4,448,45.124771540466355,3.1279284303775063,41.99684311008885,48.252699970843864,3
scale_default,Epsilon_Greedy,epsilon=0.4,449,45.41185749673976,3.20866314949722,42.203194347242544,48.62052064623698,3
scale_default,Epsilon_Greedy,epsilon=0.4,450,45.54782348783704,3.0807786055671893,42.46704488226985,48.62860209340423,3
scale_default,Epsilon_Greedy,epsilon=0.4,451,45.68208745710109,2.9951950625715766,42.686892394529515,48.677282519672666,3
scale_default,Epsilon_Greedy,epsilon=0.4,452,45.79913213524083,2.989887229657499,42.809244905583334,48.78901936489833,3
scale_default,Epsilon_Greedy,epsilon=0.4,453,45.97405193417859,2.9700222232986717,43.00402971087992,48.94407415747726,3
scale_default,Epsilon_Greedy,epsilon=0.4,454,46.059031300137775,2.923354409304283,43.135676890833494,48.982385709442056,3
scale_default,Epsilon_Greedy,epsilon=0.4,455,46.26231274593542,2.774131771307258,43.48818097462816,49.03644451724268,3
scale_default,Epsilon_Greedy,epsilon=0.4,456,46.48754828869779,2.6474520105268913,43.8400962781709,49.13500029922468,3
scale_default,Epsilon_Greedy,epsilon=0.4,457,46.52997955155384,2.6636252277784243,43.86635432377542,49.19360477933227,3
scale_default,Epsilon_Greedy,epsilon=0.4,458,46.72391421683677,2.6695434354693095,44.05437078136746,49.393457652306076,3
scale_default,Epsilon_Greedy,epsilon=0.4,459,46.849186921038836,2.602383521323912,44.24680339971492,49.45157044236275,3
scale_default,Epsilon_Greedy,epsilon=0.4,460,46.9401830282275,2.543877194205246,44.39630583402226,49.484060222432745,3
scale_default,Epsilon_Greedy,epsilon=0.4,461,47.02779705946057,2.531682685696377,44.49611437376419,49.55947974515694,3
scale_default,Epsilon_Greedy,epsilon=0.4,462,47.16197587550054,2.5580549858030626,44.60392088969748,49.7200308613036,3
scale_default,Epsilon_Greedy,epsilon=0.4,463,47.37931826652524,2.6603199191730114,44.718998347352226,50.03963818569825,3
scale_default,Epsilon_Greedy,epsilon=0.4,464,47.399320472888235,2.642993722739543,44.756326750148695,50.042314195627775,3
scale_default,Epsilon_Greedy,epsilon=0.4,465,47.5890951292144,2.6316850006457364,44.95741012856866,50.22078012986014,3
scale_default,Epsilon_Greedy,epsilon=0.4,466,47.7700694021241,2.786533013076029,44.98353638904807,50.55660241520013,3
scale_default,Epsilon_Greedy,epsilon=0.4,467,47.90878128346105,2.6510508734509437,45.25773041001011,50.559832156911995,3
scale_default,Epsilon_Greedy,epsilon=0.4,468,48.041477730563635,2.62630948247815,45.415168248085486,50.667787213041784,3
scale_default,Epsilon_Greedy,epsilon=0.4,469,48.24654454596824,2.6390947730101018,45.60744977295814,50.88563931897834,3
scale_default,Epsilon_Greedy,epsilon=0.4,470,48.4772689425133,2.5869669290790713,45.89030201343423,51.064235871592366,3
scale_default,Epsilon_Greedy,epsilon=0.4,471,48.64030678912514,2.5877372606020907,46.05256952852305,51.22804404972723,3
scale_default,Epsilon_Greedy,epsilon=0.4,472,48.79070720880171,2.5348991923515483,46.25580801645017,51.32560640115326,3
scale_default,Epsilon_Greedy,epsilon=0.4,473,49.28139346857082,3.1352914170748205,46.146102051496,52.41668488564564,3
scale_default,Epsilon_Greedy,epsilon=0.4,474,49.721573556354436,3.072675271526698,46.64889828482774,52.794248827881134,3
scale_default,Epsilon_Greedy,epsilon=0.4,475,50.03965861894623,3.2628764300421063,46.77678218890412,53.30253504898833,3
scale_default,Epsilon_Greedy,epsilon=0.4,476,50.11236601370456,3.1772143758399634,46.93515163786459,53.289580389544525,3
scale_default,Epsilon_Greedy,epsilon=0.4,477,50.2144405170867,3.078662956762551,47.13577756032415,53.29310347384925,3
scale_default,Epsilon_Greedy,epsilon=0.4,478,50.52127993179127,3.0421018386485246,47.47917809314274,53.5633817704398,3
scale_default,Epsilon_Greedy,epsilon=0.4,479,50.70735068073521,3.1523822317445434,47.554968448990664,53.85973291247976,3
scale_default,Epsilon_Greedy,epsilon=0.4,480,50.85787123126968,3.035007936104882,47.822863295164794,53.89287916737456,3
scale_default,Epsilon_Greedy,epsilon=0.4,481,51.036169900797084,3.0352499814494585,48.00091991934762,54.071419882246545,3
scale_default,Epsilon_Greedy,epsilon=0.4,482,51.23226140012333,3.065527775393178,48.16673362473015,54.297789175516506,3
scale_default,Epsilon_Greedy,epsilon=0.4,483,51.40980647776471,3.04606567789534,48.36374079986937,54.45587215566005,3
scale_default,Epsilon_Greedy,epsilon=0.4,484,51.53375281525112,2.9873809917647356,48.54637182348638,54.52113380701586,3
scale_default,Epsilon_Greedy,epsilon=0.4,485,51.817455002501084,3.043427505459362,48.77402749704172,54.86088250796045,3
scale_default,Epsilon_Greedy,epsilon=0.4,486,52.02545653148933,2.9446326983329256,49.08082383315641,54.97008922982226,3
scale_default,Epsilon_Greedy,epsilon=0.4,487,52.246481035235206,2.898348257887585,49.34813277734762,55.14482929312279,3
scale_default,Epsilon_Greedy,epsilon=0.4,488,52.457353704903625,2.9267421290999245,49.530611575803704,55.384095834003546,3
scale_default,Epsilon_Greedy,epsilon=0.4,489,52.507210390865175,2.9467406810651364,49.56046970980004,55.45395107193031,3
scale_default,Epsilon_Greedy,epsilon=0.4,490,52.714865537983286,2.9971189376902383,49.71774660029305,55.711984475673525,3
scale_default,Epsilon_Greedy,epsilon=0.4,491,52.878772735001256,2.963976806457785,49.91479592854347,55.84274954145904,3
scale_default,Epsilon_Greedy,epsilon=0.4,492,53.19544573518605,2.8668192821939753,50.328626452992076,56.06226501738002,3
scale_default,Epsilon_Greedy,epsilon=0.4,493,53.36256594955483,2.9754084725285517,50.38715747702628,56.33797442208338,3
scale_default,Epsilon_Greedy,epsilon=0.4,494,53.5755312235813,2.9620849787796693,50.61344624480163,56.53761620236097,3
scale_default,Epsilon_Greedy,epsilon=0.4,495,53.78719429415796,2.797943511434061,50.9892507827239,56.585137805592026,3
scale_default,Epsilon_Greedy,epsilon=0.4,496,54.11475692378398,3.223483787893128,50.89127313589085,57.33824071167711,3
scale_default,Epsilon_Greedy,epsilon=0.4,497,54.21597224309999,3.2071262772215885,51.0088459658784,57.42309852032158,3
scale_default,Epsilon_Greedy,epsilon=0.4,498,54.500697161232246,3.416687514117849,51.0840096471144,57.91738467535009,3
scale_default,Epsilon_Greedy,epsilon=0.4,499,54.64757173771199,3.3178587002266324,51.32971303748536,57.96543043793862,3
scale_default,Epsilon_Greedy,epsilon=0.4,500,54.91157045929017,3.4215081933372757,51.49006226595289,58.33307865262744,3
scale_default,Epsilon_Greedy,epsilon=0.4,501,55.07128300454209,3.5418287908866737,51.52945421365541,58.613111795428765,3
scale_default,Epsilon_Greedy,epsilon=0.4,502,55.19783941974324,3.5495562118673343,51.648283207875906,58.74739563161057,3
scale_default,Epsilon_Greedy,epsilon=0.4,503,55.35860143294358,3.4749697563174773,51.8836316766261,58.83357118926106,3
scale_default,Epsilon_Greedy,epsilon=0.4,504,55.622375773456604,3.4621354610358197,52.16024031242078,59.084511234492425,3
scale_default,Epsilon_Greedy,epsilon=0.4,505,55.830577075930925,3.594461242167249,52.23611583376368,59.425038318098174,3
scale_default,Epsilon_Greedy,epsilon=0.4,506,55.9874840381509,3.558942033261765,52.42854200488914,59.54642607141267,3
scale_default,Epsilon_Greedy,epsilon=0.4,507,56.15206600200304,3.3854414248947613,52.766624577108274,59.537507426897804,3
scale_default,Epsilon_Greedy,epsilon=0.4,508,56.35147831388281,3.3357854484041822,53.01569286547863,59.68726376228699,3
scale_default,Epsilon_Greedy,epsilon=0.4,509,56.448489122731246,3.2686119602254067,53.17987716250584,59.71710108295665,3
scale_default,Epsilon_Greedy,epsilon=0.4,510,56.72532116416878,3.2191386205124397,53.506182543656344,59.94445978468122,3
scale_default,Epsilon_Greedy,epsilon=0.4,511,56.7968523093464,3.16732951666953,53.629522792676866,59.96418182601593,3
scale_default,Epsilon_Greedy,epsilon=0.4,512,56.993280317333245,3.116911792278212,53.876368525055035,60.110192109611454,3
scale_default,Epsilon_Greedy,epsilon=0.4,513,57.25111608282871,3.1558235031187847,54.09529257970993,60.40693958594749,3
scale_default,Epsilon_Greedy,epsilon=0.4,514,57.412162194025704,3.2033757152857776,54.208786478739924,60.615537909311485,3
scale_default,Epsilon_Greedy,epsilon=0.4,515,57.705554484012005,3.0852322059585,54.62032227805351,60.7907866899705,3
scale_default,Epsilon_Greedy,epsilon=0.4,516,58.00646192797125,2.728874580348063,55.27758734762319,60.735336508319314,3
scale_default,Epsilon_Greedy,epsilon=0.4,517,58.17056597939623,2.726258404383968,55.44430757501226,60.8968243837802,3
scale_default,Epsilon_Greedy,epsilon=0.4,518,58.34207840311645,2.8498058929409726,55.49227251017548,61.191884296057424,3
scale_default,Epsilon_Greedy,epsilon=0.4,519,58.48312843363862,2.7619069236736467,55.72122150996497,61.24503535731227,3
scale_default,Epsilon_Greedy,epsilon=0.4,520,58.62380157054647,2.9641718211648045,55.659629749381665,61.58797339171127,3
scale_default,Epsilon_Greedy,epsilon=0.4,521,58.71981321814531,3.0907088440465253,55.62910437409879,61.810522062191836,3
scale_default,Epsilon_Greedy,epsilon=0.4,522,58.94761469671155,2.937733517779987,56.00988117893156,61.885348214491536,3
scale_default,Epsilon_Greedy,epsilon=0.4,523,59.14710112525239,2.9647134328584266,56.18238769239397,62.111814558110815,3
scale_default,Epsilon_Greedy,epsilon=0.4,524,59.42895028640455,2.965759168397938,56.46319111800661,62.39470945480249,3
scale_default,Epsilon_Greedy,epsilon=0.4,525,59.530249062821646,2.872073706851873,56.658175355969775,62.40232276967352,3
scale_default,Epsilon_Greedy,epsilon=0.4,526,59.62600527873307,2.86085282371263,56.76515245502044,62.486858102445694,3
scale_default,Epsilon_Greedy,epsilon=0.4,527,59.82376675654712,2.781297879173471,57.04246887737365,62.605064635720595,3
scale_default,Epsilon_Greedy,epsilon=0.4,528,60.03444975806946,2.8457895845374983,57.18866017353196,62.880239342606956,3
scale_default,Epsilon_Greedy,epsilon=0.4,529,60.38771915542741,3.0227606004032945,57.36495855502412,63.41047975583071,3
scale_default,Epsilon_Greedy,epsilon=0.4,530,60.5171790002257,3.0701479228267345,57.44703107739897,63.58732692305244,3
scale_default,Epsilon_Greedy,epsilon=0.4,531,60.702355187836815,3.083613462256921,57.618741725579895,63.785968650093736,3
scale_default,Epsilon_Greedy,epsilon=0.4,532,60.89222025138204,3.0036748315705086,57.888545419811535,63.89589508295255,3
scale_default,Epsilon_Greedy,epsilon=0.4,533,61.12599789282382,3.097138754308378,58.02885913851544,64.2231366471322,3
scale_default,Epsilon_Greedy,epsilon=0.4,534,61.27590577634813,3.036357274046941,58.23954850230119,64.31226305039507,3
scale_default,Epsilon_Greedy,epsilon=0.4,535,61.38391373619732,3.1319932800699952,58.25192045612732,64.51590701626732,3
scale_default,Epsilon_Greedy,epsilon=0.4,536,61.4619417060419,3.1476377470440187,58.31430395899788,64.60957945308591,3
scale_default,Epsilon_Greedy,epsilon=0.4,537,61.709540485547905,3.40128641428795,58.30825407125995,65.11082689983586,3
scale_default,Epsilon_Greedy,epsilon=0.4,538,61.841372462301564,3.378036747810591,58.463335714490974,65.21940921011216,3
scale_default,Epsilon_Greedy,epsilon=0.4,539,62.094549276688724,3.538798666251889,58.55575061043683,65.63334794294062,3
scale_default,Epsilon_Greedy,epsilon=0.4,540,62.198476026684006,3.549786473411091,58.648689553272916,65.7482625000951,3
scale_default,Epsilon_Greedy,epsilon=0.4,541,62.45075643552145,3.496686353217604,58.95407008230384,65.94744278873905,3
scale_default,Epsilon_Greedy,epsilon=0.4,542,62.55762067502536,3.495773794087421,59.06184688093794,66.05339446911279,3
scale_default,Epsilon_Greedy,epsilon=0.4,543,62.59440835423106,3.449730061853572,59.144678292377485,66.04413841608462,3
scale_default,Epsilon_Greedy,epsilon=0.4,544,62.78071360120782,3.4877927574977683,59.29292084371005,66.2685063587056,3
scale_default,Epsilon_Greedy,epsilon=0.4,545,62.91910120177517,3.5200029377158795,59.39909826405929,66.43910413949105,3
scale_default,Epsilon_Greedy,epsilon=0.4,546,63.03907944207007,3.421836489796445,59.61724295227362,66.46091593186651,3
scale_default,Epsilon_Greedy,epsilon=0.4,547,63.39952662624094,3.48354190345167,59.91598472278927,66.88306852969261,3
scale_default,Epsilon_Greedy,epsilon=0.4,548,63.614269262366314,3.5634920248906314,60.050777237475685,67.17776128725694,3
scale_default,Epsilon_Greedy,epsilon=0.4,549,63.7784336878374,3.439508178386969,60.33892550945043,67.21794186622436,3
scale_default,Epsilon_Greedy,epsilon=0.4,550,63.95536766220406,3.3834245199186896,60.57194314228537,67.33879218212275,3
scale_default,Epsilon_Greedy,epsilon=0.4,551,64.05415121617335,3.3810651694718437,60.673086046701506,67.43521638564519,3
scale_default,Epsilon_Greedy,epsilon=0.4,552,64.23723409803223,3.353054913628786,60.88417918440344,67.59028901166101,3
scale_default,Epsilon_Greedy,epsilon=0.4,553,64.37810104854115,3.3302262813167527,61.0478747672244,67.70832732985791,3
scale_default,Epsilon_Greedy,epsilon=0.4,554,64.60007641606572,3.4213170360153597,61.17875938005036,68.02139345208107,3
scale_default,Epsilon_Greedy,epsilon=0.4,555,64.76533998989096,3.4199477650096335,61.34539222488133,68.1852877549006,3
scale_default,Epsilon_Greedy,epsilon=0.4,556,64.88555239835007,3.4218508621469454,61.463701536203125,68.30740326049701,3
scale_default,Epsilon_Greedy,epsilon=0.4,557,64.98315375909182,3.3943242565153904,61.58882950257643,68.37747801560721,3
scale_default,Epsilon_Greedy,epsilon=0.4,558,65.17601052351955,3.468737230921023,61.70727329259853,68.64474775444057,3
scale_default,Epsilon_Greedy,epsilon=0.4,559,65.29261198284937,3.445291978786927,61.84732000406244,68.73790396163629,3
scale_default,Epsilon_Greedy,epsilon=0.4,560,65.65826353607844,3.7230655330118023,61.93519800306663,69.38132906909024,3
scale_default,Epsilon_Greedy,epsilon=0.4,561,65.82147918226636,3.6802221756654254,62.14125700660093,69.50170135793178,3
scale_default,Epsilon_Greedy,epsilon=0.4,562,65.99080572104178,3.6602608600453235,62.330544860996454,69.65106658108711,3
scale_default,Epsilon_Greedy,epsilon=0.4,563,66.07941175782122,3.6729004111308368,62.40651134669038,69.75231216895206,3
scale_default,Epsilon_Greedy,epsilon=0.4,564,66.19834792649335,3.7163755239951763,62.48197240249818,69.91472345048854,3
scale_default,Epsilon_Greedy,epsilon=0.4,565,66.37404309669957,3.545585722850477,62.82845737384909,69.91962881955004,3
scale_default,Epsilon_Greedy,epsilon=0.4,566,66.41632411350173,3.5220272058885205,62.89429690761321,69.93835131939025,3
scale_default,Epsilon_Greedy,epsilon=0.4,567,66.51741373870699,3.412393285047965,63.10502045365903,69.92980702375496,3
scale_default,Epsilon_Greedy,epsilon=0.4,568,66.70842202782563,3.535798452025326,63.17262357580031,70.24422047985097,3
scale_default,Epsilon_Greedy,epsilon=0.4,569,66.8267123134494,3.4952514707501114,63.33146084269929,70.32196378419951,3
scale_default,Epsilon_Greedy,epsilon=0.4,570,67.02392701178461,3.632141636565365,63.39178537521924,70.65606864834997,3
scale_default,Epsilon_Greedy,epsilon=0.4,571,67.24702676872018,3.518490224492205,63.72853654422797,70.76551699321239,3
scale_default,Epsilon_Greedy,epsilon=0.4,572,67.32409095057453,3.494581030492277,63.82950992008225,70.8186719810668,3
scale_default,Epsilon_Greedy,epsilon=0.4,573,67.5488502069992,3.3466431541846373,64.20220705281457,70.89549336118384,3
scale_default,Epsilon_Greedy,epsilon=0.4,574,67.77930602829416,3.1751500708558096,64.60415595743835,70.95445609914997,3
scale_default,Epsilon_Greedy,epsilon=0.4,575,67.89206263491765,3.217868614611653,64.674194020306,71.1099312495293,3
scale_default,Epsilon_Greedy,epsilon=0.4,576,68.00200739454048,3.1100785221105993,64.89192887242989,71.11208591665108,3
scale_default,Epsilon_Greedy,epsilon=0.4,577,68.10629250990631,3.086005800915753,65.02028670899055,71.19229831082207,3
scale_default,Epsilon_Greedy,epsilon=0.4,578,68.37291094761797,3.194003265455771,65.17890768216219,71.56691421307374,3
scale_default,Epsilon_Greedy,epsilon=0.4,579,68.71128552411305,3.096248612563266,65.61503691154978,71.80753413667632,3
scale_default,Epsilon_Greedy,epsilon=0.4,580,68.91290768895959,3.3275252689605095,65.58538241999908,72.2404329579201,3
scale_default,Epsilon_Greedy,epsilon=0.4,581,69.17611531189385,3.5707933327893677,65.60532197910449,72.74690864468322,3
scale_default,Epsilon_Greedy,epsilon=0.4,582,69.322461944294,3.612426387330741,65.71003555696326,72.93488833162475,3
scale_default,Epsilon_Greedy,epsilon=0.4,583,69.47200768485446,3.486358553414485,65.98564913143997,72.95836623826895,3
scale_default,Epsilon_Greedy,epsilon=0.4,584,69.6162787898225,3.4426516055917387,66.17362718423077,73.05893039541424,3
scale_default,Epsilon_Greedy,epsilon=0.4,585,69.75087343246277,3.411983594750739,66.33888983771203,73.1628570272135,3
scale_default,Epsilon_Greedy,epsilon=0.4,586,69.9247711044729,3.372706055049294,66.5520650494236,73.29747715952219,3
scale_default,Epsilon_Greedy,epsilon=0.4,587,70.17021447593571,3.196093222950469,66.97412125298524,73.36630769888617,3
scale_default,Epsilon_Greedy,epsilon=0.4,588,70.33101186719574,3.163872708196695,67.16713915899905,73.49488457539243,3
scale_default,Epsilon_Greedy,epsilon=0.4,589,70.37982953103648,3.12875592221389,67.2510736088226,73.50858545325036,3
scale_default,Epsilon_Greedy,epsilon=0.4,590,70.53457974433594,3.2465854311973326,67.28799431313861,73.78116517553327,3
scale_default,Epsilon_Greedy,epsilon=0.4,591,70.88715252206352,3.3062563016872146,67.5808962203763,74.19340882375073,3
scale_default,Epsilon_Greedy,epsilon=0.4,592,71.0621742784227,3.383016418923039,67.67915785949967,74.44519069734574,3
scale_default,Epsilon_Greedy,epsilon=0.4,593,71.247403084703,3.3505750268610277,67.89682805784197,74.59797811156402,3
scale_default,Epsilon_Greedy,epsilon=0.4,594,71.44098010974223,3.2967203478236358,68.14425976191859,74.73770045756586,3
scale_default,Epsilon_Greedy,epsilon=0.4,595,71.52366116225166,3.378741705318858,68.1449194569328,74.90240286757052,3
scale_default,Epsilon_Greedy,epsilon=0.4,596,71.72093331695602,3.417711521266629,68.3032217956894,75.13864483822265,3
scale_default,Epsilon_Greedy,epsilon=0.4,597,71.92659035441964,3.3944059399831508,68.5321844144365,75.32099629440279,3
scale_default,Epsilon_Greedy,epsilon=0.4,598,72.0981787588709,3.3454810927134755,68.75269766615743,75.44365985158437,3
scale_default,Epsilon_Greedy,epsilon=0.4,599,72.24376394947176,3.405308733853654,68.8384552156181,75.64907268332541,3
scale_default,Epsilon_Greedy,epsilon=0.5,0,0.06427542278957625,0.07045322877342461,-0.0061778059838483584,0.13472865156300085,3
scale_default,Epsilon_Greedy,epsilon=0.5,1,0.114345069692944,0.1167652708678541,-0.002420201174910097,0.2311103405607981,3
scale_default,Epsilon_Greedy,epsilon=0.5,2,0.17551789457107106,0.18865941212932774,-0.013141517558256682,0.36417730670039883,3
scale_default,Epsilon_Greedy,epsilon=0.5,3,0.18251608572003988,0.18310076920394378,-0.0005846834839038917,0.36561685492398366,3
scale_default,Epsilon_Greedy,epsilon=0.5,4,0.19788183999332196,0.19665410462379151,0.0012277353695304416,0.3945359446171135,3
scale_default,Epsilon_Greedy,epsilon=0.5,5,0.27005143296646944,0.2504819242039107,0.01956950876255875,0.5205333571703801,3
scale_default,Epsilon_Greedy,epsilon=0.5,6,0.30869529110930766,0.2786590892308102,0.03003620187849748,0.5873543803401178,3
scale_default,Epsilon_Greedy,epsilon=0.5,7,0.32234270744067434,0.2807967619752443,0.041545945465430056,0.6031394694159187,3
scale_default,Epsilon_Greedy,epsilon=0.5,8,0.3280700740160032,0.2808956158571717,0.04717445815883148,0.6089656898731749,3
scale_default,Epsilon_Greedy,epsilon=0.5,9,0.37239522409635145,0.3189114484113499,0.05348377568500157,0.6913066725077013,3
scale_default,Epsilon_Greedy,epsilon=0.5,10,0.3850383377268523,0.3267605838330303,0.058277753893822004,0.7117989215598826,3
scale_default,Epsilon_Greedy,epsilon=0.5,11,0.41605121787469623,0.36700250539911095,0.04904871247558529,0.7830537232738072,3
scale_default,Epsilon_Greedy,epsilon=0.5,12,0.42131632560224896,0.37034729740482514,0.05096902819742383,0.7916636230070742,3
scale_default,Epsilon_Greedy,epsilon=0.5,13,0.44259585330797657,0.37063799336989406,0.07195785993808251,0.8132338466778706,3
scale_default,Epsilon_Greedy,epsilon=0.5,14,0.473185581445202,0.36513635762687296,0.10804922381832904,0.838321939072075,3
scale_default,Epsilon_Greedy,epsilon=0.5,15,0.48342033547039237,0.3576152713414516,0.12580506412894077,0.841035606811844,3
scale_default,Epsilon_Greedy,epsilon=0.5,16,0.4859985764250527,0.3557557628125221,0.1302428136125306,0.8417543392375748,3
scale_default,Epsilon_Greedy,epsilon=0.5,17,0.5124140305232406,0.39586221978302316,0.11655181074021748,0.9082762503062638,3
scale_default,Epsilon_Greedy,epsilon=0.5,18,0.5201003101922542,0.3986439975614131,0.12145631263084111,0.9187443077536673,3
scale_default,Epsilon_Greedy,epsilon=0.5,19,0.5485524161242462,0.3729772598362748,0.17557515628797143,0.9215296759605209,3
scale_default,Epsilon_Greedy,epsilon=0.5,20,0.5662814436900105,0.3847038420091567,0.18157760168085385,0.9509852856991672,3
scale_default,Epsilon_Greedy,epsilon=0.5,21,0.6098194440695728,0.3614023211744559,0.24841712289511686,0.9712217652440287,3
scale_default,Epsilon_Greedy,epsilon=0.5,22,0.6146792734810722,0.35999767048279685,0.25468160299827536,0.9746769439638691,3
scale_default,Epsilon_Greedy,epsilon=0.5,23,0.682148787096094,0.4123819970809416,0.26976679001515236,1.0945307841770355,3
scale_default,Epsilon_Greedy,epsilon=0.5,24,0.6836989825427091,0.4134605727293318,0.2702384098133773,1.0971595552720408,3
scale_default,Epsilon_Greedy,epsilon=0.5,25,0.7289754810441247,0.4133977311317341,0.31557774991239057,1.1423732121758587,3
scale_default,Epsilon_Greedy,epsilon=0.5,26,0.741797248016728,0.39795571889092063,0.34384152912580734,1.1397529669076487,3
scale_default,Epsilon_Greedy,epsilon=0.5,27,0.7432306664457796,0.4002617762563981,0.34296889018938154,1.1434924427021778,3
scale_default,Epsilon_Greedy,epsilon=0.5,28,0.812072055551833,0.36798536526474057,0.44408669028709247,1.1800574208165737,3
scale_default,Epsilon_Greedy,epsilon=0.5,29,0.816412848095344,0.36993935282177953,0.44647349527356445,1.1863522009171235,3
scale_default,Epsilon_Greedy,epsilon=0.5,30,0.8219266814212477,0.3698249817207648,0.4521016997004829,1.1917516631420124,3
scale_default,Epsilon_Greedy,epsilon=0.5,31,0.8727379088136548,0.3276007560915016,0.5451371527221531,1.2003386649051564,3
scale_default,Epsilon_Greedy,epsilon=0.5,32,0.8727933712209642,0.32756408964467887,0.5452292815762854,1.200357460865643,3
scale_default,Epsilon_Greedy,epsilon=0.5,33,0.8785596880637985,0.3253242284664225,0.553235459597376,1.2038839165302209,3
scale_default,Epsilon_Greedy,epsilon=0.5,34,0.8874258613555491,0.3163342039195489,0.5710916574360002,1.2037600652750982,3
scale_default,Epsilon_Greedy,epsilon=0.5,35,0.9387014517168278,0.29687770996171303,0.6418237417551148,1.2355791616785408,3
scale_default,Epsilon_Greedy,epsilon=0.5,36,0.9634186280686432,0.3055164592038631,0.6579021688647801,1.2689350872725063,3
scale_default,Epsilon_Greedy,epsilon=0.5,37,0.9746762548444593,0.30528144955950975,0.6693948052849495,1.279957704403969,3
scale_default,Epsilon_Greedy,epsilon=0.5,38,0.9980574496230837,0.2954532802668533,0.7026041693562304,1.293510729889937,3
scale_default,Epsilon_Greedy,epsilon=0.5,39,1.00494611908651,0.30310984738986846,0.7018362716966416,1.3080559664763785,3
scale_default,Epsilon_Greedy,epsilon=0.5,40,1.021442923994913,0.2944231469620897,0.7270197770328233,1.3158660709570027,3
scale_default,Epsilon_Greedy,epsilon=0.5,41,1.0340054911960708,0.28935786280406695,0.7446476283920038,1.3233633540001377,3
scale_default,Epsilon_Greedy,epsilon=0.5,42,1.0457904382826555,0.292940387679677,0.7528500506029785,1.3387308259623325,3
scale_default,Epsilon_Greedy,epsilon=0.5,43,1.0918428394568445,0.35320059768979495,0.7386422417670495,1.4450434371466394,3
scale_default,Epsilon_Greedy,epsilon=0.5,44,1.1085655122545022,0.37564676097766353,0.7329187512768387,1.4842122732321656,3
scale_default,Epsilon_Greedy,epsilon=0.5,45,1.128609941797725,0.36755920156530875,0.7610507402324161,1.4961691433630335,3
scale_default,Epsilon_Greedy,epsilon=0.5,46,1.1549328922392312,0.35807821036849014,0.7968546818707412,1.5130111026077213,3
scale_default,Epsilon_Greedy,epsilon=0.5,47,1.1642548228368763,0.35459755831619627,0.8096572645206801,1.5188523811530725,3
scale_default,Epsilon_Greedy,epsilon=0.5,48,1.1706394079416824,0.35439791459312364,0.8162414933485588,1.5250373225348062,3
scale_default,Epsilon_Greedy,epsilon=0.5,49,1.2479029618512947,0.29566885308935675,0.9522341087619379,1.5435718149406514,3
scale_default,Epsilon_Greedy,epsilon=0.5,50,1.2935568069531012,0.3468081277308807,0.9467486792222204,1.640364934683982,3
scale_default,Epsilon_Greedy,epsilon=0.5,51,1.3016073662315273,0.35560634610330155,0.9460010201282257,1.657213712334829,3
scale_default,Epsilon_Greedy,epsilon=0.5,52,1.3280580978369745,0.3442164514015807,0.9838416464353938,1.6722745492385551,3
scale_default,Epsilon_Greedy,epsilon=0.5,53,1.3337682124399468,0.33836943580808787,0.9953987766318589,1.6721376482480346,3
scale_default,Epsilon_Greedy,epsilon=0.5,54,1.3455108210378135,0.3405034651485035,1.00500735588931,1.686014286186317,3
scale_default,Epsilon_Greedy,epsilon=0.5,55,1.3959777834117582,0.3764114057180902,1.019566377693668,1.7723891891298482,3
scale_default,Epsilon_Greedy,epsilon=0.5,56,1.404736942801305,0.3717424799400859,1.032994462861219,1.776479422741391,3
scale_default,Epsilon_Greedy,epsilon=0.5,57,1.427874331299126,0.3623368494425508,1.0655374818565753,1.7902111807416767,3
scale_default,Epsilon_Greedy,epsilon=0.5,58,1.4808829790179356,0.42795793239721264,1.052925046620723,1.9088409114151483,3
scale_default,Epsilon_Greedy,epsilon=0.5,59,1.4881141200278936,0.4207634462869759,1.0673506737409177,1.9088775663148694,3
scale_default,Epsilon_Greedy,epsilon=0.5,60,1.5042336967481793,0.42533339150400856,1.0789003052441708,1.9295670882521878,3
scale_default,Epsilon_Greedy,epsilon=0.5,61,1.5126989542737068,0.4167191866779453,1.0959797675957614,1.9294181409516522,3
scale_default,Epsilon_Greedy,epsilon=0.5,62,1.5173174871445123,0.41705038396669974,1.1002671031778126,1.934367871111212,3
scale_default,Epsilon_Greedy,epsilon=0.5,63,1.5203898197250938,0.4168450843523722,1.1035447353727217,1.937234904077466,3
scale_default,Epsilon_Greedy,epsilon=0.5,64,1.523443270988232,0.41943375268310507,1.1040095183051268,1.942877023671337,3
scale_default,Epsilon_Greedy,epsilon=0.5,65,1.5485095792001529,0.4131436350899953,1.1353659441101576,1.9616532142901482,3
scale_default,Epsilon_Greedy,epsilon=0.5,66,1.5621442279111932,0.41893457114842814,1.1432096567627652,1.9810787990596213,3
scale_default,Epsilon_Greedy,epsilon=0.5,67,1.5771325306498172,0.4098422022490422,1.167290328400775,1.9869747328988594,3
scale_default,Epsilon_Greedy,epsilon=0.5,68,1.5818340281860312,0.40979262753810985,1.1720414006479214,1.991626655724141,3
scale_default,Epsilon_Greedy,epsilon=0.5,69,1.5818340281860312,0.40979262753810985,1.1720414006479214,1.991626655724141,3
scale_default,Epsilon_Greedy,epsilon=0.5,70,1.585620277075445,0.4106581812305227,1.1749620958449223,1.9962784583059678,3
scale_default,Epsilon_Greedy,epsilon=0.5,71,1.6011794751417971,0.42139837979253353,1.1797810953492636,2.0225778549343305,3
scale_default,Epsilon_Greedy,epsilon=0.5,72,1.614309240296014,0.43424367545435194,1.180065564841662,2.048552915750366,3
scale_default,Epsilon_Greedy,epsilon=0.5,73,1.6222777646844058,0.4333149124417486,1.1889628522426572,2.055592677126154,3
scale_default,Epsilon_Greedy,epsilon=0.5,74,1.6510478125890373,0.3992913576625503,1.251756454926487,2.0503391702515876,3
scale_default,Epsilon_Greedy,epsilon=0.5,75,1.6581984587631287,0.397705405864031,1.2604930528990976,2.05590386462716,3
scale_default,Epsilon_Greedy,epsilon=0.5,76,1.6697341435651627,0.40306195660772215,1.2666721869574404,2.072796100172885,3
scale_default,Epsilon_Greedy,epsilon=0.5,77,1.6961326860159396,0.39613937668932175,1.2999933093266178,2.0922720627052613,3
scale_default,Epsilon_Greedy,epsilon=0.5,78,1.7081619816778542,0.3952569091486912,1.3129050725291629,2.1034188908265454,3
scale_default,Epsilon_Greedy,epsilon=0.5,79,1.7118192091525373,0.396628996875436,1.3151902122771013,2.1084482060279734,3
scale_default,Epsilon_Greedy,epsilon=0.5,80,1.7168662346507795,0.3949782035438387,1.3218880311069408,2.111844438194618,3
scale_default,Epsilon_Greedy,epsilon=0.5,81,1.7329356479754752,0.3944889053500708,1.3384467426254043,2.127424553325546,3
scale_default,Epsilon_Greedy,epsilon=0.5,82,1.7522337122185139,0.4108380851647549,1.341395627053759,2.1630717973832687,3
scale_default,Epsilon_Greedy,epsilon=0.5,83,1.7774325229125678,0.41917929436152773,1.35825322855104,2.1966118172740954,3
scale_default,Epsilon_Greedy,epsilon=0.5,84,1.7999124269636475,0.41613995679229,1.3837724701713574,2.2160523837559376,3
scale_default,Epsilon_Greedy,epsilon=0.5,85,1.8631088528487119,0.5045117656168321,1.3585970872318798,2.367620618465544,3
scale_default,Epsilon_Greedy,epsilon=0.5,86,1.875111504769966,0.49249697885806193,1.382614525911904,2.367608483628028,3
scale_default,Epsilon_Greedy,epsilon=0.5,87,1.8970400156523466,0.4804333824553555,1.416606633196991,2.377473398107702,3
scale_default,Epsilon_Greedy,epsilon=0.5,88,1.9221974785526876,0.4757105556757478,1.44648692287694,2.3979080342284353,3
scale_default,Epsilon_Greedy,epsilon=0.5,89,1.9256716351258534,0.47514107393138016,1.4505305611944732,2.4008127090572335,3
scale_default,Epsilon_Greedy,epsilon=0.5,90,1.9363556181222148,0.4746886028820543,1.4616670152401605,2.411044221004269,3
scale_default,Epsilon_Greedy,epsilon=0.5,91,1.9823173164819268,0.42068923508722605,1.5616280813947008,2.403006551569153,3
scale_default,Epsilon_Greedy,epsilon=0.5,92,1.9904043241087546,0.42128372152545146,1.569120602583303,2.411688045634206,3
scale_default,Epsilon_Greedy,epsilon=0.5,93,2.0076733078210345,0.41601571760289263,1.5916575902181418,2.423689025423927,3
scale_default,Epsilon_Greedy,epsilon=0.5,94,2.0123953782835042,0.41085186561521203,1.6015435126682922,2.4232472438987163,3
scale_default,Epsilon_Greedy,epsilon=0.5,95,2.01961045037382,0.4090173172584734,1.6105931331153467,2.4286277676322934,3
scale_default,Epsilon_Greedy,epsilon=0.5,96,2.057889218382414,0.3981196072940791,1.6597696110883347,2.4560088256764927,3
scale_default,Epsilon_Greedy,epsilon=0.5,97,2.075201716517462,0.38381311300368526,1.6913886035137768,2.4590148295211476,3
scale_default,Epsilon_Greedy,epsilon=0.5,98,2.0979727126806407,0.3944601675199778,1.7035125451606628,2.4924328802006186,3
scale_default,Epsilon_Greedy,epsilon=0.5,99,2.1290212051783715,0.3741935219710488,1.7548276832073226,2.5032147271494205,3
scale_default,Epsilon_Greedy,epsilon=0.5,100,2.135658397681538,0.3777551060214769,1.7579032916600612,2.513413503703015,3
scale_default,Epsilon_Greedy,epsilon=0.5,101,2.1685548233300147,0.39276598315969075,1.775788840170324,2.5613208064897055,3
scale_default,Epsilon_Greedy,epsilon=0.5,102,2.1932706383372396,0.3814731877742514,1.8117974505629881,2.574743826111491,3
scale_default,Epsilon_Greedy,epsilon=0.5,103,2.201601089898264,0.3864305033825123,1.8151705865157517,2.5880315932807765,3
scale_default,Epsilon_Greedy,epsilon=0.5,104,2.211922316489019,0.3905117430928152,1.8214105733962036,2.6024340595818343,3
scale_default,Epsilon_Greedy,epsilon=0.5,105,2.2354594940476047,0.4182559731283176,1.8172035209192872,2.6537154671759224,3
scale_default,Epsilon_Greedy,epsilon=0.5,106,2.250735025296331,0.44403526343365207,1.8066997618626788,2.694770288729983,3
scale_default,Epsilon_Greedy,epsilon=0.5,107,2.250735025296331,0.44403526343365207,1.8066997618626788,2.694770288729983,3
scale_default,Epsilon_Greedy,epsilon=0.5,108,2.323451697756556,0.41704430288853894,1.9064073948680171,2.740496000645095,3
scale_default,Epsilon_Greedy,epsilon=0.5,109,2.3399768558775143,0.4365477278260183,1.9034291280514959,2.7765245837035324,3
scale_default,Epsilon_Greedy,epsilon=0.5,110,2.3655432176976743,0.42967548649824405,1.9358677311994303,2.7952187041959182,3
scale_default,Epsilon_Greedy,epsilon=0.5,111,2.367712105552972,0.4280975054434434,1.939614600109529,2.7958096109964155,3
scale_default,Epsilon_Greedy,epsilon=0.5,112,2.3886486772119606,0.4618393751628023,1.9268093020491583,2.850488052374763,3
scale_default,Epsilon_Greedy,epsilon=0.5,113,2.4313852051064653,0.4813709560722857,1.9500142490341796,2.912756161178751,3
scale_default,Epsilon_Greedy,epsilon=0.5,114,2.443995095221258,0.4839819614601852,1.960013133761073,2.9279770566814434,3
scale_default,Epsilon_Greedy,epsilon=0.5,115,2.4826017210594915,0.4332919361105752,2.049309784948916,2.915893657170067,3
scale_default,Epsilon_Greedy,epsilon=0.5,116,2.523336355420085,0.4245434058954777,2.0987929495246074,2.9478797613155625,3
scale_default,Epsilon_Greedy,epsilon=0.5,117,2.530772189847693,0.4238844477505564,2.1068877420971366,2.9546566375982493,3
scale_default,Epsilon_Greedy,epsilon=0.5,118,2.564205675863565,0.386827839677398,2.177377836186167,2.951033515540963,3
scale_default,Epsilon_Greedy,epsilon=0.5,119,2.5651432495782918,0.3866257673205459,2.178517482257746,2.9517690168988375,3
scale_default,Epsilon_Greedy,epsilon=0.5,120,2.5705758499144484,0.38356246629226703,2.1870133836221815,2.9541383162067154,3
scale_default,Epsilon_Greedy,epsilon=0.5,121,2.5766829705062437,0.39152751942314845,2.1851554510830953,2.968210489929392,3
scale_default,Epsilon_Greedy,epsilon=0.5,122,2.587228982855071,0.3875322351225206,2.1996967477325504,2.974761217977592,3
scale_default,Epsilon_Greedy,epsilon=0.5,123,2.597283466370943,0.37970598379897674,2.2175774825719663,2.97698945016992,3
scale_default,Epsilon_Greedy,epsilon=0.5,124,2.6436753173440013,0.38040186294916395,2.263273454394837,3.0240771802931654,3
scale_default,Epsilon_Greedy,epsilon=0.5,125,2.677711250198975,0.34597666371445257,2.3317345864845223,3.0236879139134274,3
scale_default,Epsilon_Greedy,epsilon=0.5,126,2.7143511347508293,0.3138928220972846,2.400458312653545,3.028243956848114,3
scale_default,Epsilon_Greedy,epsilon=0.5,127,2.7296996491947563,0.31485724191671605,2.4148424072780403,3.044556891111472,3
scale_default,Epsilon_Greedy,epsilon=0.5,128,2.75272040922453,0.30952491870760646,2.4431954905169233,3.0622453279321364,3
scale_default,Epsilon_Greedy,epsilon=0.5,129,2.755514438401326,0.3103430926813313,2.445171345719995,3.0658575310826572,3
scale_default,Epsilon_Greedy,epsilon=0.5,130,2.852839715244556,0.2482323748470592,2.6046073403974965,3.1010720900916153,3
scale_default,Epsilon_Greedy,epsilon=0.5,131,2.856504522548897,0.2518475262092552,2.604656996339642,3.108352048758152,3
scale_default,Epsilon_Greedy,epsilon=0.5,132,2.8663840382298265,0.2580351907737452,2.608348847456081,3.1244192290035717,3
scale_default,Epsilon_Greedy,epsilon=0.5,133,2.8769425864995095,0.25589981009098267,2.621042776408527,3.132842396590492,3
scale_default,Epsilon_Greedy,epsilon=0.5,134,2.9320329583897706,0.3018206784191726,2.630212279970598,3.233853636808943,3
scale_default,Epsilon_Greedy,epsilon=0.5,135,2.9777138159394227,0.3370154133085479,2.640698402630875,3.3147292292479706,3
scale_default,Epsilon_Greedy,epsilon=0.5,136,3.038643970804493,0.38483934647869783,2.6538046243257956,3.423483317283191,3
scale_default,Epsilon_Greedy,epsilon=0.5,137,3.0712717680811052,0.3818029478257364,2.6894688202553687,3.453074715906842,3
scale_default,Epsilon_Greedy,epsilon=0.5,138,3.0778818804350276,0.3785312799617002,2.6993506004733274,3.456413160396728,3
scale_default,Epsilon_Greedy,epsilon=0.5,139,3.0883891382452746,0.38711449648516527,2.7012746417601092,3.47550363473044,3
scale_default,Epsilon_Greedy,epsilon=0.5,140,3.1098970556058667,0.3613896713055088,2.748507384300358,3.4712867269113756,3
scale_default,Epsilon_Greedy,epsilon=0.5,141,3.120180335371202,0.3673438591934749,2.752836476177727,3.487524194564677,3
scale_default,Epsilon_Greedy,epsilon=0.5,142,3.157907275059012,0.3787930720627177,2.7791142029962943,3.5367003471217293,3
scale_default,Epsilon_Greedy,epsilon=0.5,143,3.1629606664004952,0.38475104455131476,2.7782096218491805,3.54771171095181,3
scale_default,Epsilon_Greedy,epsilon=0.5,144,3.1772084812976495,0.3934634716270806,2.783745009670569,3.57067195292473,3
scale_default,Epsilon_Greedy,epsilon=0.5,145,3.1941500083436076,0.3837734695856994,2.8103765387579083,3.577923477929307,3
scale_default,Epsilon_Greedy,epsilon=0.5,146,3.1976506930098942,0.3882627176060479,2.809387975403846,3.5859134106159423,3
scale_default,Epsilon_Greedy,epsilon=0.5,147,3.2034450538374055,0.39046149316667894,2.8129835606707267,3.5939065470040843,3
scale_default,Epsilon_Greedy,epsilon=0.5,148,3.2231405473295176,0.40820802604566514,2.8149325212838523,3.631348573375183,3
scale_default,Epsilon_Greedy,epsilon=0.5,149,3.237773150208671,0.4148253329972198,2.8229478172114515,3.6525984832058906,3
scale_default,Epsilon_Greedy,epsilon=0.5,150,3.2423304064947733,0.40852679965268934,2.8338036068420838,3.650857206147463,3
scale_default,Epsilon_Greedy,epsilon=0.5,151,3.3028463988815058,0.4178655991026688,2.884980799778837,3.7207119979841745,3
scale_default,Epsilon_Greedy,epsilon=0.5,152,3.3245490235476036,0.3873277282958336,2.93722129525177,3.7118767518434375,3
scale_default,Epsilon_Greedy,epsilon=0.5,153,3.3320619752679703,0.38397117405171666,2.948090801216254,3.7160331493196868,3
scale_default,Epsilon_Greedy,epsilon=0.5,154,3.345876335106196,0.38276126870266824,2.963115066403528,3.728637603808864,3
scale_default,Epsilon_Greedy,epsilon=0.5,155,3.359548800532887,0.3983003547784824,2.9612484457544044,3.7578491553113693,3
scale_default,Epsilon_Greedy,epsilon=0.5,156,3.382404818836109,0.40927087974078863,2.9731339390953204,3.7916756985768973,3
scale_default,Epsilon_Greedy,epsilon=0.5,157,3.4345408241400968,0.3477955711291765,3.0867452530109203,3.7823363952692732,3
scale_default,Epsilon_Greedy,epsilon=0.5,158,3.4712088317870395,0.36458678447067,3.1066220473163697,3.8357956162577094,3
scale_default,Epsilon_Greedy,epsilon=0.5,159,3.4758967293391065,0.3691430336827607,3.1067536956563457,3.8450397630218673,3
scale_default,Epsilon_Greedy,epsilon=0.5,160,3.509556986531257,0.40174787261671224,3.107809113914545,3.911304859147969,3
scale_default,Epsilon_Greedy,epsilon=0.5,161,3.5284912756212883,0.38006381812609424,3.148427457495194,3.9085550937473825,3
scale_default,Epsilon_Greedy,epsilon=0.5,162,3.530643840131193,0.38275526006634764,3.1478885800648455,3.9133991001975406,3
scale_default,Epsilon_Greedy,epsilon=0.5,163,3.5432246868498094,0.3929945668627263,3.150230119987083,3.936219253712536,3
scale_default,Epsilon_Greedy,epsilon=0.5,164,3.548622793488492,0.3930004284454015,3.1556223650430906,3.941623221933894,3
scale_default,Epsilon_Greedy,epsilon=0.5,165,3.5752623395531966,0.3642402736612738,3.211022065891923,3.9395026132144704,3
scale_default,Epsilon_Greedy,epsilon=0.5,166,3.5998473167398934,0.37558539608943176,3.224261920650462,3.975432712829325,3
scale_default,Epsilon_Greedy,epsilon=0.5,167,3.6209992827979716,0.34892172994790666,3.2720775528500647,3.9699210127458784,3
scale_default,Epsilon_Greedy,epsilon=0.5,168,3.652244876495589,0.3529144703290752,3.299330406166514,4.005159346824664,3
scale_default,Epsilon_Greedy,epsilon=0.5,169,3.680209377776842,0.3276775571365545,3.352531820640287,4.0078869349133965,3
scale_default,Epsilon_Greedy,epsilon=0.5,170,3.7432191725346695,0.3260715989043132,3.4171475736303565,4.0692907714389825,3
scale_default,Epsilon_Greedy,epsilon=0.5,171,3.7469727182712855,0.32855441983888517,3.4184182984324005,4.0755271381101705,3
scale_default,Epsilon_Greedy,epsilon=0.5,172,3.7794943570476005,0.36241200552899744,3.4170823515186033,4.141906362576598,3
scale_default,Epsilon_Greedy,epsilon=0.5,173,3.783888651731477,0.36597723981781066,3.4179114119136664,4.149865891549288,3
scale_default,Epsilon_Greedy,epsilon=0.5,174,3.8414286077167716,0.2952443364268318,3.54618427128994,4.136672944143603,3
scale_default,Epsilon_Greedy,epsilon=0.5,175,3.874473652332922,0.2639489459031844,3.6105247064297377,4.138422598236106,3
scale_default,Epsilon_Greedy,epsilon=0.5,176,3.895001299753524,0.2779650304371796,3.6170362693163445,4.172966330190704,3
scale_default,Epsilon_Greedy,epsilon=0.5,177,3.9089826542913353,0.2717758929748533,3.637206761316482,4.180758547266189,3
scale_default,Epsilon_Greedy,epsilon=0.5,178,3.9177073008101453,0.2696585986317062,3.648048702178439,4.1873658994418514,3
scale_default,Epsilon_Greedy,epsilon=0.5,179,3.934234009650774,0.2876807141818313,3.6465532954689426,4.221914723832605,3
scale_default,Epsilon_Greedy,epsilon=0.5,180,3.942376826563409,0.29225703995933033,3.650119786604079,4.234633866522739,3
scale_default,Epsilon_Greedy,epsilon=0.5,181,3.9552721509394484,0.297631307962662,3.6576408429767864,4.252903458902111,3
scale_default,Epsilon_Greedy,epsilon=0.5,182,3.9663282673263005,0.31115877128276836,3.6551694960435324,4.277487038609069,3
scale_default,Epsilon_Greedy,epsilon=0.5,183,3.972944204645858,0.3161397991653139,3.6568044054805444,4.289084003811172,3
scale_default,Epsilon_Greedy,epsilon=0.5,184,3.997307498515338,0.3312665183880072,3.666040980127331,4.328574016903345,3
scale_default,Epsilon_Greedy,epsilon=0.5,185,4.012660752222188,0.3427538617685059,3.669906890453682,4.3554146139906935,3
scale_default,Epsilon_Greedy,epsilon=0.5,186,4.04188835834723,0.3624163811845456,3.6794719771626845,4.404304739531776,3
scale_default,Epsilon_Greedy,epsilon=0.5,187,4.047318115057675,0.36665698728708174,3.6806611277705934,4.413975102344757,3
scale_default,Epsilon_Greedy,epsilon=0.5,188,4.05885953037597,0.3632905170355539,3.6955690133404158,4.422150047411524,3
scale_default,Epsilon_Greedy,epsilon=0.5,189,4.084775306394767,0.34978350267541236,3.7349918037193546,4.434558809070179,3
scale_default,Epsilon_Greedy,epsilon=0.5,190,4.093096480859031,0.35224783310750674,3.740848647751524,4.445344313966538,3
scale_default,Epsilon_Greedy,epsilon=0.5,191,4.095951734712569,0.35279337367823693,3.7431583610343324,4.448745108390806,3
scale_default,Epsilon_Greedy,epsilon=0.5,192,4.12694821587969,0.360850068472786,3.766098147406904,4.4877982843524755,3
scale_default,Epsilon_Greedy,epsilon=0.5,193,4.139190079991382,0.37605685584218795,3.7631332241491937,4.51524693583357,3
scale_default,Epsilon_Greedy,epsilon=0.5,194,4.147706160170101,0.38612743669595645,3.7615787234741442,4.5338335968660575,3
scale_default,Epsilon_Greedy,epsilon=0.5,195,4.158467681586804,0.3877249203637281,3.770742761223076,4.546192601950532,3
scale_default,Epsilon_Greedy,epsilon=0.5,196,4.1802675595454994,0.3914773201039046,3.7887902394415947,4.571744879649404,3
scale_default,Epsilon_Greedy,epsilon=0.5,197,4.244322348867949,0.2991256171162468,3.9451967317517025,4.543447965984196,3
scale_default,Epsilon_Greedy,epsilon=0.5,198,4.254664904951228,0.3072685131651285,3.947396391786099,4.561933418116356,3
scale_default,Epsilon_Greedy,epsilon=0.5,199,4.270169015077605,0.30836635779471416,3.961802657282891,4.578535372872319,3
scale_default,Epsilon_Greedy,epsilon=0.5,200,4.502287655922676,0.385252545315938,4.117035110606738,4.887540201238614,3
scale_default,Epsilon_Greedy,epsilon=0.5,201,4.5938740282665025,0.31919187604703936,4.274682152219463,4.913065904313542,3
scale_default,Epsilon_Greedy,epsilon=0.5,202,4.700902856504309,0.35629654255271,4.3446063139516,5.057199399057019,3
scale_default,Epsilon_Greedy,epsilon=0.5,203,4.794093480108326,0.34154730988618104,4.452546170222145,5.135640789994507,3
scale_default,Epsilon_Greedy,epsilon=0.5,204,4.9006141303226896,0.28981027543123705,4.6108038548914525,5.190424405753927,3
scale_default,Epsilon_Greedy,epsilon=0.5,205,5.0504276457719,0.2764759296881514,4.773951716083749,5.326903575460051,3
scale_default,Epsilon_Greedy,epsilon=0.5,206,5.355004564509492,0.44054403408136084,4.914460530428131,5.795548598590853,3
scale_default,Epsilon_Greedy,epsilon=0.5,207,5.696506830317264,0.45909455979478236,5.237412270522482,6.1556013901120465,3
scale_default,Epsilon_Greedy,epsilon=0.5,208,5.901824341971633,0.39506285272817915,5.506761489243454,6.296887194699812,3
scale_default,Epsilon_Greedy,epsilon=0.5,209,6.052988229847469,0.30270343717582016,5.750284792671649,6.355691667023289,3
scale_default,Epsilon_Greedy,epsilon=0.5,210,6.091060242932027,0.30854234206203746,5.78251790086999,6.3996025849940645,3
scale_default,Epsilon_Greedy,epsilon=0.5,211,6.210994046590865,0.12439952486876588,6.086594521722099,6.335393571459631,3
scale_default,Epsilon_Greedy,epsilon=0.5,212,6.515913847038959,0.38112203965453983,6.13479180738442,6.897035886693499,3
scale_default,Epsilon_Greedy,epsilon=0.5,213,6.72500985946111,0.23220482825478536,6.492805031206325,6.957214687715895,3
scale_default,Epsilon_Greedy,epsilon=0.5,214,6.90360388823396,0.286724267662561,6.616879620571399,7.190328155896521,3
scale_default,Epsilon_Greedy,epsilon=0.5,215,7.096237847720684,0.2818921393677999,6.814345708352884,7.378129987088484,3
scale_default,Epsilon_Greedy,epsilon=0.5,216,7.379741191812639,0.3607886471081325,7.018952544704506,7.7405298389207715,3
scale_default,Epsilon_Greedy,epsilon=0.5,217,7.567238125103853,0.4334007573764444,7.133837367727409,8.000638882480297,3
scale_default,Epsilon_Greedy,epsilon=0.5,218,7.72851866098942,0.43418850098087186,7.294330160008548,8.162707161970292,3
scale_default,Epsilon_Greedy,epsilon=0.5,219,7.870329694238817,0.45655158901907616,7.41377810521974,8.326881283257892,3
scale_default,Epsilon_Greedy,epsilon=0.5,220,8.008084343314268,0.45261549100343296,7.555468852310835,8.460699834317701,3
scale_default,Epsilon_Greedy,epsilon=0.5,221,8.276587475510462,0.5967365941288977,7.679850881381564,8.87332406963936,3
scale_default,Epsilon_Greedy,epsilon=0.5,222,8.393216932915688,0.6003636745191411,7.792853258396548,8.99358060743483,3
scale_default,Epsilon_Greedy,epsilon=0.5,223,8.546836024327286,0.6319099403943103,7.914926083932976,9.178745964721596,3
scale_default,Epsilon_Greedy,epsilon=0.5,224,8.742399815065506,0.7546101631002934,7.987789651965212,9.4970099781658,3
scale_default,Epsilon_Greedy,epsilon=0.5,225,8.893819924319148,0.8055975201059835,8.088222404213164,9.699417444425132,3
scale_default,Epsilon_Greedy,epsilon=0.5,226,9.080202884750982,0.8034173970979652,8.276785487653017,9.883620281848946,3
scale_default,Epsilon_Greedy,epsilon=0.5,227,9.163717802747493,0.8178788899816545,8.345838912765839,9.981596692729148,3
scale_default,Epsilon_Greedy,epsilon=0.5,228,9.312210827059735,0.950159208765095,8.36205161829464,10.26237003582483,3
scale_default,Epsilon_Greedy,epsilon=0.5,229,9.551040648025166,1.1042577665098532,8.446782881515313,10.65529841453502,3
scale_default,Epsilon_Greedy,epsilon=0.5,230,9.770071905408814,1.0846817168127416,8.685390188596072,10.854753622221557,3
scale_default,Epsilon_Greedy,epsilon=0.5,231,9.96414644678896,0.899941814309449,9.064204632479512,10.86408826109841,3
scale_default,Epsilon_Greedy,epsilon=0.5,232,10.198690471396935,0.8573161060467802,9.341374365350156,11.056006577443714,3
scale_default,Epsilon_Greedy,epsilon=0.5,233,10.305236808456794,0.9020909633117525,9.40314584514504,11.207327771768547,3
scale_default,Epsilon_Greedy,epsilon=0.5,234,10.453805529622686,0.9646504013117996,9.489155128310887,11.418455930934485,3
scale_default,Epsilon_Greedy,epsilon=0.5,235,10.667233921036702,1.0111205288449012,9.656113392191802,11.678354449881603,3
scale_default,Epsilon_Greedy,epsilon=0.5,236,10.801796239574799,0.9025214882193323,9.899274751355467,11.70431772779413,3
scale_default,Epsilon_Greedy,epsilon=0.5,237,10.975795623945823,0.9702319450758381,10.005563678869985,11.94602756902166,3
scale_default,Epsilon_Greedy,epsilon=0.5,238,11.208379949562868,1.0359622823318446,10.172417667231024,12.244342231894713,3
scale_default,Epsilon_Greedy,epsilon=0.5,239,11.47911719376062,1.0746725354885107,10.40444465827211,12.55378972924913,3
scale_default,Epsilon_Greedy,epsilon=0.5,240,11.677820455258674,1.1612353839811873,10.516585071277486,12.839055839239862,3
scale_default,Epsilon_Greedy,epsilon=0.5,241,11.734250108386718,1.2073522496434574,10.52689785874326,12.941602358030176,3
scale_default,Epsilon_Greedy,epsilon=0.5,242,11.865376879409354,1.2978191793252138,10.56755770008414,13.163196058734567,3
scale_default,Epsilon_Greedy,epsilon=0.5,243,12.184654483119223,1.2439857872885354,10.940668695830688,13.428640270407758,3
scale_default,Epsilon_Greedy,epsilon=0.5,244,12.38963490278625,1.2077210688126785,11.18191383397357,13.59735597159893,3
scale_default,Epsilon_Greedy,epsilon=0.5,245,12.518624953153441,1.1523790637771705,11.366245889376271,13.671004016930612,3
scale_default,Epsilon_Greedy,epsilon=0.5,246,12.69822561550715,1.2173039581294103,11.48092165737774,13.91552957363656,3
scale_default,Epsilon_Greedy,epsilon=0.5,247,12.847967124313499,1.2043022766062006,11.643664847707297,14.0522694009197,3
scale_default,Epsilon_Greedy,epsilon=0.5,248,13.00992615439541,1.2222715277974925,11.787654626597918,14.232197682192902,3
scale_default,Epsilon_Greedy,epsilon=0.5,249,13.208880341658842,1.2348535591233794,11.974026782535462,14.443733900782222,3
scale_default,Epsilon_Greedy,epsilon=0.5,250,13.518564761596176,1.3887289562937246,12.129835805302452,14.9072937178899,3
scale_default,Epsilon_Greedy,epsilon=0.5,251,13.575683071879268,1.3748463014874572,12.200836770391811,14.950529373366725,3
scale_default,Epsilon_Greedy,epsilon=0.5,252,13.729754501957844,1.4181300174868747,12.311624484470968,15.14788451944472,3
scale_default,Epsilon_Greedy,epsilon=0.5,253,13.901460054649514,1.3356352350123377,12.565824819637175,15.237095289661852,3
scale_default,Epsilon_Greedy,epsilon=0.5,254,14.016001739022416,1.3073561766129986,12.708645562409417,15.323357915635414,3
scale_default,Epsilon_Greedy,epsilon=0.5,255,14.179852106563473,1.0723860626222388,13.107466043941233,15.252238169185713,3
scale_default,Epsilon_Greedy,epsilon=0.5,256,14.291350808886515,0.9961385384538891,13.295212270432625,15.287489347340404,3
scale_default,Epsilon_Greedy,epsilon=0.5,257,14.642964470670757,0.7104577470000102,13.932506723670746,15.353422217670767,3
scale_default,Epsilon_Greedy,epsilon=0.5,258,14.793298136142424,0.7076701536636418,14.085627982478782,15.500968289806066,3
scale_default,Epsilon_Greedy,epsilon=0.5,259,14.973514545950058,0.7575558102596012,14.215958735690457,15.73107035620966,3
scale_default,Epsilon_Greedy,epsilon=0.5,260,15.057187150411048,0.6754388773773069,14.381748273033741,15.732626027788355,3
scale_default,Epsilon_Greedy,epsilon=0.5,261,15.322608670612206,0.8768256735282404,14.445782997083967,16.199434344140446,3
scale_default,Epsilon_Greedy,epsilon=0.5,262,15.421339488229952,0.8046896398423816,14.61664984838757,16.226029128072334,3
scale_default,Epsilon_Greedy,epsilon=0.5,263,15.559135185916077,0.7256775619999707,14.833457623916106,16.284812747916046,3
scale_default,Epsilon_Greedy,epsilon=0.5,264,15.61940538674506,0.6982449475638796,14.92116043918118,16.31765033430894,3
scale_default,Epsilon_Greedy,epsilon=0.5,265,15.709185278059502,0.7254209351018664,14.983764342957636,16.43460621316137,3
scale_default,Epsilon_Greedy,epsilon=0.5,266,15.865881308619528,0.7803783091144703,15.085502999505058,16.646259617734,3
scale_default,Epsilon_Greedy,epsilon=0.5,267,15.995158408966924,0.7995682413645765,15.195590167602347,16.7947266503315,3
scale_default,Epsilon_Greedy,epsilon=0.5,268,16.198306452849366,0.8512849550047291,15.347021497844636,17.049591407854095,3
scale_default,Epsilon_Greedy,epsilon=0.5,269,16.408265226109503,1.0647951896527001,15.343470036456802,17.473060415762202,3
scale_default,Epsilon_Greedy,epsilon=0.5,270,16.541237923319255,0.9458709526552438,15.59536697066401,17.4871088759745,3
scale_default,Epsilon_Greedy,epsilon=0.5,271,16.678038301688517,0.9401447155297953,15.737893586158721,17.61818301721831,3
scale_default,Epsilon_Greedy,epsilon=0.5,272,16.91869978048922,0.9084534373992046,16.010246343090017,17.827153217888423,3
scale_default,Epsilon_Greedy,epsilon=0.5,273,17.099362071527906,0.9821571078707246,16.117204963657183,18.08151917939863,3
scale_default,Epsilon_Greedy,epsilon=0.5,274,17.271735874313006,0.9493988948864738,16.32233697942653,18.22113476919948,3
scale_default,Epsilon_Greedy,epsilon=0.5,275,17.42618094880221,0.8642561069753878,16.561924841826823,18.290437055777595,3
scale_default,Epsilon_Greedy,epsilon=0.5,276,17.524072605758434,0.8996118201054624,16.62446078565297,18.423684425863897,3
scale_default,Epsilon_Greedy,epsilon=0.5,277,17.689377132961937,0.9032570948260904,16.786120038135845,18.59263422778803,3
scale_default,Epsilon_Greedy,epsilon=0.5,278,17.746278999793887,0.9089608439144412,16.837318155879444,18.65523984370833,3
scale_default,Epsilon_Greedy,epsilon=0.5,279,17.883870788394944,0.8463413950790574,17.037529393315886,18.730212183474002,3
scale_default,Epsilon_Greedy,epsilon=0.5,280,18.008869524601447,0.7438201850068756,17.265049339594572,18.752689709608322,3
scale_default,Epsilon_Greedy,epsilon=0.5,281,18.087019055649236,0.6871252498419997,17.399893805807235,18.774144305491237,3
scale_default,Epsilon_Greedy,epsilon=0.5,282,18.282458134747426,0.8305142893417028,17.451943845405722,19.11297242408913,3
scale_default,Epsilon_Greedy,epsilon=0.5,283,18.470394565157193,0.895321326832476,17.575073238324716,19.36571589198967,3
scale_default,Epsilon_Greedy,epsilon=0.5,284,18.576569632265347,0.8964499708850802,17.680119661380267,19.473019603150426,3
scale_default,Epsilon_Greedy,epsilon=0.5,285,18.76647908002549,0.8005742515826477,17.96590482844284,19.56705333160814,3
scale_default,Epsilon_Greedy,epsilon=0.5,286,18.944330367394365,0.9677776863523061,17.976552681042058,19.91210805374667,3
scale_default,Epsilon_Greedy,epsilon=0.5,287,18.96594814427159,0.9362392059787701,18.02970893829282,19.902187350250358,3
scale_default,Epsilon_Greedy,epsilon=0.5,288,19.06038073674519,1.0056087335703492,18.054772003174843,20.06598947031554,3
scale_default,Epsilon_Greedy,epsilon=0.5,289,19.098588563157172,1.004099499031609,18.09448906412556,20.102688062188783,3
scale_default,Epsilon_Greedy,epsilon=0.5,290,19.38197553616214,0.9375991515021921,18.44437638465995,20.319574687664332,3
scale_default,Epsilon_Greedy,epsilon=0.5,291,19.81944514707958,0.9554534568892079,18.86399169019037,20.77489860396879,3
scale_default,Epsilon_Greedy,epsilon=0.5,292,20.211068801978573,1.0328379831587307,19.17823081881984,21.243906785137305,3
scale_default,Epsilon_Greedy,epsilon=0.5,293,20.484149630365057,1.096846382381166,19.38730324798389,21.580996012746223,3
scale_default,Epsilon_Greedy,epsilon=0.5,294,20.675926458445716,1.1038249217423481,19.572101536703368,21.779751380188063,3
scale_default,Epsilon_Greedy,epsilon=0.5,295,20.89694252568952,1.1947696728851043,19.702172852804416,22.091712198574626,3
scale_default,Epsilon_Greedy,epsilon=0.5,296,20.989721021962335,1.2442072782235465,19.74551374373879,22.23392830018588,3
scale_default,Epsilon_Greedy,epsilon=0.5,297,21.081023305957082,1.269623403506519,19.811399902450564,22.3506467094636,3
scale_default,Epsilon_Greedy,epsilon=0.5,298,21.37223594883989,1.2075542278354006,20.164681721004488,22.579790176675292,3
scale_default,Epsilon_Greedy,epsilon=0.5,299,21.531403670287787,1.144708420092702,20.386695250195086,22.67611209038049,3
scale_default,Epsilon_Greedy,epsilon=0.5,300,21.619388492125257,1.240704495427125,20.378683996698133,22.86009298755238,3
scale_default,Epsilon_Greedy,epsilon=0.5,301,21.856286040039762,1.14479271028977,20.71149332974999,23.001078750329533,3
scale_default,Epsilon_Greedy,epsilon=0.5,302,22.332785438409044,0.6555686787325655,21.67721675967648,22.988354117141608,3
scale_default,Epsilon_Greedy,epsilon=0.5,303,22.472247411422817,0.5183918109045095,21.953855600518306,22.990639222327328,3
scale_default,Epsilon_Greedy,epsilon=0.5,304,22.668785674862743,0.4445791419075267,22.224206532955215,23.11336481677027,3
scale_default,Epsilon_Greedy,epsilon=0.5,305,22.908206425814843,0.414650903849123,22.49355552196572,23.322857329663965,3
scale_default,Epsilon_Greedy,epsilon=0.5,306,23.153281039279747,0.3640213339950022,22.789259705284746,23.51730237327475,3
scale_default,Epsilon_Greedy,epsilon=0.5,307,23.34993508259031,0.3252125209253283,23.02472256166498,23.67514760351564,3
scale_default,Epsilon_Greedy,epsilon=0.5,308,23.56030069146006,0.25575427724455624,23.304546414215505,23.816054968704616,3
scale_default,Epsilon_Greedy,epsilon=0.5,309,23.710192904494523,0.3017372144955426,23.40845568999898,24.011930118990065,3
scale_default,Epsilon_Greedy,epsilon=0.5,310,23.873169340762043,0.22402514429499032,23.649144196467052,24.097194485057035,3
scale_default,Epsilon_Greedy,epsilon=0.5,311,24.014327989328365,0.3311366659997098,23.683191323328654,24.345464655328076,3
scale_default,Epsilon_Greedy,epsilon=0.5,312,24.226558083779153,0.32118940354147224,23.905368680237682,24.547747487320624,3
scale_default,Epsilon_Greedy,epsilon=0.5,313,24.40638049936158,0.28185065939583787,24.12452983996574,24.688231158757418,3
scale_default,Epsilon_Greedy,epsilon=0.5,314,24.535024757251676,0.32118731489820307,24.213837442353473,24.85621207214988,3
scale_default,Epsilon_Greedy,epsilon=0.5,315,24.782414605385245,0.4352311002547904,24.347183505130456,25.217645705640034,3
scale_default,Epsilon_Greedy,epsilon=0.5,316,24.955953726697487,0.37661918714357184,24.579334539553916,25.33257291384106,3
scale_default,Epsilon_Greedy,epsilon=0.5,317,25.041651822047697,0.3001484518436142,24.741503370204082,25.341800273891312,3
scale_default,Epsilon_Greedy,epsilon=0.5,318,25.220661361816727,0.3833149283323542,24.837346433484374,25.60397629014908,3
scale_default,Epsilon_Greedy,epsilon=0.5,319,25.37050262283744,0.32324432795751723,25.04725829487992,25.693746950794957,3
scale_default,Epsilon_Greedy,epsilon=0.5,320,25.592211751264983,0.4034162383410122,25.18879551292397,25.995627989605996,3
scale_default,Epsilon_Greedy,epsilon=0.5,321,25.76269812603935,0.48215639336562177,25.28054173267373,26.24485451940497,3
scale_default,Epsilon_Greedy,epsilon=0.5,322,25.98857401076543,0.40177944407035754,25.586794566695072,26.390353454835786,3
scale_default,Epsilon_Greedy,epsilon=0.5,323,26.096025080950454,0.38747872253533966,25.708546358415116,26.483503803485792,3
scale_default,Epsilon_Greedy,epsilon=0.5,324,26.279831007157483,0.2893910532241642,25.99043995393332,26.569222060381648,3
scale_default,Epsilon_Greedy,epsilon=0.5,325,26.353338503280394,0.28835941728652986,26.064979085993865,26.641697920566923,3
scale_default,Epsilon_Greedy,epsilon=0.5,326,26.55041277031684,0.289830151704854,26.260582618611984,26.840242922021694,3
scale_default,Epsilon_Greedy,epsilon=0.5,327,26.634866274755314,0.25516255259260506,26.37970372216271,26.89002882734792,3
scale_default,Epsilon_Greedy,epsilon=0.5,328,26.779068007469718,0.27718255731191643,26.5018854501578,27.056250564781635,3
scale_default,Epsilon_Greedy,epsilon=0.5,329,27.00527701079385,0.4181832574082197,26.58709375338563,27.42346026820207,3
scale_default,Epsilon_Greedy,epsilon=0.5,330,27.256737723655643,0.5219923595955448,26.7347453640601,27.778730083251187,3
scale_default,Epsilon_Greedy,epsilon=0.5,331,27.456673136881236,0.46949289885482703,26.987180238026408,27.926166035736063,3
scale_default,Epsilon_Greedy,epsilon=0.5,332,27.499678006031804,0.5076943322372168,26.991983673794586,28.007372338269022,3
scale_default,Epsilon_Greedy,epsilon=0.5,333,27.73617245283535,0.7119885608476269,27.024183891987725,28.448161013682977,3
scale_default,Epsilon_Greedy,epsilon=0.5,334,27.85017987767513,0.7664031332533242,27.083776744421808,28.616583010928455,3
scale_default,Epsilon_Greedy,epsilon=0.5,335,27.96463655711602,0.7826441573093379,27.18199239980668,28.747280714425358,3
scale_default,Epsilon_Greedy,epsilon=0.5,336,28.20027008751025,0.8524254870480901,27.34784460046216,29.052695574558342,3
scale_default,Epsilon_Greedy,epsilon=0.5,337,28.278680787844593,0.7985192220434054,27.480161565801186,29.077200009888,3
scale_default,Epsilon_Greedy,epsilon=0.5,338,28.420296753351725,0.8149858524391992,27.605310900912524,29.235282605790925,3
scale_default,Epsilon_Greedy,epsilon=0.5,339,28.710018694596002,0.944766574080534,27.765252120515466,29.654785268676537,3
scale_default,Epsilon_Greedy,epsilon=0.5,340,28.83779437212388,1.0495391445560718,27.78825522756781,29.887333516679952,3
scale_default,Epsilon_Greedy,epsilon=0.5,341,29.00926951268534,1.0300046364682243,27.979264876217115,30.039274149153563,3
scale_default,Epsilon_Greedy,epsilon=0.5,342,29.21786683924208,1.088879151864435,28.128987687377645,30.306745991106517,3
scale_default,Epsilon_Greedy,epsilon=0.5,343,29.358490570424483,1.0570326348140904,28.301457935610394,30.41552320523857,3
scale_default,Epsilon_Greedy,epsilon=0.5,344,29.491401926488162,0.9883583063290622,28.5030436201591,30.479760232817224,3
scale_default,Epsilon_Greedy,epsilon=0.5,345,29.668823140859175,0.9336068551755952,28.73521628568358,30.60242999603477,3
scale_default,Epsilon_Greedy,epsilon=0.5,346,29.803486483958608,0.9133243536805612,28.890162130278046,30.71681083763917,3
scale_default,Epsilon_Greedy,epsilon=0.5,347,30.12471993290107,0.6860381638327459,29.438681769068324,30.810758096733814,3
scale_default,Epsilon_Greedy,epsilon=0.5,348,30.438364720678226,0.7438585204934979,29.69450620018473,31.182223241171723,3
scale_default,Epsilon_Greedy,epsilon=0.5,349,30.53688200572137,0.8349077289852155,29.701974276736156,31.371789734706585,3
scale_default,Epsilon_Greedy,epsilon=0.5,350,30.63240162661838,0.8358397438320566,29.79656188278632,31.468241370450436,3
scale_default,Epsilon_Greedy,epsilon=0.5,351,30.707502732873532,0.8166619771889183,29.890840755684614,31.52416471006245,3
scale_default,Epsilon_Greedy,epsilon=0.5,352,30.780948386993952,0.8177306502519156,29.963217736742035,31.59867903724587,3
scale_default,Epsilon_Greedy,epsilon=0.5,353,31.04335235645443,0.8728380648280488,30.170514291626382,31.91619042128248,3
scale_default,Epsilon_Greedy,epsilon=0.5,354,31.23927653060365,0.7858358579092091,30.45344067269444,32.02511238851286,3
scale_default,Epsilon_Greedy,epsilon=0.5,355,31.37357502864785,0.7439217856872308,30.629653242960618,32.11749681433508,3
scale_default,Epsilon_Greedy,epsilon=0.5,356,31.48025671114857,0.6559463145455823,30.82431039660299,32.13620302569415,3
scale_default,Epsilon_Greedy,epsilon=0.5,357,31.63104812049075,0.6766112976177164,30.954436822873035,32.307659418108464,3
scale_default,Epsilon_Greedy,epsilon=0.5,358,31.78489809743313,0.7053157967673038,31.079582300665823,32.49021389420043,3
scale_default,Epsilon_Greedy,epsilon=0.5,359,32.03091035144909,0.6610392742928191,31.36987107715627,32.691949625741906,3
scale_default,Epsilon_Greedy,epsilon=0.5,360,32.20416753719464,0.5844094306723353,31.61975810652231,32.78857696786698,3
scale_default,Epsilon_Greedy,epsilon=0.5,361,32.34132908194092,0.6441943861009395,31.69713469583998,32.98552346804186,3
scale_default,Epsilon_Greedy,epsilon=0.5,362,32.47002824667745,0.5259403869401024,31.944087859737348,32.99596863361755,3
scale_default,Epsilon_Greedy,epsilon=0.5,363,32.50360564929448,0.5525115767913565,31.95109407250312,33.05611722608583,3
scale_default,Epsilon_Greedy,epsilon=0.5,364,32.604480211783574,0.6072353902105918,31.997244821572984,33.211715601994165,3
scale_default,Epsilon_Greedy,epsilon=0.5,365,32.71794818942583,0.45772633304999694,32.260221856375836,33.17567452247583,3
scale_default,Epsilon_Greedy,epsilon=0.5,366,32.939805055452624,0.3448717974146957,32.594933258037926,33.28467685286732,3
scale_default,Epsilon_Greedy,epsilon=0.5,367,33.10060247291407,0.21425077600581738,32.88635169690825,33.31485324891989,3
scale_default,Epsilon_Greedy,epsilon=0.5,368,33.43444260334865,0.36164094460822827,33.072801658740424,33.796083547956876,3
scale_default,Epsilon_Greedy,epsilon=0.5,369,33.56746312469644,0.3467403716360603,33.22072275306038,33.9142034963325,3
scale_default,Epsilon_Greedy,epsilon=0.5,370,33.955392637429995,0.5496113388484856,33.40578129858151,34.50500397627848,3
scale_default,Epsilon_Greedy,epsilon=0.5,371,34.0542021381174,0.4338252052243003,33.620376932893095,34.4880273433417,3
scale_default,Epsilon_Greedy,epsilon=0.5,372,34.19341556644312,0.42910954926147493,33.764306017181646,34.6225251157046,3
scale_default,Epsilon_Greedy,epsilon=0.5,373,34.38586209561917,0.3475790702367666,34.0382830253824,34.733441165855936,3
scale_default,Epsilon_Greedy,epsilon=0.5,374,34.46068278260419,0.2875475907254709,34.173135191878714,34.74823037332966,3
scale_default,Epsilon_Greedy,epsilon=0.5,375,34.69293444132624,0.13648576026125744,34.55644868106498,34.829420201587496,3
scale_default,Epsilon_Greedy,epsilon=0.5,376,34.824289856797776,0.018281966233708376,34.80600789056407,34.842571823031484,3
scale_default,Epsilon_Greedy,epsilon=0.5,377,34.99323965003063,0.07816867980669137,34.91507097022394,35.071408329837325,3
scale_default,Epsilon_Greedy,epsilon=0.5,378,35.17947886538369,0.16947395864421455,35.01000490673948,35.348952824027904,3
scale_default,Epsilon_Greedy,epsilon=0.5,379,35.379018774316116,0.07416651536345419,35.304852258952664,35.45318528967957,3
scale_default,Epsilon_Greedy,epsilon=0.5,380,35.55796066963568,0.1976963573931622,35.36026431224252,35.755657027028846,3
scale_default,Epsilon_Greedy,epsilon=0.5,381,35.81793701080352,0.24784832177821636,35.570088689025305,36.06578533258173,3
scale_default,Epsilon_Greedy,epsilon=0.5,382,35.9589701257421,0.19097859952499852,35.7679915262171,36.149948725267095,3
scale_default,Epsilon_Greedy,epsilon=0.5,383,36.057791845892694,0.24759953148296496,35.81019231440973,36.305391377375656,3
scale_default,Epsilon_Greedy,epsilon=0.5,384,36.15014222847395,0.15569554008455716,35.994446688389395,36.30583776855851,3
scale_default,Epsilon_Greedy,epsilon=0.5,385,36.16508215306314,0.1810862124462805,35.98399594061686,36.34616836550942,3
scale_default,Epsilon_Greedy,epsilon=0.5,386,36.32456035725392,0.2963835693548725,36.02817678789905,36.620943926608795,3
scale_default,Epsilon_Greedy,epsilon=0.5,387,36.50607481208362,0.27630221878084144,36.229772593302776,36.78237703086446,3
scale_default,Epsilon_Greedy,epsilon=0.5,388,36.72791240596658,0.2769942986021738,36.4509181073644,37.004906704568754,3
scale_default,Epsilon_Greedy,epsilon=0.5,389,36.8777845528658,0.3447177327307035,36.5330668201351,37.2225022855965,3
scale_default,Epsilon_Greedy,epsilon=0.5,390,37.00361741481553,0.29683379135121735,36.70678362346431,37.30045120616675,3
scale_default,Epsilon_Greedy,epsilon=0.5,391,37.242923482159505,0.31026632034537527,36.93265716181413,37.55318980250488,3
scale_default,Epsilon_Greedy,epsilon=0.5,392,37.32608325183646,0.3878763104049081,36.93820694143155,37.713959562241364,3
scale_default,Epsilon_Greedy,epsilon=0.5,393,37.408237798414376,0.39946748593788467,37.00877031247649,37.80770528435226,3
scale_default,Epsilon_Greedy,epsilon=0.5,394,37.64070139223198,0.35514525571837924,37.285556136513605,37.99584664795036,3
scale_default,Epsilon_Greedy,epsilon=0.5,395,37.65307389104355,0.36861352114216556,37.28446036990138,38.02168741218571,3
scale_default,Epsilon_Greedy,epsilon=0.5,396,37.773491833261694,0.35757062371310977,37.415921209548586,38.1310624569748,3
scale_default,Epsilon_Greedy,epsilon=0.5,397,37.82573138118909,0.3930189267623807,37.43271245442671,38.21875030795147,3
scale_default,Epsilon_Greedy,epsilon=0.5,398,37.93493536748698,0.5528115835598696,37.382123783927106,38.48774695104685,3
scale_default,Epsilon_Greedy,epsilon=0.5,399,38.16990936922832,0.552989863580321,37.616919505648,38.72289923280864,3
scale_default,Epsilon_Greedy,epsilon=0.5,400,38.32230376639256,0.445950642986119,37.87635312340644,38.76825440937868,3
scale_default,Epsilon_Greedy,epsilon=0.5,401,38.505786071280376,0.38835807734631084,38.117427993934065,38.89414414862669,3
scale_default,Epsilon_Greedy,epsilon=0.5,402,38.678990533454915,0.4539492948922844,38.22504123856263,39.1329398283472,3
scale_default,Epsilon_Greedy,epsilon=0.5,403,38.91645404051412,0.47172728892353694,38.44472675159058,39.38818132943766,3
scale_default,Epsilon_Greedy,epsilon=0.5,404,38.98022394843591,0.5248736370098319,38.45535031142608,39.505097585445746,3
scale_default,Epsilon_Greedy,epsilon=0.5,405,39.24295646387254,0.6209272604069543,38.62202920346559,39.86388372427949,3
scale_default,Epsilon_Greedy,epsilon=0.5,406,39.41002092329034,0.4830394820212721,38.92698144126907,39.89306040531161,3
scale_default,Epsilon_Greedy,epsilon=0.5,407,39.67890883871107,0.5760258504641819,39.10288298824688,40.25493468917525,3
scale_default,Epsilon_Greedy,epsilon=0.5,408,39.8577348664905,0.606933359278977,39.25080150721153,40.46466822576948,3
scale_default,Epsilon_Greedy,epsilon=0.5,409,39.95426068389104,0.5653182852225106,39.38894239866853,40.51957896911355,3
scale_default,Epsilon_Greedy,epsilon=0.5,410,40.11330213892341,0.45573299204431916,39.65756914687909,40.56903513096773,3
scale_default,Epsilon_Greedy,epsilon=0.5,411,40.20435086583958,0.480003070010856,39.72434779582872,40.68435393585044,3
scale_default,Epsilon_Greedy,epsilon=0.5,412,40.36832867335115,0.23087852330611208,40.13745015004504,40.59920719665726,3
scale_default,Epsilon_Greedy,epsilon=0.5,413,40.62047192899607,0.35591527518981936,40.264556653806245,40.97638720418589,3
scale_default,Epsilon_Greedy,epsilon=0.5,414,40.71027514741985,0.34873196434103226,40.361543183078815,41.059007111760884,3
scale_default,Epsilon_Greedy,epsilon=0.5,415,40.86862446263919,0.2786686519108931,40.5899558107283,41.14729311455008,3
scale_default,Epsilon_Greedy,epsilon=0.5,416,41.121786156339304,0.4676813709025638,40.65410478543674,41.589467527241865,3
scale_default,Epsilon_Greedy,epsilon=0.5,417,41.317479291232466,0.4440469944484268,40.87343229678404,41.761526285680894,3
scale_default,Epsilon_Greedy,epsilon=0.5,418,41.56887591884543,0.36839230345471063,41.200483615390716,41.93726822230014,3
scale_default,Epsilon_Greedy,epsilon=0.5,419,41.58082033339139,0.38276137434532354,41.198058959046065,41.96358170773671,3
scale_default,Epsilon_Greedy,epsilon=0.5,420,41.71657060594552,0.5131333819283335,41.203437224017186,42.229703987873854,3
scale_default,Epsilon_Greedy,epsilon=0.5,421,41.8647746413821,0.589332627522258,41.27544201385984,42.45410726890436,3
scale_default,Epsilon_Greedy,epsilon=0.5,422,42.11726402880429,0.7484350255621672,41.368829003242126,42.86569905436646,3
scale_default,Epsilon_Greedy,epsilon=0.5,423,42.30917089781873,0.7310910436802,41.57807985413853,43.04026194149893,3
scale_default,Epsilon_Greedy,epsilon=0.5,424,42.47084653632654,0.7723840242253055,41.69846251210124,43.243230560551844,3
scale_default,Epsilon_Greedy,epsilon=0.5,425,42.56375333812357,0.8574576696390187,41.70629566848455,43.42121100776259,3
scale_default,Epsilon_Greedy,epsilon=0.5,426,42.755870603469475,0.6961694092321602,42.05970119423731,43.45204001270164,3
scale_default,Epsilon_Greedy,epsilon=0.5,427,42.93070025183071,0.6280225975296282,42.30267765430108,43.558722849360336,3
scale_default,Epsilon_Greedy,epsilon=0.5,428,43.16709581573406,0.6078732336870231,42.559222582047035,43.77496904942108,3
scale_default,Epsilon_Greedy,epsilon=0.5,429,43.28414431196671,0.7164438621425485,42.567700449824166,44.00058817410926,3
scale_default,Epsilon_Greedy,epsilon=0.5,430,43.691079716825946,0.6949420555995836,42.99613766122636,44.38602177242553,3
scale_default,Epsilon_Greedy,epsilon=0.5,431,43.81329410042982,0.6909729858830447,43.12232111454678,44.504267086312865,3
scale_default,Epsilon_Greedy,epsilon=0.5,432,43.93918581533537,0.7614584963352213,43.17772731900015,44.700644311670594,3
scale_default,Epsilon_Greedy,epsilon=0.5,433,44.11595716918271,0.8191439283876459,43.29681324079506,44.93510109757035,3
scale_default,Epsilon_Greedy,epsilon=0.5,434,44.43751092626724,0.9061931610459667,43.53131776522127,45.343704087313206,3
scale_default,Epsilon_Greedy,epsilon=0.5,435,44.5461762153141,0.9940136213299868,43.552162593984114,45.54018983664408,3
scale_default,Epsilon_Greedy,epsilon=0.5,436,44.84074316960482,1.1119759627000312,43.72876720690479,45.95271913230485,3
scale_default,Epsilon_Greedy,epsilon=0.5,437,45.02132974675579,1.1670703999738263,43.854259346781966,46.18840014672961,3
scale_default,Epsilon_Greedy,epsilon=0.5,438,45.141687064754926,1.2826372963294344,43.85904976842549,46.42432436108436,3
scale_default,Epsilon_Greedy,epsilon=0.5,439,45.40592330000741,1.1999974338689023,44.20592586613851,46.60592073387631,3
scale_default,Epsilon_Greedy,epsilon=0.5,440,45.57916651422435,1.1694093942400157,44.409757119984334,46.74857590846436,3
scale_default,Epsilon_Greedy,epsilon=0.5,441,45.79172450197343,1.1669222157278463,44.62480228624558,46.95864671770127,3
scale_default,Epsilon_Greedy,epsilon=0.5,442,46.020697319286235,1.258325204938604,44.76237211434763,47.27902252422484,3
scale_default,Epsilon_Greedy,epsilon=0.5,443,46.135566758070524,1.1638669610461594,44.971699797024364,47.299433719116685,3
scale_default,Epsilon_Greedy,epsilon=0.5,444,46.32668076334324,1.208867107498555,45.117813655844685,47.535547870841796,3
scale_default,Epsilon_Greedy,epsilon=0.5,445,46.60209083965333,1.0798511575538643,45.52223968209947,47.68194199720719,3
scale_default,Epsilon_Greedy,epsilon=0.5,446,46.75463267894249,1.1580969442112778,45.59653573473121,47.91272962315377,3
scale_default,Epsilon_Greedy,epsilon=0.5,447,46.863380409995045,1.1466389976988733,45.71674141229617,48.01001940769392,3
scale_default,Epsilon_Greedy,epsilon=0.5,448,46.99773627595429,1.2259463785407028,45.77178989741358,48.22368265449499,3
scale_default,Epsilon_Greedy,epsilon=0.5,449,47.270281506224926,1.3078744668226454,45.96240703940228,48.57815597304757,3
scale_default,Epsilon_Greedy,epsilon=0.5,450,47.40322911470272,1.4320510280346634,45.971178086668054,48.83528014273738,3
scale_default,Epsilon_Greedy,epsilon=0.5,451,47.54195679455336,1.558241011184588,45.98371578336877,49.10019780573794,3
scale_default,Epsilon_Greedy,epsilon=0.5,452,47.65140768719383,1.563012126406008,46.08839556078782,49.21441981359984,3
scale_default,Epsilon_Greedy,epsilon=0.5,453,47.917355633385036,1.740543027478794,46.17681260590624,49.65789866086383,3
scale_default,Epsilon_Greedy,epsilon=0.5,454,48.119972544409904,1.7705031479200548,46.34946939648985,49.89047569232996,3
scale_default,Epsilon_Greedy,epsilon=0.5,455,48.42251054908805,1.6238260045352717,46.79868454455278,50.04633655362333,3
scale_default,Epsilon_Greedy,epsilon=0.5,456,48.64368882441172,1.5423541238504557,47.10133470056126,50.18604294826218,3
scale_default,Epsilon_Greedy,epsilon=0.5,457,48.73593211266635,1.599367421183322,47.136564691483024,50.33529953384967,3
scale_default,Epsilon_Greedy,epsilon=0.5,458,48.957744802736606,1.6247136909083457,47.33303111182826,50.58245849364495,3
scale_default,Epsilon_Greedy,epsilon=0.5,459,49.101791661701476,1.613636890409956,47.48815477129152,50.71542855211143,3
scale_default,Epsilon_Greedy,epsilon=0.5,460,49.19208400263991,1.6309388870068202,47.56114511563309,50.82302288964673,3
scale_default,Epsilon_Greedy,epsilon=0.5,461,49.28349666553043,1.6220604158427354,47.661436249687696,50.90555708137316,3
scale_default,Epsilon_Greedy,epsilon=0.5,462,49.53803550501422,1.7253754626206652,47.81266004239355,51.26341096763489,3
scale_default,Epsilon_Greedy,epsilon=0.5,463,49.80062237771088,1.7997846585178894,48.000837719192994,51.600407036228766,3
scale_default,Epsilon_Greedy,epsilon=0.5,464,49.90832369955135,1.748441134884783,48.15988256466657,51.65676483443614,3
scale_default,Epsilon_Greedy,epsilon=0.5,465,50.06646883402709,1.7878003234587942,48.278668510568295,51.85426915748589,3
scale_default,Epsilon_Greedy,epsilon=0.5,466,50.26325222813683,1.790570986425965,48.472681241710866,52.05382321456279,3
scale_default,Epsilon_Greedy,epsilon=0.5,467,50.52938301338279,1.8316252376860944,48.697757775696694,52.36100825106889,3
scale_default,Epsilon_Greedy,epsilon=0.5,468,50.65304407131273,1.868018981847002,48.78502508946573,52.52106305315973,3
scale_default,Epsilon_Greedy,epsilon=0.5,469,50.82553682853629,1.8860401655264263,48.93949666300987,52.71157699406272,3
scale_default,Epsilon_Greedy,epsilon=0.5,470,50.97976759126959,1.814463244445576,49.165304346824016,52.79423083571517,3
scale_default,Epsilon_Greedy,epsilon=0.5,471,51.12335883333933,1.863770578076573,49.259588255262756,52.98712941141591,3
scale_default,Epsilon_Greedy,epsilon=0.5,472,51.32294536625303,1.8240898808713828,49.49885548538165,53.147035247124414,3
scale_default,Epsilon_Greedy,epsilon=0.5,473,51.619447155172416,1.7863507055273444,49.83309644964507,53.405797860699764,3
scale_default,Epsilon_Greedy,epsilon=0.5,474,52.08724274620588,1.4405762162917137,50.646666529914164,53.5278189624976,3
scale_default,Epsilon_Greedy,epsilon=0.5,475,52.34972198872478,1.297163993240291,51.05255799548449,53.64688598196507,3
scale_default,Epsilon_Greedy,epsilon=0.5,476,52.50614807899398,1.408774277937017,51.09737380105696,53.914922356931,3
scale_default,Epsilon_Greedy,epsilon=0.5,477,52.860567987241446,1.2424060516647322,51.618161935576715,54.102974038906176,3
scale_default,Epsilon_Greedy,epsilon=0.5,478,53.081406478815786,1.0515776073356782,52.029828871480106,54.13298408615147,3
scale_default,Epsilon_Greedy,epsilon=0.5,479,53.26098294524744,1.066241650905466,52.19474129434197,54.32722459615291,3
scale_default,Epsilon_Greedy,epsilon=0.5,480,53.608791640532786,0.9807854410165578,52.62800619951623,54.58957708154934,3
scale_default,Epsilon_Greedy,epsilon=0.5,481,53.85980712612462,0.9046518922527355,52.955155233871885,54.76445901837736,3
scale_default,Epsilon_Greedy,epsilon=0.5,482,54.04525897921227,0.8979190661943706,53.1473399130179,54.94317804540664,3
scale_default,Epsilon_Greedy,epsilon=0.5,483,54.27549498379849,1.001989363202853,53.273505620595635,55.27748434700134,3
scale_default,Epsilon_Greedy,epsilon=0.5,484,54.481981860790114,1.0427729139090767,53.43920894688104,55.52475477469919,3
scale_default,Epsilon_Greedy,epsilon=0.5,485,54.77203134211711,0.8051515168468419,53.96687982527027,55.57718285896395,3
scale_default,Epsilon_Greedy,epsilon=0.5,486,54.91442453247789,0.8268360587773081,54.08758847370058,55.7412605912552,3
scale_default,Epsilon_Greedy,epsilon=0.5,487,55.005745749965904,0.8171289281148936,54.188616821851014,55.822874678080794,3
scale_default,Epsilon_Greedy,epsilon=0.5,488,55.18058444523174,0.7092317898488558,54.47135265538288,55.889816235080595,3
scale_default,Epsilon_Greedy,epsilon=0.5,489,55.21402325453865,0.7067443259316492,54.507278928607,55.920767580470304,3
scale_default,Epsilon_Greedy,epsilon=0.5,490,55.312921926939545,0.6247755317709341,54.68814639516861,55.93769745871048,3
scale_default,Epsilon_Greedy,epsilon=0.5,491,55.509308950072146,0.7484654358622461,54.7608435142099,56.25777438593439,3
scale_default,Epsilon_Greedy,epsilon=0.5,492,55.730161238147865,0.740348464754213,54.98981277339365,56.47050970290208,3
scale_default,Epsilon_Greedy,epsilon=0.5,493,55.91111725748692,0.6874736650060098,55.22364359248091,56.59859092249293,3
scale_default,Epsilon_Greedy,epsilon=0.5,494,56.23515163097719,0.5905045482800195,55.644647082697176,56.82565617925721,3
scale_default,Epsilon_Greedy,epsilon=0.5,495,56.44647961841212,0.7583888424733082,55.68809077593881,57.20486846088543,3
scale_default,Epsilon_Greedy,epsilon=0.5,496,56.499944734850835,0.7790360197455476,55.72090871510529,57.27898075459638,3
scale_default,Epsilon_Greedy,epsilon=0.5,497,56.69245233608401,0.8394853592625846,55.85296697682143,57.53193769534659,3
scale_default,Epsilon_Greedy,epsilon=0.5,498,56.755237788522834,0.8364788991210792,55.91875888940176,57.59171668764391,3
scale_default,Epsilon_Greedy,epsilon=0.5,499,56.96160833961022,0.7747945993050467,56.186813740305176,57.73640293891527,3
scale_default,Epsilon_Greedy,epsilon=0.5,500,57.1512260843657,0.715596744823243,56.43562933954246,57.86682282918895,3
scale_default,Epsilon_Greedy,epsilon=0.5,501,57.39860029285321,0.6938752121103864,56.704725080742826,58.092475504963595,3
scale_default,Epsilon_Greedy,epsilon=0.5,502,57.65097289552423,0.7105492908032505,56.940423604720976,58.36152218632748,3
scale_default,Epsilon_Greedy,epsilon=0.5,503,57.77608505388081,0.7074757378782035,57.06860931600261,58.48356079175902,3
scale_default,Epsilon_Greedy,epsilon=0.5,504,58.061683488173095,0.8746087847157685,57.18707470345733,58.93629227288886,3
scale_default,Epsilon_Greedy,epsilon=0.5,505,58.17915437908491,0.7818320857022812,57.39732229338263,58.9609864647872,3
scale_default,Epsilon_Greedy,epsilon=0.5,506,58.30542103162079,0.7959346567133057,57.50948637490748,59.101355688334095,3
scale_default,Epsilon_Greedy,epsilon=0.5,507,58.46570614464997,0.7938571182098066,57.671849026440164,59.25956326285978,3
scale_default,Epsilon_Greedy,epsilon=0.5,508,58.61754964290759,0.7115090596733484,57.906040583234244,59.32905870258094,3
scale_default,Epsilon_Greedy,epsilon=0.5,509,58.96608842828322,0.39069010351077305,58.57539832477245,59.35677853179399,3
scale_default,Epsilon_Greedy,epsilon=0.5,510,59.04489546826395,0.4243180035832181,58.620577464680736,59.46921347184717,3
scale_default,Epsilon_Greedy,epsilon=0.5,511,59.16522824853499,0.5146689010261578,58.65055934750883,59.67989714956114,3
scale_default,Epsilon_Greedy,epsilon=0.5,512,59.27393620695589,0.49001151442510554,58.78392469253078,59.763947721380994,3
scale_default,Epsilon_Greedy,epsilon=0.5,513,59.518487252969955,0.5136040614838814,59.00488319148607,60.03209131445384,3
scale_default,Epsilon_Greedy,epsilon=0.5,514,59.6002190420872,0.4444937009996175,59.15572534108758,60.04471274308681,3
scale_default,Epsilon_Greedy,epsilon=0.5,515,60.13895251415749,0.1305870244656682,60.00836548969182,60.26953953862316,3
scale_default,Epsilon_Greedy,epsilon=0.5,516,60.38271740224304,0.15856345610073616,60.2241539461423,60.541280858343775,3
scale_default,Epsilon_Greedy,epsilon=0.5,517,60.51205402194834,0.06148704379259052,60.45056697815575,60.573541065740926,3
scale_default,Epsilon_Greedy,epsilon=0.5,518,60.69542814258032,0.17191968669818006,60.52350845588214,60.8673478292785,3
scale_default,Epsilon_Greedy,epsilon=0.5,519,60.866906808533535,0.1923464344020853,60.67456037413145,61.05925324293562,3
scale_default,Epsilon_Greedy,epsilon=0.5,520,60.996731795541926,0.15954695732165677,60.83718483822027,61.156278752863585,3
scale_default,Epsilon_Greedy,epsilon=0.5,521,61.18776554536681,0.21174334273493017,60.97602220263188,61.399508888101735,3
scale_default,Epsilon_Greedy,epsilon=0.5,522,61.508191881382345,0.016379663132911712,61.491812218249436,61.524571544515254,3
scale_default,Epsilon_Greedy,epsilon=0.5,523,61.639454867688166,0.053902375886728124,61.58555249180144,61.693357243574894,3
scale_default,Epsilon_Greedy,epsilon=0.5,524,61.75790317746131,0.11098698536378321,61.64691619209753,61.86889016282509,3
scale_default,Epsilon_Greedy,epsilon=0.5,525,61.953361547883425,0.11447155195437786,61.838889995929044,62.067833099837806,3
scale_default,Epsilon_Greedy,epsilon=0.5,526,62.092335360874266,0.07936698912456569,62.0129683717497,62.17170234999883,3
scale_default,Epsilon_Greedy,epsilon=0.5,527,62.259559944337816,0.24410940873188175,62.015450535605936,62.5036693530697,3
scale_default,Epsilon_Greedy,epsilon=0.5,528,62.50572687019786,0.14121459983886955,62.36451227035899,62.64694147003673,3
scale_default,Epsilon_Greedy,epsilon=0.5,529,62.80028693374056,0.08892357057429742,62.711363363166264,62.88921050431485,3
scale_default,Epsilon_Greedy,epsilon=0.5,530,62.93004546571879,0.10140845777082526,62.82863700794797,63.031453923489615,3
scale_default,Epsilon_Greedy,epsilon=0.5,531,62.96401169547389,0.0644603523412444,62.89955134313265,63.028472047815136,3
scale_default,Epsilon_Greedy,epsilon=0.5,532,63.13199275180406,0.20712674139512807,62.924866010408934,63.33911949319919,3
scale_default,Epsilon_Greedy,epsilon=0.5,533,63.394257582609306,0.32743362375660084,63.06682395885271,63.721691206365904,3
scale_default,Epsilon_Greedy,epsilon=0.5,534,63.51401334478825,0.239295850677118,63.27471749411114,63.75330919546537,3
scale_default,Epsilon_Greedy,epsilon=0.5,535,63.65276806805579,0.37187931964307824,63.280888748412714,64.02464738769888,3
scale_default,Epsilon_Greedy,epsilon=0.5,536,63.773019440015105,0.34793242686116177,63.42508701315394,64.12095186687627,3
scale_default,Epsilon_Greedy,epsilon=0.5,537,64.0325042998448,0.4814760087103538,63.55102829113445,64.51398030855516,3
scale_default,Epsilon_Greedy,epsilon=0.5,538,64.14094792176869,0.4981607156548985,63.64278720611379,64.63910863742359,3
scale_default,Epsilon_Greedy,epsilon=0.5,539,64.33899575780306,0.55799015136646,63.7810056064366,64.89698590916952,3
scale_default,Epsilon_Greedy,epsilon=0.5,540,64.43195951628728,0.5969478894125432,63.83501162687474,65.02890740569983,3
scale_default,Epsilon_Greedy,epsilon=0.5,541,64.68649686922386,0.5539054005591474,64.13259146866471,65.240402269783,3
scale_default,Epsilon_Greedy,epsilon=0.5,542,64.7831467635379,0.47565432720557205,64.30749243633232,65.25880109074348,3
scale_default,Epsilon_Greedy,epsilon=0.5,543,64.9253043018392,0.40961699555231107,64.51568730628689,65.33492129739152,3
scale_default,Epsilon_Greedy,epsilon=0.5,544,65.18681160601022,0.3899427829222386,64.79686882308799,65.57675438893246,3
scale_default,Epsilon_Greedy,epsilon=0.5,545,65.34732954095199,0.42797525931086233,64.91935428164113,65.77530480026284,3
scale_default,Epsilon_Greedy,epsilon=0.5,546,65.56351737813348,0.2151592851114469,65.34835809302204,65.77867666324492,3
scale_default,Epsilon_Greedy,epsilon=0.5,547,65.78306936512455,0.3653171250141285,65.41775224011042,66.14838649013868,3
scale_default,Epsilon_Greedy,epsilon=0.5,548,66.0444346855217,0.3607023078914757,65.68373237763022,66.40513699341317,3
scale_default,Epsilon_Greedy,epsilon=0.5,549,66.22702342900175,0.2624855438985662,65.96453788510318,66.48950897290031,3
scale_default,Epsilon_Greedy,epsilon=0.5,550,66.507901975626,0.3422297042743222,66.16567227135168,66.85013167990031,3
scale_default,Epsilon_Greedy,epsilon=0.5,551,66.67115653955294,0.5846222849315529,66.08653425462138,67.2557788244845,3
scale_default,Epsilon_Greedy,epsilon=0.5,552,66.8150644903979,0.5049307185296288,66.31013377186827,67.31999520892754,3
scale_default,Epsilon_Greedy,epsilon=0.5,553,66.9448999530187,0.5425312808637215,66.40236867215498,67.48743123388243,3
scale_default,Epsilon_Greedy,epsilon=0.5,554,67.07335554772118,0.5133248149606338,66.56003073276054,67.58668036268182,3
scale_default,Epsilon_Greedy,epsilon=0.5,555,67.40284064786623,0.4696349642099159,66.93320568365631,67.87247561207614,3
scale_default,Epsilon_Greedy,epsilon=0.5,556,67.47493814359466,0.5058259994176456,66.969112144177,67.98076414301231,3
scale_default,Epsilon_Greedy,epsilon=0.5,557,67.5805159082271,0.5496995103681671,67.03081639785893,68.13021541859527,3
scale_default,Epsilon_Greedy,epsilon=0.5,558,67.79384330515101,0.5544002107614223,67.23944309438959,68.34824351591244,3
scale_default,Epsilon_Greedy,epsilon=0.5,559,67.92933911663204,0.5740430242458474,67.35529609238618,68.50338214087789,3
scale_default,Epsilon_Greedy,epsilon=0.5,560,68.07934068042651,0.6617210753685602,67.41761960505795,68.74106175579507,3
scale_default,Epsilon_Greedy,epsilon=0.5,561,68.30534114531388,0.670055022950525,67.63528612236335,68.9753961682644,3
scale_default,Epsilon_Greedy,epsilon=0.5,562,68.48387825487775,0.6134589816379802,67.87041927323978,69.09733723651573,3
scale_default,Epsilon_Greedy,epsilon=0.5,563,68.75647393625468,0.7699905201341051,67.98648341612058,69.52646445638878,3
scale_default,Epsilon_Greedy,epsilon=0.5,564,68.85360570055406,0.8293419404847489,68.0242637600693,69.68294764103881,3
scale_default,Epsilon_Greedy,epsilon=0.5,565,69.07932500168509,0.7885662198870974,68.29075878179799,69.8678912215722,3
scale_default,Epsilon_Greedy,epsilon=0.5,566,69.17302706290883,0.7880438731673611,68.38498318974146,69.9610709360762,3
scale_default,Epsilon_Greedy,epsilon=0.5,567,69.3062099298845,0.8965710428120767,68.40963888707243,70.20278097269657,3
scale_default,Epsilon_Greedy,epsilon=0.5,568,69.4304072319179,0.8674553911960635,68.56295184072184,70.29786262311396,3
scale_default,Epsilon_Greedy,epsilon=0.5,569,69.61683196491896,0.8620729552608182,68.75475900965814,70.47890492017977,3
scale_default,Epsilon_Greedy,epsilon=0.5,570,69.7314082140508,0.8224236159122662,68.90898459813853,70.55383182996307,3
scale_default,Epsilon_Greedy,epsilon=0.5,571,70.01925724771179,0.6590637242350642,69.36019352347672,70.67832097194686,3
scale_default,Epsilon_Greedy,epsilon=0.5,572,70.16482188790583,0.6673293388422874,69.49749254906354,70.83215122674812,3
scale_default,Epsilon_Greedy,epsilon=0.5,573,70.25740005790611,0.6188975650547092,69.6385024928514,70.87629762296082,3
scale_default,Epsilon_Greedy,epsilon=0.5,574,70.44963268657595,0.4995514287366694,69.95008125783929,70.94918411531262,3
scale_default,Epsilon_Greedy,epsilon=0.5,575,70.56648198655374,0.5680485372968683,69.99843344925686,71.13453052385061,3
scale_default,Epsilon_Greedy,epsilon=0.5,576,70.7819247831914,0.45554533929715013,70.32637944389425,71.23747012248855,3
scale_default,Epsilon_Greedy,epsilon=0.5,577,70.93158504166881,0.3738938425741049,70.5576911990947,71.30547888424292,3
scale_default,Epsilon_Greedy,epsilon=0.5,578,71.12403236070527,0.31185986579495667,70.81217249491031,71.43589222650023,3
scale_default,Epsilon_Greedy,epsilon=0.5,579,71.32142233000785,0.3032076376449358,71.01821469236292,71.62462996765278,3
scale_default,Epsilon_Greedy,epsilon=0.5,580,71.47316161986835,0.4038926281222465,71.0692689917461,71.8770542479906,3
scale_default,Epsilon_Greedy,epsilon=0.5,581,71.67741866628948,0.31873337139939717,71.35868529489008,71.99615203768889,3
scale_default,Epsilon_Greedy,epsilon=0.5,582,71.82743591106397,0.29863039648094053,71.52880551458303,72.12606630754492,3
scale_default,Epsilon_Greedy,epsilon=0.5,583,72.0178456824246,0.3601540243969008,71.6576916580277,72.37799970682151,3
scale_default,Epsilon_Greedy,epsilon=0.5,584,72.13860078881589,0.33706741353984,71.80153337527605,72.47566820235573,3
scale_default,Epsilon_Greedy,epsilon=0.5,585,72.1730252883959,0.35429022821693573,71.81873506017897,72.52731551661284,3
scale_default,Epsilon_Greedy,epsilon=0.5,586,72.30525225534673,0.2573920035711037,72.04786025177563,72.56264425891783,3
scale_default,Epsilon_Greedy,epsilon=0.5,587,72.45213895520122,0.30193540222110554,72.15020355298012,72.75407435742233,3
scale_default,Epsilon_Greedy,epsilon=0.5,588,72.60162959321588,0.31986596411444795,72.28176362910143,72.92149555733032,3
scale_default,Epsilon_Greedy,epsilon=0.5,589,72.62392319519243,0.32151600142852865,72.3024071937639,72.94543919662097,3
scale_default,Epsilon_Greedy,epsilon=0.5,590,72.872024680062,0.17491915701949895,72.6971055230425,73.0469438370815,3
scale_default,Epsilon_Greedy,epsilon=0.5,591,73.17639701233034,0.0960677463341146,73.08032926599623,73.27246475866446,3
scale_default,Epsilon_Greedy,epsilon=0.5,592,73.27358575338057,0.10326406549120712,73.17032168788937,73.37684981887178,3
scale_default,Epsilon_Greedy,epsilon=0.5,593,73.4445097211192,0.05675858341808607,73.38775113770112,73.50126830453729,3
scale_default,Epsilon_Greedy,epsilon=0.5,594,73.57903172411827,0.11501841522345436,73.4640133088948,73.69405013934173,3
scale_default,Epsilon_Greedy,epsilon=0.5,595,73.69305305391318,0.08303389662242343,73.61001915729075,73.7760869505356,3
scale_default,Epsilon_Greedy,epsilon=0.5,596,73.81414073910041,0.14169164430310405,73.6724490947973,73.95583238340352,3
scale_default,Epsilon_Greedy,epsilon=0.5,597,74.0179134541306,0.16226891554619452,73.85564453858441,74.1801823696768,3
scale_default,Epsilon_Greedy,epsilon=0.5,598,74.49241615622962,0.45432103630609805,74.03809511992353,74.94673719253572,3
scale_default,Epsilon_Greedy,epsilon=0.5,599,74.65848272098594,0.44103295829408995,74.21744976269186,75.09951567928003,3
scale_default,Epsilon_Greedy,epsilon=0.6,0,0.07431374046406476,0.08284945043818676,-0.008535709974121994,0.1571631909022515,3
scale_default,Epsilon_Greedy,epsilon=0.6,1,0.14673683361779163,0.10699097608333016,0.03974585753446147,0.2537278097011218,3
scale_default,Epsilon_Greedy,epsilon=0.6,2,0.21251224462461185,0.16164301177119894,0.05086923285341291,0.3741552563958108,3
scale_default,Epsilon_Greedy,epsilon=0.6,3,0.2235042435961452,0.17820362488198005,0.04530061871416516,0.40170786847812523,3
scale_default,Epsilon_Greedy,epsilon=0.6,4,0.2709328374444135,0.20951584329528042,0.06141699414913307,0.48044868073969393,3
scale_default,Epsilon_Greedy,epsilon=0.6,5,0.3160743300074022,0.2714615340576294,0.0446127959497728,0.5875358640650317,3
scale_default,Epsilon_Greedy,epsilon=0.6,6,0.36712924441163747,0.240663372512182,0.12646587189945546,0.6077926169238195,3
scale_default,Epsilon_Greedy,epsilon=0.6,7,0.3775010605166065,0.23259848196989444,0.14490257854671204,0.6100995424865009,3
scale_default,Epsilon_Greedy,epsilon=0.6,8,0.3825006200314139,0.23755647206713365,0.14494414796428023,0.6200570920985475,3
scale_default,Epsilon_Greedy,epsilon=0.6,9,0.39780298639750816,0.24366723371496707,0.1541357526825411,0.6414702201124752,3
scale_default,Epsilon_Greedy,epsilon=0.6,10,0.4482832221816262,0.19905078298714157,0.24923243919448462,0.6473340051687677,3
scale_default,Epsilon_Greedy,epsilon=0.6,11,0.46436240699436215,0.1997593686795095,0.26460303831485266,0.6641217756738717,3
scale_default,Epsilon_Greedy,epsilon=0.6,12,0.4892318309171037,0.19037503749573695,0.29885679342136673,0.6796068684128407,3
scale_default,Epsilon_Greedy,epsilon=0.6,13,0.5037157420782675,0.17749437204580626,0.32622137003246127,0.6812101141240738,3
scale_default,Epsilon_Greedy,epsilon=0.6,14,0.5187439320734644,0.17727016753731759,0.34147376453614675,0.696014099610782,3
scale_default,Epsilon_Greedy,epsilon=0.6,15,0.5302337694173428,0.17200603184441535,0.3582277375729275,0.7022398012617581,3
scale_default,Epsilon_Greedy,epsilon=0.6,16,0.5351556085314116,0.17421305137182141,0.3609425571595902,0.7093686599032331,3
scale_default,Epsilon_Greedy,epsilon=0.6,17,0.5604354078254284,0.15812035722395945,0.402315050601469,0.7185557650493879,3
scale_default,Epsilon_Greedy,epsilon=0.6,18,0.5854201072371259,0.14119593905715572,0.4442241681799702,0.7266160462942817,3
scale_default,Epsilon_Greedy,epsilon=0.6,19,0.6138877399347368,0.14914330414875754,0.46474443578597924,0.7630310440834943,3
scale_default,Epsilon_Greedy,epsilon=0.6,20,0.6495067917672438,0.13477258902486858,0.5147342027423752,0.7842793807921123,3
scale_default,Epsilon_Greedy,epsilon=0.6,21,0.6703130444329837,0.14298905988525898,0.5273239845477247,0.8133021043182427,3
scale_default,Epsilon_Greedy,epsilon=0.6,22,0.6710021386840879,0.14279028955522913,0.5282118491288588,0.813792428239317,3
scale_default,Epsilon_Greedy,epsilon=0.6,23,0.7295721037459632,0.09013399113360292,0.6394381126123603,0.819706094879566,3
scale_default,Epsilon_Greedy,epsilon=0.6,24,0.752261919422868,0.0693993398079016,0.6828625796149664,0.8216612592307696,3
scale_default,Epsilon_Greedy,epsilon=0.6,25,0.7727030727197532,0.06545742455347818,0.7072456481662751,0.8381604972732314,3
scale_default,Epsilon_Greedy,epsilon=0.6,26,0.7960388202827288,0.07893408387725061,0.7171047364054781,0.8749729041599794,3
scale_default,Epsilon_Greedy,epsilon=0.6,27,0.8212232031882613,0.08837676884951394,0.7328464343387473,0.9095999720377752,3
scale_default,Epsilon_Greedy,epsilon=0.6,28,0.8434360522843013,0.07754831117136582,0.7658877411129354,0.9209843634556671,3
scale_default,Epsilon_Greedy,epsilon=0.6,29,0.851152156012741,0.07852582709689242,0.7726263289158486,0.9296779831096333,3
scale_default,Epsilon_Greedy,epsilon=0.6,30,0.8842584495211497,0.0768870696030197,0.80737137991813,0.9611455191241695,3
scale_default,Epsilon_Greedy,epsilon=0.6,31,0.9089946096086311,0.09775561528150824,0.8112389943271229,1.0067502248901394,3
scale_default,Epsilon_Greedy,epsilon=0.6,32,0.9151051093660962,0.10304802619029267,0.8120570831758036,1.0181531355563889,3
scale_default,Epsilon_Greedy,epsilon=0.6,33,0.9267869624161564,0.09899612363814081,0.8277908387780156,1.0257830860542971,3
scale_default,Epsilon_Greedy,epsilon=0.6,34,0.9694675524248098,0.1379766924982494,0.8314908599265604,1.1074442449230593,3
scale_default,Epsilon_Greedy,epsilon=0.6,35,0.982444661106653,0.13358542605668214,0.8488592350499709,1.116030087163335,3
scale_default,Epsilon_Greedy,epsilon=0.6,36,1.0087227804308585,0.14206381857419317,0.8666589618566654,1.1507865990050516,3
scale_default,Epsilon_Greedy,epsilon=0.6,37,1.0288645060065758,0.14346145174845928,0.8854030542581165,1.1723259577550351,3
scale_default,Epsilon_Greedy,epsilon=0.6,38,1.0434001197686902,0.14534186939238442,0.8980582503763057,1.1887419891610747,3
scale_default,Epsilon_Greedy,epsilon=0.6,39,1.088206529949835,0.15290136439680252,0.9353051655530324,1.2411078943466374,3
scale_default,Epsilon_Greedy,epsilon=0.6,40,1.0937891270651736,0.15120082742417118,0.9425882996410024,1.2449899544893448,3
scale_default,Epsilon_Greedy,epsilon=0.6,41,1.0951190134785203,0.14944261420995372,0.9456763992685665,1.244561627688474,3
scale_default,Epsilon_Greedy,epsilon=0.6,42,1.1130420515155186,0.15899831605504194,0.9540437354604767,1.2720403675705605,3
scale_default,Epsilon_Greedy,epsilon=0.6,43,1.1660269354476775,0.14011519735456057,1.025911738093117,1.306142132802238,3
scale_default,Epsilon_Greedy,epsilon=0.6,44,1.1819691978683429,0.13908469772699672,1.042884500141346,1.3210538955953397,3
scale_default,Epsilon_Greedy,epsilon=0.6,45,1.222194521477875,0.17717151557488922,1.045023005902986,1.3993660370527643,3
scale_default,Epsilon_Greedy,epsilon=0.6,46,1.2255518080682988,0.17625033192496922,1.0493014761433295,1.401802139993268,3
scale_default,Epsilon_Greedy,epsilon=0.6,47,1.2367821121131584,0.18471516340616534,1.052066948706993,1.4214972755193238,3
scale_default,Epsilon_Greedy,epsilon=0.6,48,1.2440298241529615,0.1865555469930261,1.0574742771599355,1.4305853711459875,3
scale_default,Epsilon_Greedy,epsilon=0.6,49,1.2559792719801746,0.2027530591462263,1.0532262128339482,1.4587323311264009,3
scale_default,Epsilon_Greedy,epsilon=0.6,50,1.2865399247470026,0.18274027034909424,1.1037996543979083,1.469280195096097,3
scale_default,Epsilon_Greedy,epsilon=0.6,51,1.3106673763334344,0.17611475628464388,1.1345526200487905,1.4867821326180783,3
scale_default,Epsilon_Greedy,epsilon=0.6,52,1.3239450209009735,0.15900774128541942,1.1649372796155542,1.482952762186393,3
scale_default,Epsilon_Greedy,epsilon=0.6,53,1.344914401618453,0.15344334776346905,1.191471053854984,1.4983577493819222,3
scale_default,Epsilon_Greedy,epsilon=0.6,54,1.3702309448432715,0.18543173985047562,1.1847992049927958,1.5556626846937471,3
scale_default,Epsilon_Greedy,epsilon=0.6,55,1.3896273882938235,0.19406929757278713,1.1955580907210364,1.5836966858666106,3
scale_default,Epsilon_Greedy,epsilon=0.6,56,1.3921701251491931,0.1937130560338768,1.1984570691153162,1.58588318118307,3
scale_default,Epsilon_Greedy,epsilon=0.6,57,1.4070155796241481,0.2034912506872886,1.2035243289368596,1.6105068303114367,3
scale_default,Epsilon_Greedy,epsilon=0.6,58,1.4373322056868532,0.23420156166878564,1.2031306440180676,1.6715337673556387,3
scale_default,Epsilon_Greedy,epsilon=0.6,59,1.45617878532648,0.23572707025612402,1.220451715070356,1.691905855582604,3
scale_default,Epsilon_Greedy,epsilon=0.6,60,1.473002335389798,0.2424946531340418,1.2305076822557564,1.7154969885238398,3
scale_default,Epsilon_Greedy,epsilon=0.6,61,1.5189031564037914,0.23726336434630618,1.2816397920574851,1.7561665207500976,3
scale_default,Epsilon_Greedy,epsilon=0.6,62,1.524448027626801,0.2428217680829945,1.2816262595438066,1.7672697957097956,3
scale_default,Epsilon_Greedy,epsilon=0.6,63,1.5298805950246754,0.24213327747340235,1.287747317551273,1.7720138724980778,3
scale_default,Epsilon_Greedy,epsilon=0.6,64,1.5446212361488196,0.2294309255628766,1.315190310585943,1.7740521617116962,3
scale_default,Epsilon_Greedy,epsilon=0.6,65,1.5505810547284957,0.2256223106880776,1.3249587440404182,1.7762033654165732,3
scale_default,Epsilon_Greedy,epsilon=0.6,66,1.5595407505343113,0.21735020548486936,1.342190545049442,1.7768909560191806,3
scale_default,Epsilon_Greedy,epsilon=0.6,67,1.6311992535194424,0.1323453035365869,1.4988539499828555,1.7635445570560293,3
scale_default,Epsilon_Greedy,epsilon=0.6,68,1.6422711518526103,0.13835866630164834,1.503912485550962,1.7806298181542586,3
scale_default,Epsilon_Greedy,epsilon=0.6,69,1.6717640739948056,0.14788377695239846,1.5238802970424072,1.819647850947204,3
scale_default,Epsilon_Greedy,epsilon=0.6,70,1.7014119266353627,0.14893733192273034,1.5524745947126324,1.850349258558093,3
scale_default,Epsilon_Greedy,epsilon=0.6,71,1.7043537539997364,0.14885391782418003,1.5554998361755563,1.8532076718239165,3
scale_default,Epsilon_Greedy,epsilon=0.6,72,1.7155337935706456,0.14887120941953433,1.5666625841511113,1.86440500299018,3
scale_default,Epsilon_Greedy,epsilon=0.6,73,1.7252602970026327,0.1625307107483449,1.5627295862542878,1.8877910077509776,3
scale_default,Epsilon_Greedy,epsilon=0.6,74,1.7831077259381527,0.10934118572106417,1.6737665402170885,1.892448911659217,3
scale_default,Epsilon_Greedy,epsilon=0.6,75,1.8661186015466271,0.19084859039220392,1.6752700111544232,2.0569671919388313,3
scale_default,Epsilon_Greedy,epsilon=0.6,76,1.8693052594378925,0.18706089739350432,1.682244362044388,2.056366156831397,3
scale_default,Epsilon_Greedy,epsilon=0.6,77,1.9094549435890416,0.19740875700809074,1.7120461865809509,2.1068637005971325,3
scale_default,Epsilon_Greedy,epsilon=0.6,78,1.9252958873861103,0.2168814628234648,1.7084144245626456,2.1421773502095753,3
scale_default,Epsilon_Greedy,epsilon=0.6,79,1.988746234907634,0.1753493515525343,1.8133968833550995,2.164095586460168,3
scale_default,Epsilon_Greedy,epsilon=0.6,80,2.0132550395846662,0.14756793319818107,1.8656871063864853,2.160822972782847,3
scale_default,Epsilon_Greedy,epsilon=0.6,81,2.0766590524062116,0.10572340556739256,1.970935646838819,2.182382457973604,3
scale_default,Epsilon_Greedy,epsilon=0.6,82,2.1061797864716136,0.10171330827855792,2.0044664781930557,2.2078930947501716,3
scale_default,Epsilon_Greedy,epsilon=0.6,83,2.16077484103412,0.14887787568765967,2.0118969653464602,2.30965271672178,3
scale_default,Epsilon_Greedy,epsilon=0.6,84,2.1934571732528623,0.18394633652237258,2.00951083673049,2.3774035097752346,3
scale_default,Epsilon_Greedy,epsilon=0.6,85,2.2025940471601886,0.18594705126060238,2.016646995899586,2.388541098420791,3
scale_default,Epsilon_Greedy,epsilon=0.6,86,2.2552645771308377,0.16597880157253078,2.0892857755583067,2.4212433787033687,3
scale_default,Epsilon_Greedy,epsilon=0.6,87,2.282434759820995,0.16825660787597646,2.1141781519450182,2.4506913676969715,3
scale_default,Epsilon_Greedy,epsilon=0.6,88,2.3179007705324843,0.18206243075509984,2.1358383397773846,2.499963201287584,3
scale_default,Epsilon_Greedy,epsilon=0.6,89,2.3215757778507427,0.17844373884183587,2.143132039008907,2.5000195166925785,3
scale_default,Epsilon_Greedy,epsilon=0.6,90,2.3552001885728853,0.21185125142197042,2.1433489371509147,2.567051439994856,3
scale_default,Epsilon_Greedy,epsilon=0.6,91,2.360335556319645,0.21153186118616066,2.1488036951334846,2.5718674175058056,3
scale_default,Epsilon_Greedy,epsilon=0.6,92,2.380608179710036,0.2252703400905328,2.155337839619503,2.6058785198005685,3
scale_default,Epsilon_Greedy,epsilon=0.6,93,2.4250335858603953,0.26365017628417176,2.1613834095762234,2.688683762144567,3
scale_default,Epsilon_Greedy,epsilon=0.6,94,2.4412161033573394,0.26601657952907726,2.175199523828262,2.7072326828864166,3
scale_default,Epsilon_Greedy,epsilon=0.6,95,2.456431139448357,0.2893002081446299,2.1671309313037272,2.745731347592987,3
scale_default,Epsilon_Greedy,epsilon=0.6,96,2.4636204058703353,0.2945840792660922,2.169036326604243,2.7582044851364276,3
scale_default,Epsilon_Greedy,epsilon=0.6,97,2.505008591110169,0.3506023740073975,2.1544062171027716,2.8556109651175663,3
scale_default,Epsilon_Greedy,epsilon=0.6,98,2.5723917018523053,0.316550925076058,2.2558407767762474,2.888942626928363,3
scale_default,Epsilon_Greedy,epsilon=0.6,99,2.58493370053885,0.31735915403470677,2.267574546504143,2.902292854573557,3
scale_default,Epsilon_Greedy,epsilon=0.6,100,2.5942038495037427,0.32630817577438526,2.2678956737293574,2.920512025278128,3
scale_default,Epsilon_Greedy,epsilon=0.6,101,2.6537313893033088,0.26865337890684793,2.3850780103964606,2.922384768210157,3
scale_default,Epsilon_Greedy,epsilon=0.6,102,2.680218869011798,0.2582538867220288,2.421964982289769,2.938472755733827,3
scale_default,Epsilon_Greedy,epsilon=0.6,103,2.693419151849896,0.26420276770862033,2.429216384141276,2.9576219195585165,3
scale_default,Epsilon_Greedy,epsilon=0.6,104,2.7113341924520094,0.2780738095773842,2.433260382874625,2.9894080020293936,3
scale_default,Epsilon_Greedy,epsilon=0.6,105,2.7384445861556035,0.2775466052815027,2.4608979808741007,3.0159911914371063,3
scale_default,Epsilon_Greedy,epsilon=0.6,106,2.7631957704186103,0.27347344380464095,2.489722326613969,3.0366692142232514,3
scale_default,Epsilon_Greedy,epsilon=0.6,107,2.768626842198755,0.27837719960130347,2.4902496425974516,3.0470040418000583,3
scale_default,Epsilon_Greedy,epsilon=0.6,108,2.791446834232236,0.2652926832332981,2.526154150998938,3.056739517465534,3
scale_default,Epsilon_Greedy,epsilon=0.6,109,2.819185464478751,0.29728250514915083,2.5219029593296,3.116467969627902,3
scale_default,Epsilon_Greedy,epsilon=0.6,110,2.8427658787360692,0.2947977330026208,2.5479681457334484,3.13756361173869,3
scale_default,Epsilon_Greedy,epsilon=0.6,111,2.858883406744324,0.31778119238866814,2.541102214355656,3.1766645991329923,3
scale_default,Epsilon_Greedy,epsilon=0.6,112,2.9147575919056656,0.2951731870126222,2.6195844048930432,3.209930778918288,3
scale_default,Epsilon_Greedy,epsilon=0.6,113,2.919966837933474,0.2923419384354828,2.627624899497991,3.2123087763689564,3
scale_default,Epsilon_Greedy,epsilon=0.6,114,2.928767116572356,0.287412806087515,2.6413543104848407,3.216179922659871,3
scale_default,Epsilon_Greedy,epsilon=0.6,115,2.9895536450725415,0.2907410045531483,2.6988126405193933,3.2802946496256897,3
scale_default,Epsilon_Greedy,epsilon=0.6,116,2.995044262483958,0.28627654375992706,2.7087677187240313,3.281320806243885,3
scale_default,Epsilon_Greedy,epsilon=0.6,117,3.037556597132044,0.2610043039224237,2.7765522932096207,3.2985609010544676,3
scale_default,Epsilon_Greedy,epsilon=0.6,118,3.0888457787556143,0.33983610634026146,2.7490096724153528,3.428681885095876,3
scale_default,Epsilon_Greedy,epsilon=0.6,119,3.177298591025464,0.2682596378034619,2.909038953222002,3.445558228828926,3
scale_default,Epsilon_Greedy,epsilon=0.6,120,3.1860522324953933,0.27057638302405923,2.915475849471334,3.4566286155194526,3
scale_default,Epsilon_Greedy,epsilon=0.6,121,3.1877371044159375,0.2722864792127845,2.915450625203153,3.460023583628722,3
scale_default,Epsilon_Greedy,epsilon=0.6,122,3.1959748552568166,0.28655441069646415,2.9094204445603524,3.4825292659532807,3
scale_default,Epsilon_Greedy,epsilon=0.6,123,3.2213164058664567,0.2965246341459667,2.92479177172049,3.5178410400124234,3
scale_default,Epsilon_Greedy,epsilon=0.6,124,3.22693044405864,0.29396031463075745,2.9329701294278827,3.520890758689397,3
scale_default,Epsilon_Greedy,epsilon=0.6,125,3.2646703577668466,0.3308665184279414,2.933803839338905,3.595536876194788,3
scale_default,Epsilon_Greedy,epsilon=0.6,126,3.288188568586245,0.32929495658260227,2.9588936120036426,3.6174835251688475,3
scale_default,Epsilon_Greedy,epsilon=0.6,127,3.2893606225313583,0.3303005343464755,2.959060088184883,3.6196611568778336,3
scale_default,Epsilon_Greedy,epsilon=0.6,128,3.3000229707348745,0.3220639957058134,2.977958975029061,3.622086966440688,3
scale_default,Epsilon_Greedy,epsilon=0.6,129,3.3159637212524267,0.32137828532158935,2.9945854359308375,3.637342006574016,3
scale_default,Epsilon_Greedy,epsilon=0.6,130,3.3443371494050216,0.3038877913662969,3.0404493580387246,3.6482249407713185,3
scale_default,Epsilon_Greedy,epsilon=0.6,131,3.363404340792757,0.30059165267820387,3.0628126881145534,3.663995993470961,3
scale_default,Epsilon_Greedy,epsilon=0.6,132,3.37027352865733,0.29340278460015173,3.076870744057178,3.663676313257482,3
scale_default,Epsilon_Greedy,epsilon=0.6,133,3.3707767761805223,0.2929233125525373,3.077853463627985,3.6637000887330595,3
scale_default,Epsilon_Greedy,epsilon=0.6,134,3.3983971819401506,0.2747794239579998,3.1236177579821507,3.6731766058981505,3
scale_default,Epsilon_Greedy,epsilon=0.6,135,3.4150144434622693,0.27326529565254665,3.1417491478097226,3.688279739114816,3
scale_default,Epsilon_Greedy,epsilon=0.6,136,3.429815157985068,0.27222199072056463,3.1575931672645035,3.702037148705633,3
scale_default,Epsilon_Greedy,epsilon=0.6,137,3.447261108396011,0.28188423130669854,3.1653768770893125,3.7291453397027094,3
scale_default,Epsilon_Greedy,epsilon=0.6,138,3.4632086411076863,0.2705103534934752,3.192698287614211,3.7337189946011615,3
scale_default,Epsilon_Greedy,epsilon=0.6,139,3.466957372700229,0.2709302672772986,3.196027105422931,3.7378876399775276,3
scale_default,Epsilon_Greedy,epsilon=0.6,140,3.478528134319299,0.2698782958936112,3.208649838425688,3.7484064302129103,3
scale_default,Epsilon_Greedy,epsilon=0.6,141,3.4846224315704517,0.26882999747310626,3.2157924340973456,3.753452429043558,3
scale_default,Epsilon_Greedy,epsilon=0.6,142,3.4934329537888686,0.2827916702972512,3.2106412834916176,3.7762246240861197,3
scale_default,Epsilon_Greedy,epsilon=0.6,143,3.506049038262576,0.2808304529436796,3.2252185853188964,3.786879491206256,3
scale_default,Epsilon_Greedy,epsilon=0.6,144,3.519436254129807,0.27885492497998204,3.2405813291498253,3.798291179109789,3
scale_default,Epsilon_Greedy,epsilon=0.6,145,3.559394528319713,0.26262366702778794,3.2967708612919253,3.8220181953475008,3
scale_default,Epsilon_Greedy,epsilon=0.6,146,3.572222322054538,0.2616940684747006,3.3105282535798377,3.8339163905292386,3
scale_default,Epsilon_Greedy,epsilon=0.6,147,3.619214897167639,0.22447812929376315,3.3947367678738756,3.843693026461402,3
scale_default,Epsilon_Greedy,epsilon=0.6,148,3.62905894307367,0.23410548024148703,3.394953462832183,3.863164423315157,3
scale_default,Epsilon_Greedy,epsilon=0.6,149,3.6454802905402315,0.2277330416032511,3.4177472489369802,3.8732133321434827,3
scale_default,Epsilon_Greedy,epsilon=0.6,150,3.66296232628128,0.21774904615665597,3.4452132801246242,3.880711372437936,3
scale_default,Epsilon_Greedy,epsilon=0.6,151,3.669065317434235,0.21282949021430067,3.4562358272199343,3.881894807648536,3
scale_default,Epsilon_Greedy,epsilon=0.6,152,3.6895149422423343,0.21102943265807445,3.4784855095842597,3.900544374900409,3
scale_default,Epsilon_Greedy,epsilon=0.6,153,3.7008112564482576,0.21044073033119792,3.4903705261170597,3.9112519867794555,3
scale_default,Epsilon_Greedy,epsilon=0.6,154,3.7138920452740134,0.23272338874223353,3.48116865653178,3.946615434016247,3
scale_default,Epsilon_Greedy,epsilon=0.6,155,3.7354072331594215,0.23042789358815632,3.504979339571265,3.965835126747578,3
scale_default,Epsilon_Greedy,epsilon=0.6,156,3.758493961259401,0.22410570396894192,3.534388257290459,3.982599665228343,3
scale_default,Epsilon_Greedy,epsilon=0.6,157,3.7807682262421767,0.23668912748891738,3.5440790987532593,4.0174573537310945,3
scale_default,Epsilon_Greedy,epsilon=0.6,158,3.862997746547823,0.28625622847343724,3.576741518074386,4.14925397502126,3
scale_default,Epsilon_Greedy,epsilon=0.6,159,3.880898149289564,0.2968278077012582,3.5840703415883057,4.177725956990822,3
scale_default,Epsilon_Greedy,epsilon=0.6,160,3.8874122757094742,0.2908067317511044,3.5966055439583697,4.178219007460578,3
scale_default,Epsilon_Greedy,epsilon=0.6,161,3.9390776696975682,0.2967494836521065,3.6423281860454617,4.235827153349675,3
scale_default,Epsilon_Greedy,epsilon=0.6,162,3.951321183299005,0.2884998115945299,3.662821371704475,4.239820994893535,3
scale_default,Epsilon_Greedy,epsilon=0.6,163,4.024838838395692,0.276879692279785,3.747959146115907,4.301718530675477,3
scale_default,Epsilon_Greedy,epsilon=0.6,164,4.056798201521942,0.2802041189609019,3.77659408256104,4.337002320482844,3
scale_default,Epsilon_Greedy,epsilon=0.6,165,4.058805327665425,0.2790719242575689,3.7797334034078562,4.337877251922994,3
scale_default,Epsilon_Greedy,epsilon=0.6,166,4.060116044068975,0.27923240079184053,3.7808836432771344,4.339348444860816,3
scale_default,Epsilon_Greedy,epsilon=0.6,167,4.115252077163948,0.28444975268832345,3.8308023244756244,4.399701829852272,3
scale_default,Epsilon_Greedy,epsilon=0.6,168,4.133094072540721,0.29397226657327663,3.8391218059674443,4.427066339113997,3
scale_default,Epsilon_Greedy,epsilon=0.6,169,4.146775251709273,0.29165634532269946,3.8551189063865734,4.438431597031972,3
scale_default,Epsilon_Greedy,epsilon=0.6,170,4.155254542584961,0.3000007433078095,3.855253799277152,4.455255285892771,3
scale_default,Epsilon_Greedy,epsilon=0.6,171,4.184952364193745,0.277550860398482,3.9074015037952634,4.462503224592227,3
scale_default,Epsilon_Greedy,epsilon=0.6,172,4.19144091885687,0.28047050737053447,3.9109704114863355,4.471911426227404,3
scale_default,Epsilon_Greedy,epsilon=0.6,173,4.2463735345718066,0.2035844394420141,4.042789095129793,4.44995797401382,3
scale_default,Epsilon_Greedy,epsilon=0.6,174,4.248854736013558,0.205204353224554,4.0436503827890045,4.454059089238112,3
scale_default,Epsilon_Greedy,epsilon=0.6,175,4.26135670486146,0.2161839862043896,4.045172718657071,4.477540691065849,3
scale_default,Epsilon_Greedy,epsilon=0.6,176,4.280274066724856,0.22379147240511613,4.05648259431974,4.504065539129972,3
scale_default,Epsilon_Greedy,epsilon=0.6,177,4.337525726190331,0.2515750211832823,4.085950705007049,4.589100747373614,3
scale_default,Epsilon_Greedy,epsilon=0.6,178,4.35982463579742,0.27002489436131194,4.089799741436108,4.629849530158731,3
scale_default,Epsilon_Greedy,epsilon=0.6,179,4.395015782041302,0.29872313158746316,4.096292650453838,4.693738913628765,3
scale_default,Epsilon_Greedy,epsilon=0.6,180,4.449420661147427,0.2821053268569689,4.167315334290459,4.731525988004396,3
scale_default,Epsilon_Greedy,epsilon=0.6,181,4.456626228494385,0.2886457741754173,4.167980454318968,4.745272002669802,3
scale_default,Epsilon_Greedy,epsilon=0.6,182,4.459492528444991,0.287156459205242,4.172336069239749,4.746648987650233,3
scale_default,Epsilon_Greedy,epsilon=0.6,183,4.466486337004619,0.29241598688082293,4.174070350123795,4.758902323885442,3
scale_default,Epsilon_Greedy,epsilon=0.6,184,4.472423789365437,0.283437404040611,4.188986385324826,4.755861193406048,3
scale_default,Epsilon_Greedy,epsilon=0.6,185,4.476814001668369,0.2835215089547921,4.193292492713576,4.760335510623161,3
scale_default,Epsilon_Greedy,epsilon=0.6,186,4.481905927376988,0.2807946812901521,4.201111246086835,4.76270060866714,3
scale_default,Epsilon_Greedy,epsilon=0.6,187,4.5172984682126165,0.23752105459196118,4.279777413620655,4.754819522804578,3
scale_default,Epsilon_Greedy,epsilon=0.6,188,4.535980291737316,0.23281975045506056,4.303160541282256,4.768800042192377,3
scale_default,Epsilon_Greedy,epsilon=0.6,189,4.545358135388929,0.23815127389951687,4.307206861489412,4.783509409288445,3
scale_default,Epsilon_Greedy,epsilon=0.6,190,4.550863547640368,0.24475913394514923,4.306104413695219,4.795622681585518,3
scale_default,Epsilon_Greedy,epsilon=0.6,191,4.591077999164528,0.287774456247512,4.303303542917016,4.878852455412041,3
scale_default,Epsilon_Greedy,epsilon=0.6,192,4.60516601024273,0.30164184931045407,4.303524160932276,4.906807859553184,3
scale_default,Epsilon_Greedy,epsilon=0.6,193,4.642653296020641,0.3364412067663377,4.306212089254303,4.979094502786979,3
scale_default,Epsilon_Greedy,epsilon=0.6,194,4.662693585863469,0.3656577127128356,4.297035873150633,5.028351298576305,3
scale_default,Epsilon_Greedy,epsilon=0.6,195,4.675411165539011,0.34867480265999823,4.326736362879013,5.024085968199009,3
scale_default,Epsilon_Greedy,epsilon=0.6,196,4.685774844267542,0.35594275021232763,4.329832094055215,5.04171759447987,3
scale_default,Epsilon_Greedy,epsilon=0.6,197,4.6975468996372705,0.3567978659823072,4.340749033654963,5.054344765619578,3
scale_default,Epsilon_Greedy,epsilon=0.6,198,4.722769773343651,0.32651095270725433,4.396258820636397,5.049280726050905,3
scale_default,Epsilon_Greedy,epsilon=0.6,199,4.739399977019102,0.33151666982915473,4.407883307189947,5.070916646848256,3
scale_default,Epsilon_Greedy,epsilon=0.6,200,4.926109330413564,0.4822148042321057,4.443894526181459,5.40832413464567,3
scale_default,Epsilon_Greedy,epsilon=0.6,201,5.0187687502390785,0.4732845646979217,4.545484185541157,5.492053314937,3
scale_default,Epsilon_Greedy,epsilon=0.6,202,5.238393675008712,0.3445225599723925,4.89387111503632,5.582916234981105,3
scale_default,Epsilon_Greedy,epsilon=0.6,203,5.322090767067903,0.32921959345169943,4.992871173616203,5.651310360519602,3
scale_default,Epsilon_Greedy,epsilon=0.6,204,5.544477119255487,0.19857522062370103,5.345901898631785,5.743052339879188,3
scale_default,Epsilon_Greedy,epsilon=0.6,205,5.811591255348666,0.28929425253941937,5.522297002809246,6.100885507888085,3
scale_default,Epsilon_Greedy,epsilon=0.6,206,5.996325799259101,0.3175070364670992,5.678818762792002,6.313832835726201,3
scale_default,Epsilon_Greedy,epsilon=0.6,207,6.213700939980948,0.377751574216979,5.83594936576397,6.591452514197927,3
scale_default,Epsilon_Greedy,epsilon=0.6,208,6.524216154602715,0.6151008069913078,5.909115347611407,7.139316961594022,3
scale_default,Epsilon_Greedy,epsilon=0.6,209,6.736149847066268,0.597825445035569,6.138324402030699,7.333975292101837,3
scale_default,Epsilon_Greedy,epsilon=0.6,210,6.8327717879082925,0.6152760897714168,6.217495698136876,7.448047877679709,3
scale_default,Epsilon_Greedy,epsilon=0.6,211,7.0010232032361115,0.4793313992002383,6.521691804035873,7.48035460243635,3
scale_default,Epsilon_Greedy,epsilon=0.6,212,7.120499457893261,0.4706391545958366,6.649860303297424,7.591138612489098,3
scale_default,Epsilon_Greedy,epsilon=0.6,213,7.3625364038744046,0.6106452703626135,6.751891133511791,7.9731816742370185,3
scale_default,Epsilon_Greedy,epsilon=0.6,214,7.504249821215182,0.4456779804784885,7.058571840736693,7.94992780169367,3
scale_default,Epsilon_Greedy,epsilon=0.6,215,7.673891124368169,0.4899075192695128,7.183983605098657,8.163798643637682,3
scale_default,Epsilon_Greedy,epsilon=0.6,216,7.987228116469267,0.5558219940115452,7.431406122457722,8.543050110480813,3
scale_default,Epsilon_Greedy,epsilon=0.6,217,8.39879680561136,0.3906365429585906,8.008160262652769,8.78943334856995,3
scale_default,Epsilon_Greedy,epsilon=0.6,218,8.552124152718575,0.5094473772160296,8.042676775502546,9.061571529934604,3
scale_default,Epsilon_Greedy,epsilon=0.6,219,8.646605249039384,0.4262325071047974,8.220372741934586,9.072837756144182,3
scale_default,Epsilon_Greedy,epsilon=0.6,220,8.838528353755388,0.545663659815382,8.292864693940006,9.38419201357077,3
scale_default,Epsilon_Greedy,epsilon=0.6,221,9.097240629609084,0.5160066714074151,8.581233958201668,9.6132473010165,3
scale_default,Epsilon_Greedy,epsilon=0.6,222,9.194921724701773,0.48314717439151605,8.711774550310258,9.678068899093288,3
scale_default,Epsilon_Greedy,epsilon=0.6,223,9.365055185928236,0.5358372992077163,8.82921788672052,9.900892485135952,3
scale_default,Epsilon_Greedy,epsilon=0.6,224,9.471181069207583,0.5715835847864923,8.899597484421092,10.042764653994075,3
scale_default,Epsilon_Greedy,epsilon=0.6,225,9.756253670794514,0.5030370371630067,9.253216633631508,10.25929070795752,3
scale_default,Epsilon_Greedy,epsilon=0.6,226,9.86223295784095,0.5807054107263729,9.281527547114578,10.442938368567322,3
scale_default,Epsilon_Greedy,epsilon=0.6,227,10.11173753646996,0.5238319132414422,9.587905623228517,10.635569449711403,3
scale_default,Epsilon_Greedy,epsilon=0.6,228,10.363649497016388,0.33309729722953507,10.030552199786852,10.696746794245923,3
scale_default,Epsilon_Greedy,epsilon=0.6,229,10.532786361957164,0.4996427561264781,10.033143605830686,11.032429118083643,3
scale_default,Epsilon_Greedy,epsilon=0.6,230,10.775125173772173,0.6031608606348449,10.171964313137329,11.378286034407017,3
scale_default,Epsilon_Greedy,epsilon=0.6,231,10.923214256668672,0.5718294816661121,10.35138477500256,11.495043738334784,3
scale_default,Epsilon_Greedy,epsilon=0.6,232,11.122492720501713,0.6202294582836303,10.502263262218083,11.742722178785343,3
scale_default,Epsilon_Greedy,epsilon=0.6,233,11.227196172784256,0.5498882774524787,10.677307895331777,11.777084450236734,3
scale_default,Epsilon_Greedy,epsilon=0.6,234,11.345298848444706,0.6866250086648116,10.658673839779894,12.031923857109518,3
scale_default,Epsilon_Greedy,epsilon=0.6,235,11.46550573385018,0.6235675417105326,10.841938192139647,12.089073275560711,3
scale_default,Epsilon_Greedy,epsilon=0.6,236,11.843369460645912,0.8389088661067743,11.004460594539138,12.682278326752686,3
scale_default,Epsilon_Greedy,epsilon=0.6,237,12.026864744776134,0.7872757298617469,11.239589014914387,12.814140474637881,3
scale_default,Epsilon_Greedy,epsilon=0.6,238,12.178941854389379,0.9458195177434076,11.233122336645971,13.124761372132786,3
scale_default,Epsilon_Greedy,epsilon=0.6,239,12.440770192554448,0.9989002788302095,11.441869913724238,13.439670471384657,3
scale_default,Epsilon_Greedy,epsilon=0.6,240,12.556673473541224,0.901100378634825,11.6555730949064,13.457773852176048,3
scale_default,Epsilon_Greedy,epsilon=0.6,241,12.666537633654778,0.9679214086611135,11.698616224993664,13.634459042315893,3
scale_default,Epsilon_Greedy,epsilon=0.6,242,12.856771341973422,1.009772802574211,11.84699853939921,13.866544144547634,3
scale_default,Epsilon_Greedy,epsilon=0.6,243,13.087218106327938,0.9946540447617974,12.092564061566142,14.081872151089735,3
scale_default,Epsilon_Greedy,epsilon=0.6,244,13.338104333056412,0.9500187404934822,12.38808559256293,14.288123073549894,3
scale_default,Epsilon_Greedy,epsilon=0.6,245,13.409972905199082,0.916801042496827,12.493171862702255,14.326773947695909,3
scale_default,Epsilon_Greedy,epsilon=0.6,246,13.656520074292105,0.865759163199879,12.790760911092226,14.522279237491984,3
scale_default,Epsilon_Greedy,epsilon=0.6,247,13.889538785740351,0.9318505244869045,12.957688261253447,14.821389310227255,3
scale_default,Epsilon_Greedy,epsilon=0.6,248,14.065020220369783,1.1030919848713785,12.961928235498405,15.168112205241162,3
scale_default,Epsilon_Greedy,epsilon=0.6,249,14.260937206809759,1.004065026965497,13.256872179844262,15.265002233775256,3
scale_default,Epsilon_Greedy,epsilon=0.6,250,14.434660258968142,0.9250658304342676,13.509594428533875,15.35972608940241,3
scale_default,Epsilon_Greedy,epsilon=0.6,251,14.689855391282421,0.7249679676047013,13.96488742367772,15.414823358887123,3
scale_default,Epsilon_Greedy,epsilon=0.6,252,14.787330242597259,0.67617545307397,14.111154789523288,15.463505695671229,3
scale_default,Epsilon_Greedy,epsilon=0.6,253,15.153862494496302,0.461235501938998,14.692626992557305,15.6150979964353,3
scale_default,Epsilon_Greedy,epsilon=0.6,254,15.31129489710559,0.41603867046208665,14.895256226643504,15.727333567567676,3
scale_default,Epsilon_Greedy,epsilon=0.6,255,15.389679168295187,0.39583071689080124,14.993848451404386,15.785509885185988,3
scale_default,Epsilon_Greedy,epsilon=0.6,256,15.520577681563195,0.3830983227742591,15.137479358788935,15.903676004337454,3
scale_default,Epsilon_Greedy,epsilon=0.6,257,15.64065951218474,0.3543460166143087,15.28631349557043,15.99500552879905,3
scale_default,Epsilon_Greedy,epsilon=0.6,258,15.786052630840805,0.29221342213051543,15.49383920871029,16.07826605297132,3
scale_default,Epsilon_Greedy,epsilon=0.6,259,15.86732569969845,0.21110886996827408,15.656216829730175,16.078434569666722,3
scale_default,Epsilon_Greedy,epsilon=0.6,260,16.05663342652585,0.1186402091947302,15.937993217331119,16.17527363572058,3
scale_default,Epsilon_Greedy,epsilon=0.6,261,16.224432799839295,0.19445714374840534,16.02997565609089,16.4188899435877,3
scale_default,Epsilon_Greedy,epsilon=0.6,262,16.32828477721927,0.19470534420439153,16.13357943301488,16.52299012142366,3
scale_default,Epsilon_Greedy,epsilon=0.6,263,16.40071348817511,0.25189707309251963,16.148816415082592,16.65261056126763,3
scale_default,Epsilon_Greedy,epsilon=0.6,264,16.602357259649338,0.32970925144664304,16.272648008202694,16.932066511095982,3
scale_default,Epsilon_Greedy,epsilon=0.6,265,16.909515256414352,0.3718742942561894,16.53764096215816,17.281389550670543,3
scale_default,Epsilon_Greedy,epsilon=0.6,266,17.10428108043654,0.357762675335375,16.746518405101163,17.462043755771916,3
scale_default,Epsilon_Greedy,epsilon=0.6,267,17.177837676723225,0.33847229883946583,16.83936537788376,17.51630997556269,3
scale_default,Epsilon_Greedy,epsilon=0.6,268,17.326857792877984,0.3946448731290855,16.9322129197489,17.72150266600707,3
scale_default,Epsilon_Greedy,epsilon=0.6,269,17.571207210014816,0.17614369502069488,17.39506351499412,17.74735090503551,3
scale_default,Epsilon_Greedy,epsilon=0.6,270,17.65646987766874,0.17989570451553985,17.4765741731532,17.836365582184282,3
scale_default,Epsilon_Greedy,epsilon=0.6,271,17.870704745760076,0.339834364203535,17.53087038155654,18.210539109963612,3
scale_default,Epsilon_Greedy,epsilon=0.6,272,18.026545202707634,0.37184209177323346,17.6547031109344,18.39838729448087,3
scale_default,Epsilon_Greedy,epsilon=0.6,273,18.26398080633331,0.44348767719092064,17.820493129142392,18.70746848352423,3
scale_default,Epsilon_Greedy,epsilon=0.6,274,18.400092395143346,0.5050862767985704,17.895006118344774,18.90517867194192,3
scale_default,Epsilon_Greedy,epsilon=0.6,275,18.571680864840584,0.45348634678199257,18.11819451805859,19.025167211622577,3
scale_default,Epsilon_Greedy,epsilon=0.6,276,18.655809224378295,0.4768143555907576,18.178994868787537,19.132623579969053,3
scale_default,Epsilon_Greedy,epsilon=0.6,277,18.798171791446325,0.5582162827456776,18.239955508700646,19.356388074192004,3
scale_default,Epsilon_Greedy,epsilon=0.6,278,18.897378352383107,0.558694072229457,18.33868428015365,19.456072424612564,3
scale_default,Epsilon_Greedy,epsilon=0.6,279,19.083635066790013,0.5582891920514168,18.525345874738598,19.641924258841428,3
scale_default,Epsilon_Greedy,epsilon=0.6,280,19.158939190551468,0.5355117713704963,18.62342741918097,19.694450961921966,3
scale_default,Epsilon_Greedy,epsilon=0.6,281,19.33117016620058,0.5700521049873765,18.761118061213203,19.901222271187955,3
scale_default,Epsilon_Greedy,epsilon=0.6,282,19.458294081253335,0.6141689480424558,18.84412513321088,20.07246302929579,3
scale_default,Epsilon_Greedy,epsilon=0.6,283,19.508515916813412,0.646503299409347,18.862012617404066,20.155019216222758,3
scale_default,Epsilon_Greedy,epsilon=0.6,284,19.665266385875256,0.543759404496918,19.12150698137834,20.209025790372174,3
scale_default,Epsilon_Greedy,epsilon=0.6,285,19.829203776950084,0.6171014102685334,19.212102366681552,20.446305187218616,3
scale_default,Epsilon_Greedy,epsilon=0.6,286,19.97733043110543,0.7872069207578298,19.1901235103476,20.764537351863257,3
scale_default,Epsilon_Greedy,epsilon=0.6,287,20.22882562660603,0.7972093556104909,19.43161627099554,21.026034982216522,3
scale_default,Epsilon_Greedy,epsilon=0.6,288,20.492109813841765,0.844702122181054,19.64740769166071,21.33681193602282,3
scale_default,Epsilon_Greedy,epsilon=0.6,289,20.609094075499183,0.8610750266986968,19.748019048800487,21.47016910219788,3
scale_default,Epsilon_Greedy,epsilon=0.6,290,20.991394547196524,0.7401536918563746,20.25124085534015,21.7315482390529,3
scale_default,Epsilon_Greedy,epsilon=0.6,291,21.16264481649527,0.7947405620402888,20.36790425445498,21.95738537853556,3
scale_default,Epsilon_Greedy,epsilon=0.6,292,21.22536631490952,0.7467137546882914,20.47865256022123,21.972080069597812,3
scale_default,Epsilon_Greedy,epsilon=0.6,293,21.318614830501478,0.6961691343637335,20.622445696137746,22.01478396486521,3
scale_default,Epsilon_Greedy,epsilon=0.6,294,21.5480243184515,0.6462054475353107,20.901818870916188,22.19422976598681,3
scale_default,Epsilon_Greedy,epsilon=0.6,295,21.71712899268998,0.6453711098196975,21.07175788287028,22.362500102509678,3
scale_default,Epsilon_Greedy,epsilon=0.6,296,21.84360030456412,0.5520649590843831,21.291535345479737,22.395665263648503,3
scale_default,Epsilon_Greedy,epsilon=0.6,297,22.013496136373238,0.5164045160624363,21.4970916203108,22.529900652435675,3
scale_default,Epsilon_Greedy,epsilon=0.6,298,22.25034008438385,0.312536394159162,21.937803690224687,22.562876478543014,3
scale_default,Epsilon_Greedy,epsilon=0.6,299,22.506408655212642,0.25147840300692914,22.254930252205714,22.75788705821957,3
scale_default,Epsilon_Greedy,epsilon=0.6,300,22.67441336045154,0.269180093815163,22.405233266636376,22.9435934542667,3
scale_default,Epsilon_Greedy,epsilon=0.6,301,22.920541336451976,0.22040718654082053,22.700134149911154,23.140948522992797,3
scale_default,Epsilon_Greedy,epsilon=0.6,302,23.106873055697264,0.20717576715503452,22.899697288542228,23.3140488228523,3
scale_default,Epsilon_Greedy,epsilon=0.6,303,23.232589000154643,0.1958323422700953,23.03675665788455,23.428421342424738,3
scale_default,Epsilon_Greedy,epsilon=0.6,304,23.37935500102329,0.121989471801306,23.257365529221982,23.501344472824595,3
scale_default,Epsilon_Greedy,epsilon=0.6,305,23.540289199657803,0.2164790155252445,23.323810184132558,23.756768215183047,3
scale_default,Epsilon_Greedy,epsilon=0.6,306,23.790557632158283,0.18168937658661005,23.60886825557167,23.972247008744894,3
scale_default,Epsilon_Greedy,epsilon=0.6,307,23.943930628093955,0.2570514607170639,23.68687916737689,24.20098208881102,3
scale_default,Epsilon_Greedy,epsilon=0.6,308,24.070274686256116,0.23452806629220777,23.83574661996391,24.304802752548323,3
scale_default,Epsilon_Greedy,epsilon=0.6,309,24.09515404953738,0.20798520766368886,23.88716884187369,24.30313925720107,3
scale_default,Epsilon_Greedy,epsilon=0.6,310,24.21512581233169,0.23863665861854105,23.976489153713146,24.45376247095023,3
scale_default,Epsilon_Greedy,epsilon=0.6,311,24.31621481641986,0.3645616272313252,23.951653189188534,24.680776443651183,3
scale_default,Epsilon_Greedy,epsilon=0.6,312,24.495056567885243,0.4523785020323648,24.04267806585288,24.947435069917606,3
scale_default,Epsilon_Greedy,epsilon=0.6,313,24.69848921884974,0.4539383867450794,24.24455083210466,25.15242760559482,3
scale_default,Epsilon_Greedy,epsilon=0.6,314,24.899896703617234,0.44871739906531105,24.45117930455192,25.348614102682546,3
scale_default,Epsilon_Greedy,epsilon=0.6,315,25.088690223109626,0.5774222193258374,24.51126800378379,25.666112442435463,3
scale_default,Epsilon_Greedy,epsilon=0.6,316,25.251135525276908,0.5386787002870991,24.712456824989808,25.789814225564008,3
scale_default,Epsilon_Greedy,epsilon=0.6,317,25.41710523178061,0.6189803334073166,24.798124898373292,26.03608556518793,3
scale_default,Epsilon_Greedy,epsilon=0.6,318,25.611767498198716,0.5709018215267146,25.040865676672002,26.18266931972543,3
scale_default,Epsilon_Greedy,epsilon=0.6,319,25.810450140450445,0.489099217223817,25.32135092322663,26.299549357674262,3
scale_default,Epsilon_Greedy,epsilon=0.6,320,25.996799515220562,0.42257744382069384,25.57422207139987,26.419376959041255,3
scale_default,Epsilon_Greedy,epsilon=0.6,321,26.173388397018368,0.5125912595839314,25.660797137434436,26.6859796566023,3
scale_default,Epsilon_Greedy,epsilon=0.6,322,26.358278955733795,0.47817230181675274,25.880106653917043,26.836451257550547,3
scale_default,Epsilon_Greedy,epsilon=0.6,323,26.440195255605868,0.5143159279994198,25.92587932760645,26.954511183605288,3
scale_default,Epsilon_Greedy,epsilon=0.6,324,26.612782752167977,0.4931875554322447,26.119595196735734,27.10597030760022,3
scale_default,Epsilon_Greedy,epsilon=0.6,325,26.772535074229907,0.5157277443736578,26.25680732985625,27.288262818603563,3
scale_default,Epsilon_Greedy,epsilon=0.6,326,26.982762399957124,0.5985229276413924,26.38423947231573,27.58128532759852,3
scale_default,Epsilon_Greedy,epsilon=0.6,327,27.189243759210413,0.6266538571860951,26.562589902024317,27.81589761639651,3
scale_default,Epsilon_Greedy,epsilon=0.6,328,27.268204822997564,0.6595289722683104,26.608675850729252,27.927733795265876,3
scale_default,Epsilon_Greedy,epsilon=0.6,329,27.463448581575616,0.8142663837924763,26.64918219778314,28.27771496536809,3
scale_default,Epsilon_Greedy,epsilon=0.6,330,27.718136125614233,0.9471228333319041,26.77101329228233,28.665258958946136,3
scale_default,Epsilon_Greedy,epsilon=0.6,331,27.875278844062013,0.807890228867255,27.06738861519476,28.683169072929267,3
scale_default,Epsilon_Greedy,epsilon=0.6,332,28.05333385275674,0.9309372392113615,27.12239661354538,28.9842710919681,3
scale_default,Epsilon_Greedy,epsilon=0.6,333,28.37998633385638,0.7996917110385708,27.58029462281781,29.17967804489495,3
scale_default,Epsilon_Greedy,epsilon=0.6,334,28.535244966594302,0.7610284464677954,27.774216520126508,29.296273413062096,3
scale_default,Epsilon_Greedy,epsilon=0.6,335,28.774588508385502,0.6641021066918793,28.110486401693624,29.43869061507738,3
scale_default,Epsilon_Greedy,epsilon=0.6,336,28.98767683769457,0.8747374318192044,28.112939405875363,29.862414269513774,3
scale_default,Epsilon_Greedy,epsilon=0.6,337,29.20576472177522,0.8885995782839045,28.317165143491316,30.094364300059127,3
scale_default,Epsilon_Greedy,epsilon=0.6,338,29.27559353241477,0.95249945999111,28.32309407242366,30.22809299240588,3
scale_default,Epsilon_Greedy,epsilon=0.6,339,29.414762033623465,0.8887824719309063,28.52597956169256,30.30354450555437,3
scale_default,Epsilon_Greedy,epsilon=0.6,340,29.566565321357785,0.8060959256394729,28.760469395718314,30.372661246997257,3
scale_default,Epsilon_Greedy,epsilon=0.6,341,29.689994871069654,0.9278372860273475,28.762157585042306,30.617832157097002,3
scale_default,Epsilon_Greedy,epsilon=0.6,342,29.893264736081168,0.9899593974166706,28.9033053386645,30.883224133497837,3
scale_default,Epsilon_Greedy,epsilon=0.6,343,30.06604626858038,0.9669572562076268,29.09908901237275,31.033003524788008,3
scale_default,Epsilon_Greedy,epsilon=0.6,344,30.197893368290185,0.9200188689013435,29.27787449938884,31.11791223719153,3
scale_default,Epsilon_Greedy,epsilon=0.6,345,30.287148670438913,0.8821502667328891,29.404998403706024,31.169298937171803,3
scale_default,Epsilon_Greedy,epsilon=0.6,346,30.452388857633625,0.9468554639640334,29.50553339366959,31.39924432159766,3
scale_default,Epsilon_Greedy,epsilon=0.6,347,30.622618613240743,0.9353640807388279,29.687254532501914,31.55798269397957,3
scale_default,Epsilon_Greedy,epsilon=0.6,348,30.808127896677835,0.8242375518097561,29.98389034486808,31.63236544848759,3
scale_default,Epsilon_Greedy,epsilon=0.6,349,30.991116538748532,0.8066634162751382,30.184453122473393,31.79777995502367,3
scale_default,Epsilon_Greedy,epsilon=0.6,350,31.09813615400392,0.8339996997666886,30.26413645423723,31.93213585377061,3
scale_default,Epsilon_Greedy,epsilon=0.6,351,31.158556287057213,0.7576492043268499,30.400907082730363,31.916205491384062,3
scale_default,Epsilon_Greedy,epsilon=0.6,352,31.263450135014523,0.7964694414657681,30.466980693548756,32.05991957648029,3
scale_default,Epsilon_Greedy,epsilon=0.6,353,31.40383701914524,0.9247947957731628,30.479042223372076,32.3286318149184,3
scale_default,Epsilon_Greedy,epsilon=0.6,354,31.666574786471504,0.876606558418752,30.78996822805275,32.54318134489026,3
scale_default,Epsilon_Greedy,epsilon=0.6,355,31.737163581967476,0.8196972438687307,30.917466338098745,32.5568608258362,3
scale_default,Epsilon_Greedy,epsilon=0.6,356,32.051084564586965,0.9523740055355544,31.098710559051412,33.00345857012252,3
scale_default,Epsilon_Greedy,epsilon=0.6,357,32.2173417687534,0.9554796306949588,31.26186213805844,33.17282139944836,3
scale_default,Epsilon_Greedy,epsilon=0.6,358,32.336162864629365,0.9639105567370786,31.372252307892285,33.30007342136644,3
scale_default,Epsilon_Greedy,epsilon=0.6,359,32.48281007253549,1.008974181572756,31.473835890962736,33.491784254108246,3
scale_default,Epsilon_Greedy,epsilon=0.6,360,32.60338394816825,1.0085828897039386,31.594801058464313,33.61196683787219,3
scale_default,Epsilon_Greedy,epsilon=0.6,361,32.69251538143396,1.036288651590114,31.656226729843844,33.72880403302407,3
scale_default,Epsilon_Greedy,epsilon=0.6,362,32.86905119374679,0.987012942749949,31.882038250996843,33.85606413649674,3
scale_default,Epsilon_Greedy,epsilon=0.6,363,32.96474255615363,1.0259977723980527,31.938744783755578,33.99074032855168,3
scale_default,Epsilon_Greedy,epsilon=0.6,364,33.10497341485962,0.9520310593904558,32.152942355469165,34.05700447425008,3
scale_default,Epsilon_Greedy,epsilon=0.6,365,33.27982861495776,0.8554318380593436,32.42439677689841,34.1352604530171,3
scale_default,Epsilon_Greedy,epsilon=0.6,366,33.463711005675286,0.9670560450656958,32.49665496060959,34.43076705074098,3
scale_default,Epsilon_Greedy,epsilon=0.6,367,33.71734463135338,0.80235181796516,32.91499281338822,34.51969644931854,3
scale_default,Epsilon_Greedy,epsilon=0.6,368,34.07317834413751,0.9579742851107704,33.11520405902674,35.03115262924828,3
scale_default,Epsilon_Greedy,epsilon=0.6,369,34.20620132570394,1.024662489222248,33.181538836481685,35.23086381492619,3
scale_default,Epsilon_Greedy,epsilon=0.6,370,34.40835891490346,0.7218894684390265,33.686469446464436,35.13024838334248,3
scale_default,Epsilon_Greedy,epsilon=0.6,371,34.63676562278036,0.820958213578378,33.81580740920198,35.45772383635874,3
scale_default,Epsilon_Greedy,epsilon=0.6,372,34.83445507573885,0.9400852220933358,33.894369853645514,35.77454029783219,3
scale_default,Epsilon_Greedy,epsilon=0.6,373,34.94807706481931,0.9808777855106958,33.967199279308616,35.92895485033,3
scale_default,Epsilon_Greedy,epsilon=0.6,374,35.14873359961572,0.9668460221996562,34.18188757741606,36.11557962181537,3
scale_default,Epsilon_Greedy,epsilon=0.6,375,35.39449385148121,0.7861897969905763,34.60830405449063,36.180683648471785,3
scale_default,Epsilon_Greedy,epsilon=0.6,376,35.51784430565564,0.8500368141333615,34.66780749152228,36.367881119789004,3
scale_default,Epsilon_Greedy,epsilon=0.6,377,35.63781648033763,0.8648928363569051,34.77292364398072,36.502709316694535,3
scale_default,Epsilon_Greedy,epsilon=0.6,378,35.75799928181262,0.8273798972508749,34.93061938456175,36.585379179063494,3
scale_default,Epsilon_Greedy,epsilon=0.6,379,36.047282490280196,0.6476734147429594,35.399609075537235,36.69495590502316,3
scale_default,Epsilon_Greedy,epsilon=0.6,380,36.240996719755536,0.5354154713426179,35.70558124841292,36.77641219109815,3
scale_default,Epsilon_Greedy,epsilon=0.6,381,36.37160376891081,0.6200466040748244,35.75155716483599,36.99165037298563,3
scale_default,Epsilon_Greedy,epsilon=0.6,382,36.526606249316096,0.7684902916475698,35.75811595766853,37.29509654096366,3
scale_default,Epsilon_Greedy,epsilon=0.6,383,36.67084989587743,0.7691726921322706,35.90167720374516,37.440022588009704,3
scale_default,Epsilon_Greedy,epsilon=0.6,384,36.83192283138373,0.8316554033384427,36.000267428045284,37.66357823472217,3
scale_default,Epsilon_Greedy,epsilon=0.6,385,37.09123620204118,0.8157296218060653,36.27550658023512,37.906965823847244,3
scale_default,Epsilon_Greedy,epsilon=0.6,386,37.220812345013435,0.8395812358360548,36.38123110917738,38.06039358084949,3
scale_default,Epsilon_Greedy,epsilon=0.6,387,37.44162317227204,0.846320387169992,36.59530278510205,38.28794355944203,3
scale_default,Epsilon_Greedy,epsilon=0.6,388,37.543151287011355,0.8167985167314155,36.72635277027994,38.35994980374277,3
scale_default,Epsilon_Greedy,epsilon=0.6,389,37.748082090776904,0.8578839200559608,36.89019817072094,38.605966010832866,3
scale_default,Epsilon_Greedy,epsilon=0.6,390,37.82201991383789,0.8650651434857584,36.956954770352134,38.68708505732365,3
scale_default,Epsilon_Greedy,epsilon=0.6,391,38.004269466507345,1.021878217594541,36.982391248912805,39.026147684101886,3
scale_default,Epsilon_Greedy,epsilon=0.6,392,38.16677937855308,1.095376393291044,37.07140298526204,39.26215577184412,3
scale_default,Epsilon_Greedy,epsilon=0.6,393,38.422353156171404,0.9830317774073017,37.4393213787641,39.40538493357871,3
scale_default,Epsilon_Greedy,epsilon=0.6,394,38.741004121002845,1.1880933147336312,37.55291080626922,39.92909743573647,3
scale_default,Epsilon_Greedy,epsilon=0.6,395,38.894140599103295,1.1324817554835078,37.761658843619784,40.026622354586806,3
scale_default,Epsilon_Greedy,epsilon=0.6,396,38.99602418933555,1.0746794053319089,37.921344784003644,40.07070359466746,3
scale_default,Epsilon_Greedy,epsilon=0.6,397,39.09411121343189,1.0888691325467246,38.00524208088516,40.18298034597861,3
scale_default,Epsilon_Greedy,epsilon=0.6,398,39.26790091723023,1.0701548254234852,38.19774609180674,40.338055742653715,3
scale_default,Epsilon_Greedy,epsilon=0.6,399,39.4872442884722,1.0585028321539585,38.42874145631824,40.54574712062615,3
scale_default,Epsilon_Greedy,epsilon=0.6,400,39.71858615673281,0.8354372674344842,38.883148889298326,40.5540234241673,3
scale_default,Epsilon_Greedy,epsilon=0.6,401,40.00322769903632,0.9301855189260004,39.07304218011032,40.933413217962325,3
scale_default,Epsilon_Greedy,epsilon=0.6,402,40.22312365455365,1.1102291133932878,39.112894541160365,41.33335276794694,3
scale_default,Epsilon_Greedy,epsilon=0.6,403,40.409647046776804,1.151803022138282,39.25784402463852,41.561450068915086,3
scale_default,Epsilon_Greedy,epsilon=0.6,404,40.51963665970618,1.2028527428195397,39.31678391688664,41.72248940252572,3
scale_default,Epsilon_Greedy,epsilon=0.6,405,40.743261837159956,1.1669805521353016,39.576281285024656,41.910242389295256,3
scale_default,Epsilon_Greedy,epsilon=0.6,406,40.912543668998175,1.079064014778575,39.8334796542196,41.99160768377675,3
scale_default,Epsilon_Greedy,epsilon=0.6,407,41.02418154943086,1.1619472239279924,39.86223432550286,42.18612877335885,3
scale_default,Epsilon_Greedy,epsilon=0.6,408,41.13243452317906,1.220992446692764,39.911442076486296,42.35342696987182,3
scale_default,Epsilon_Greedy,epsilon=0.6,409,41.22012492668278,1.2916241196678448,39.928500807014935,42.51174904635062,3
scale_default,Epsilon_Greedy,epsilon=0.6,410,41.42906177764544,1.1753452730375116,40.25371650460792,42.60440705068295,3
scale_default,Epsilon_Greedy,epsilon=0.6,411,41.499430830853434,1.2137964074572691,40.28563442339617,42.7132272383107,3
scale_default,Epsilon_Greedy,epsilon=0.6,412,41.646677786374205,1.1674154206001863,40.47926236577402,42.81409320697439,3
scale_default,Epsilon_Greedy,epsilon=0.6,413,41.84498485819112,1.2792912853483693,40.56569357284275,43.12427614353949,3
scale_default,Epsilon_Greedy,epsilon=0.6,414,41.939118316728255,1.29887262966045,40.640245687067804,43.237990946388706,3
scale_default,Epsilon_Greedy,epsilon=0.6,415,42.11030171036233,1.2606326142581126,40.849669096104215,43.37093432462044,3
scale_default,Epsilon_Greedy,epsilon=0.6,416,42.440015127857095,1.312774758041419,41.127240369815674,43.752789885898515,3
scale_default,Epsilon_Greedy,epsilon=0.6,417,42.64453643074768,1.3235184428489553,41.32101798789872,43.968054873596635,3
scale_default,Epsilon_Greedy,epsilon=0.6,418,42.85130286877981,1.3559850846241164,41.495317784155695,44.20728795340393,3
scale_default,Epsilon_Greedy,epsilon=0.6,419,42.89724045633364,1.3985676486754315,41.49867280765821,44.29580810500907,3
scale_default,Epsilon_Greedy,epsilon=0.6,420,43.18382699781633,1.2192337980800507,41.964593199736285,44.40306079589638,3
scale_default,Epsilon_Greedy,epsilon=0.6,421,43.41462108736349,1.188259759356279,42.226361328007215,44.60288084671977,3
scale_default,Epsilon_Greedy,epsilon=0.6,422,43.58168992086672,1.059674200409872,42.52201572045685,44.641364121276595,3
scale_default,Epsilon_Greedy,epsilon=0.6,423,43.941572665136135,1.0259471133950822,42.91562555174105,44.96751977853122,3
scale_default,Epsilon_Greedy,epsilon=0.6,424,44.08173909545994,0.9245381367804856,43.157200958679454,45.00627723224042,3
scale_default,Epsilon_Greedy,epsilon=0.6,425,44.18277561159229,0.8800166656526166,43.30275894593967,45.06279227724491,3
scale_default,Epsilon_Greedy,epsilon=0.6,426,44.44621872122179,1.02025401068707,43.42596471053472,45.46647273190886,3
scale_default,Epsilon_Greedy,epsilon=0.6,427,44.58876414759044,0.9983534422140941,43.59041070537634,45.587117589804535,3
scale_default,Epsilon_Greedy,epsilon=0.6,428,44.715338359893614,1.0871841281146921,43.62815423177892,45.80252248800831,3
scale_default,Epsilon_Greedy,epsilon=0.6,429,44.950747315884165,0.9927043041331749,43.95804301175099,45.94345162001734,3
scale_default,Epsilon_Greedy,epsilon=0.6,430,45.29946393511292,1.1711741846578883,44.12828975045503,46.470638119770804,3
scale_default,Epsilon_Greedy,epsilon=0.6,431,45.47255731275351,1.2172837179391507,44.255273594814355,46.68984103069266,3
scale_default,Epsilon_Greedy,epsilon=0.6,432,45.56397330912419,1.258410953206047,44.30556235591814,46.82238426233023,3
scale_default,Epsilon_Greedy,epsilon=0.6,433,45.752717241605176,1.2156043293527694,44.537112912252404,46.96832157095795,3
scale_default,Epsilon_Greedy,epsilon=0.6,434,45.86929667637483,1.2558854224210454,44.613411253953785,47.125182098795875,3
scale_default,Epsilon_Greedy,epsilon=0.6,435,46.01163320034423,1.2076665398349025,44.803966660509325,47.21929974017913,3
scale_default,Epsilon_Greedy,epsilon=0.6,436,46.162995706857885,1.175399862161389,44.98759584469649,47.338395569019276,3
scale_default,Epsilon_Greedy,epsilon=0.6,437,46.3322910822998,1.0996962446528338,45.232594837646964,47.43198732695263,3
scale_default,Epsilon_Greedy,epsilon=0.6,438,46.48619306709296,1.1067254257979409,45.37946764129502,47.5929184928909,3
scale_default,Epsilon_Greedy,epsilon=0.6,439,46.610886627650764,1.1435976094910714,45.46728901815969,47.75448423714184,3
scale_default,Epsilon_Greedy,epsilon=0.6,440,46.784472739079625,1.1034187177892567,45.68105402129037,47.88789145686888,3
scale_default,Epsilon_Greedy,epsilon=0.6,441,46.8418239948295,1.037003801432237,45.80482019339726,47.87882779626173,3
scale_default,Epsilon_Greedy,epsilon=0.6,442,47.10007471861801,0.9513406180739257,46.14873410054408,48.05141533669194,3
scale_default,Epsilon_Greedy,epsilon=0.6,443,47.33645758507445,0.7700408270912229,46.56641675798323,48.10649841216567,3
scale_default,Epsilon_Greedy,epsilon=0.6,444,47.39967668557955,0.7834941789006489,46.6161825066789,48.183170864480196,3
scale_default,Epsilon_Greedy,epsilon=0.6,445,47.593365772266786,0.9589707280266362,46.63439504424015,48.55233650029342,3
scale_default,Epsilon_Greedy,epsilon=0.6,446,47.72191430879946,0.9704223046988135,46.75149200410065,48.69233661349828,3
scale_default,Epsilon_Greedy,epsilon=0.6,447,47.83428703666694,1.0133297914705164,46.820957245196425,48.84761682813746,3
scale_default,Epsilon_Greedy,epsilon=0.6,448,48.03870052905024,0.9095523604738484,47.12914816857639,48.948252889524085,3
scale_default,Epsilon_Greedy,epsilon=0.6,449,48.1917124818301,0.972194688408779,47.219517793421325,49.16390717023888,3
scale_default,Epsilon_Greedy,epsilon=0.6,450,48.33082940693703,0.9660844187632153,47.36474498817381,49.296913825700244,3
scale_default,Epsilon_Greedy,epsilon=0.6,451,48.50583525973,1.0837158221676568,47.422119437562344,49.58955108189765,3
scale_default,Epsilon_Greedy,epsilon=0.6,452,48.575396413787466,1.1313851518797295,47.44401126190774,49.70678156566719,3
scale_default,Epsilon_Greedy,epsilon=0.6,453,48.8288573637245,1.1597609840982963,47.669096379626204,49.9886183478228,3
scale_default,Epsilon_Greedy,epsilon=0.6,454,48.973278784631304,1.187754984064439,47.785523800566864,50.161033768695745,3
scale_default,Epsilon_Greedy,epsilon=0.6,455,49.098885670804556,1.072751698508553,48.026133972296,50.17163736931311,3
scale_default,Epsilon_Greedy,epsilon=0.6,456,49.3126008538261,1.043036299734452,48.269564554091644,50.35563715356055,3
scale_default,Epsilon_Greedy,epsilon=0.6,457,49.38501087379922,1.0324486090041671,48.35256226479505,50.41745948280339,3
scale_default,Epsilon_Greedy,epsilon=0.6,458,49.59003662223404,0.9688673112472981,48.62116931098674,50.55890393348134,3
scale_default,Epsilon_Greedy,epsilon=0.6,459,49.69715791415692,0.8645131388955857,48.83264477526133,50.56167105305251,3
scale_default,Epsilon_Greedy,epsilon=0.6,460,49.783037491945606,0.8511797621515134,48.931857729794096,50.634217254097116,3
scale_default,Epsilon_Greedy,epsilon=0.6,461,49.91721832926877,0.7725701392113118,49.14464819005746,50.68978846848008,3
scale_default,Epsilon_Greedy,epsilon=0.6,462,50.117960192962975,0.8659431365518316,49.25201705641114,50.98390332951481,3
scale_default,Epsilon_Greedy,epsilon=0.6,463,50.31188709627987,0.782696715521536,49.52919038075833,51.09458381180141,3
scale_default,Epsilon_Greedy,epsilon=0.6,464,50.49817508898135,0.7832261426346259,49.71494894634672,51.28140123161597,3
scale_default,Epsilon_Greedy,epsilon=0.6,465,50.808886823773776,0.8620243392877099,49.94686248448607,51.67091116306148,3
scale_default,Epsilon_Greedy,epsilon=0.6,466,51.036392737469335,0.9276354691098418,50.10875726835949,51.96402820657918,3
scale_default,Epsilon_Greedy,epsilon=0.6,467,51.13931681264248,0.981630757825316,50.15768605481716,52.12094757046779,3
scale_default,Epsilon_Greedy,epsilon=0.6,468,51.30695257416769,0.9931423626378414,50.31381021152985,52.30009493680553,3
scale_default,Epsilon_Greedy,epsilon=0.6,469,51.62608983956712,1.0685725676180693,50.55751727194905,52.69466240718519,3
scale_default,Epsilon_Greedy,epsilon=0.6,470,51.77777967430217,1.2079902744172135,50.569789399884954,52.98576994871938,3
scale_default,Epsilon_Greedy,epsilon=0.6,471,51.97783380847247,1.2843764061651273,50.69345740230734,53.2622102146376,3
scale_default,Epsilon_Greedy,epsilon=0.6,472,52.137948379771494,1.2076479468537635,50.93030043291773,53.345596326625255,3
scale_default,Epsilon_Greedy,epsilon=0.6,473,52.42391287911132,1.239051071261712,51.18486180784961,53.66296395037303,3
scale_default,Epsilon_Greedy,epsilon=0.6,474,52.794740697942565,0.7938622278175901,52.000878470124974,53.588602925760156,3
scale_default,Epsilon_Greedy,epsilon=0.6,475,53.083627261929045,0.6616070424838397,52.42202021944521,53.74523430441288,3
scale_default,Epsilon_Greedy,epsilon=0.6,476,53.22224519513136,0.6925651386906347,52.529680056440725,53.91481033382199,3
scale_default,Epsilon_Greedy,epsilon=0.6,477,53.46743364197035,0.5153973797212059,52.952036262249145,53.98283102169156,3
scale_default,Epsilon_Greedy,epsilon=0.6,478,53.65783256541416,0.4304444424315704,53.22738812298259,54.08827700784573,3
scale_default,Epsilon_Greedy,epsilon=0.6,479,53.83338759235948,0.49103395525286564,53.34235363710661,54.324421547612346,3
scale_default,Epsilon_Greedy,epsilon=0.6,480,54.03410320409203,0.4204185445834356,53.61368465950859,54.45452174867546,3
scale_default,Epsilon_Greedy,epsilon=0.6,481,54.21707180660889,0.289806394171272,53.92726541243762,54.506878200780164,3
scale_default,Epsilon_Greedy,epsilon=0.6,482,54.308046689326176,0.32055419623695675,53.98749249308922,54.62860088556313,3
scale_default,Epsilon_Greedy,epsilon=0.6,483,54.41251655310223,0.4227542372483384,53.98976231585389,54.83527079035057,3
scale_default,Epsilon_Greedy,epsilon=0.6,484,54.64417128166897,0.45101230418961064,54.19315897747936,55.09518358585858,3
scale_default,Epsilon_Greedy,epsilon=0.6,485,54.89148814687255,0.4394061771207777,54.45208196975177,55.33089432399333,3
scale_default,Epsilon_Greedy,epsilon=0.6,486,55.11503928396323,0.29771767698589335,54.81732160697734,55.41275696094912,3
scale_default,Epsilon_Greedy,epsilon=0.6,487,55.29790897461944,0.4579056012827525,54.840003373336685,55.75581457590219,3
scale_default,Epsilon_Greedy,epsilon=0.6,488,55.59439066018529,0.4083480086692886,55.186042651516004,56.002738668854576,3
scale_default,Epsilon_Greedy,epsilon=0.6,489,55.62174883996954,0.41699518050358486,55.20475365946596,56.038744020473125,3
scale_default,Epsilon_Greedy,epsilon=0.6,490,55.73459009498711,0.5092936762565683,55.225296418730544,56.24388377124368,3
scale_default,Epsilon_Greedy,epsilon=0.6,491,55.939421563350585,0.48146141639606976,55.45796014695451,56.42088297974666,3
scale_default,Epsilon_Greedy,epsilon=0.6,492,56.27804991749313,0.29944365995428235,55.97860625753884,56.57749357744741,3
scale_default,Epsilon_Greedy,epsilon=0.6,493,56.46345634397053,0.31979855751569036,56.14365778645484,56.78325490148622,3
scale_default,Epsilon_Greedy,epsilon=0.6,494,56.79246749074378,0.26869500614189246,56.52377248460189,57.06116249688567,3
scale_default,Epsilon_Greedy,epsilon=0.6,495,56.97230850780253,0.20803238265435323,56.76427612514818,57.18034089045688,3
scale_default,Epsilon_Greedy,epsilon=0.6,496,57.34167597764284,0.7208971316957843,56.62077884594706,58.06257310933863,3
scale_default,Epsilon_Greedy,epsilon=0.6,497,57.392576090753835,0.7063595014595974,56.68621658929424,58.09893559221343,3
scale_default,Epsilon_Greedy,epsilon=0.6,498,57.66351508335895,0.9322539654104113,56.73126111794854,58.59576904876936,3
scale_default,Epsilon_Greedy,epsilon=0.6,499,57.79125654004593,0.9291858230221708,56.862070717023755,58.7204423630681,3
scale_default,Epsilon_Greedy,epsilon=0.6,500,58.07395245942116,1.0792684293671853,56.994684030053975,59.15322088878834,3
scale_default,Epsilon_Greedy,epsilon=0.6,501,58.22520822395637,1.2626713984319489,56.962536825524424,59.48787962238832,3
scale_default,Epsilon_Greedy,epsilon=0.6,502,58.4330691655319,1.161191915191081,57.271877250340815,59.59426108072298,3
scale_default,Epsilon_Greedy,epsilon=0.6,503,58.56823508761426,1.1905142146657812,57.37772087294848,59.758749302280044,3
scale_default,Epsilon_Greedy,epsilon=0.6,504,58.874949185907845,1.2307805016497748,57.64416868425807,60.10572968755762,3
scale_default,Epsilon_Greedy,epsilon=0.6,505,59.131011682401805,1.0984416294169481,58.03257005298486,60.22945331181875,3
scale_default,Epsilon_Greedy,epsilon=0.6,506,59.30963263264176,1.0588635073633625,58.250769125278396,60.36849614000512,3
scale_default,Epsilon_Greedy,epsilon=0.6,507,59.51299298738268,0.9563122293110508,58.55668075807163,60.46930521669373,3
scale_default,Epsilon_Greedy,epsilon=0.6,508,59.729730782212336,0.9900468995978837,58.73968388261445,60.71977768181022,3
scale_default,Epsilon_Greedy,epsilon=0.6,509,59.95931474976436,1.256277656828745,58.70303709293562,61.2155924065931,3
scale_default,Epsilon_Greedy,epsilon=0.6,510,60.1586313537033,1.2914167934082408,58.86721456029506,61.45004814711154,3
scale_default,Epsilon_Greedy,epsilon=0.6,511,60.277195614801165,1.2907388043879708,58.986456810413195,61.567934419189136,3
scale_default,Epsilon_Greedy,epsilon=0.6,512,60.38852348362634,1.2964329410277102,59.092090542598626,61.68495642465405,3
scale_default,Epsilon_Greedy,epsilon=0.6,513,60.573652480122725,1.3539437813863227,59.219708698736405,61.927596261509045,3
scale_default,Epsilon_Greedy,epsilon=0.6,514,60.707884003740226,1.4108461926229774,59.29703781111725,62.1187301963632,3
scale_default,Epsilon_Greedy,epsilon=0.6,515,61.001908256880505,1.2805306651077244,59.72137759177278,62.28243892198823,3
scale_default,Epsilon_Greedy,epsilon=0.6,516,61.17517147013091,1.1388977201449813,60.03627374998593,62.314069190275895,3
scale_default,Epsilon_Greedy,epsilon=0.6,517,61.39993736205801,1.0470090524853213,60.35292830957269,62.44694641454333,3
scale_default,Epsilon_Greedy,epsilon=0.6,518,61.593640907753894,1.1598294597259515,60.433811448027946,62.75347036747984,3
scale_default,Epsilon_Greedy,epsilon=0.6,519,61.758756535900176,1.1223841989694623,60.63637233693071,62.88114073486964,3
scale_default,Epsilon_Greedy,epsilon=0.6,520,61.9949305749937,1.1400879043021186,60.85484267069158,63.13501847929582,3
scale_default,Epsilon_Greedy,epsilon=0.6,521,62.00168947267201,1.1390380187004505,60.86265145397156,63.140727491372466,3
scale_default,Epsilon_Greedy,epsilon=0.6,522,62.065013260293654,1.0942040438145206,60.97080921647913,63.159217304108175,3
scale_default,Epsilon_Greedy,epsilon=0.6,523,62.27348982443755,1.0741215348960362,61.19936828954151,63.347611359333584,3
scale_default,Epsilon_Greedy,epsilon=0.6,524,62.49671306987316,1.2671344883323252,61.229578581540835,63.763847558205484,3
scale_default,Epsilon_Greedy,epsilon=0.6,525,62.67249779037386,1.3611799129216147,61.31131787745225,64.03367770329548,3
scale_default,Epsilon_Greedy,epsilon=0.6,526,62.91518984150531,1.2601947620300114,61.6549950794753,64.17538460353532,3
scale_default,Epsilon_Greedy,epsilon=0.6,527,63.10704721955134,1.1445819928901777,61.962465226661166,64.25162921244151,3
scale_default,Epsilon_Greedy,epsilon=0.6,528,63.26402242562094,1.2911983291399738,61.97282409648096,64.55522075476091,3
scale_default,Epsilon_Greedy,epsilon=0.6,529,63.56197796806975,1.4209723629271758,62.141005605142574,64.98295033099693,3
scale_default,Epsilon_Greedy,epsilon=0.6,530,63.69904079100356,1.4499122141498524,62.24912857685371,65.14895300515342,3
scale_default,Epsilon_Greedy,epsilon=0.6,531,63.82474538884005,1.5128088897278908,62.31193649911216,65.33755427856794,3
scale_default,Epsilon_Greedy,epsilon=0.6,532,64.04628852591851,1.4605415410810252,62.585746984837485,65.50683006699954,3
scale_default,Epsilon_Greedy,epsilon=0.6,533,64.2338145230781,1.5859572262065258,62.64785729687157,65.81977174928463,3
scale_default,Epsilon_Greedy,epsilon=0.6,534,64.4297297620529,1.560849995735466,62.868879766317434,65.99057975778837,3
scale_default,Epsilon_Greedy,epsilon=0.6,535,64.44920648764581,1.5647216354889466,62.88448485215687,66.01392812313476,3
scale_default,Epsilon_Greedy,epsilon=0.6,536,64.48531538515726,1.5822278661720048,62.90308751898526,66.06754325132927,3
scale_default,Epsilon_Greedy,epsilon=0.6,537,64.7631621634287,1.7383254790841187,63.024836684344585,66.50148764251283,3
scale_default,Epsilon_Greedy,epsilon=0.6,538,64.81045004557768,1.6630822006344685,63.14736784494321,66.47353224621214,3
scale_default,Epsilon_Greedy,epsilon=0.6,539,65.07357056307556,1.7674998655825782,63.306070697492984,66.84107042865814,3
scale_default,Epsilon_Greedy,epsilon=0.6,540,65.19972411784302,1.800252169023854,63.39947194881916,66.99997628686687,3
scale_default,Epsilon_Greedy,epsilon=0.6,541,65.45417661777158,1.7938372104261522,63.660339407345425,67.24801382819773,3
scale_default,Epsilon_Greedy,epsilon=0.6,542,65.58507148528662,1.786222676748528,63.79884880853809,67.37129416203514,3
scale_default,Epsilon_Greedy,epsilon=0.6,543,65.83368364917543,1.9692450731199687,63.864438576055456,67.80292872229539,3
scale_default,Epsilon_Greedy,epsilon=0.6,544,66.13933642610594,2.0166297387154044,64.12270668739053,68.15596616482135,3
scale_default,Epsilon_Greedy,epsilon=0.6,545,66.3873402375203,2.1547954790241195,64.23254475849619,68.54213571654442,3
scale_default,Epsilon_Greedy,epsilon=0.6,546,66.55320154614108,2.107289022988977,64.4459125231521,68.66049056913006,3
scale_default,Epsilon_Greedy,epsilon=0.6,547,66.77267710847958,2.172407501915456,64.60026960656413,68.94508461039504,3
scale_default,Epsilon_Greedy,epsilon=0.6,548,67.0913279159039,2.09950490376872,64.99182301213519,69.19083281967262,3
scale_default,Epsilon_Greedy,epsilon=0.6,549,67.34469589175555,2.1261364594100947,65.21855943234546,69.47083235116564,3
scale_default,Epsilon_Greedy,epsilon=0.6,550,67.45312971262045,2.1409494504407354,65.31218026217972,69.59407916306118,3
scale_default,Epsilon_Greedy,epsilon=0.6,551,67.55348969706479,2.1750874515646488,65.37840224550014,69.72857714862944,3
scale_default,Epsilon_Greedy,epsilon=0.6,552,67.7462233835764,2.0542474317519934,65.69197595182442,69.8004708153284,3
scale_default,Epsilon_Greedy,epsilon=0.6,553,67.82402180674694,2.117069468253252,65.70695233849369,69.94109127500019,3
scale_default,Epsilon_Greedy,epsilon=0.6,554,68.08230093932578,2.165144068180075,65.9171568711457,70.24744500750585,3
scale_default,Epsilon_Greedy,epsilon=0.6,555,68.28116258241141,2.1730716680069624,66.10809091440444,70.45423425041838,3
scale_default,Epsilon_Greedy,epsilon=0.6,556,68.39425089207724,2.175086023463848,66.21916486861339,70.56933691554109,3
scale_default,Epsilon_Greedy,epsilon=0.6,557,68.44996212434897,2.1511966303428336,66.29876549400613,70.60115875469181,3
scale_default,Epsilon_Greedy,epsilon=0.6,558,68.6986959951788,2.2510806800679415,66.44761531511085,70.94977667524674,3
scale_default,Epsilon_Greedy,epsilon=0.6,559,68.79508417708011,2.1882401311879245,66.60684404589219,70.98332430826804,3
scale_default,Epsilon_Greedy,epsilon=0.6,560,68.91179615413584,2.1883949313356115,66.72340122280023,71.10019108547145,3
scale_default,Epsilon_Greedy,epsilon=0.6,561,69.19880947854081,2.362615915656471,66.83619356288433,71.56142539419729,3
scale_default,Epsilon_Greedy,epsilon=0.6,562,69.41666072910512,2.6010616954069,66.81559903369822,72.01772242451202,3
scale_default,Epsilon_Greedy,epsilon=0.6,563,69.69053274231494,2.688261106502554,67.00227163581239,72.3787938488175,3
scale_default,Epsilon_Greedy,epsilon=0.6,564,70.05782871518447,3.162315777276984,66.89551293790748,73.22014449246146,3
scale_default,Epsilon_Greedy,epsilon=0.6,565,70.28726128688525,3.055053183975715,67.23220810290954,73.34231447086097,3
scale_default,Epsilon_Greedy,epsilon=0.6,566,70.42396643160124,3.122885711344247,67.30108072025699,73.5468521429455,3
scale_default,Epsilon_Greedy,epsilon=0.6,567,70.68629893034762,2.976789479420936,67.70950945092669,73.66308840976855,3
scale_default,Epsilon_Greedy,epsilon=0.6,568,70.83817795617267,3.0312760630326356,67.80690189314004,73.8694540192053,3
scale_default,Epsilon_Greedy,epsilon=0.6,569,71.05685804595159,2.9905096926813717,68.06634835327021,74.04736773863296,3
scale_default,Epsilon_Greedy,epsilon=0.6,570,71.18861230254002,2.938775652725766,68.24983664981426,74.12738795526579,3
scale_default,Epsilon_Greedy,epsilon=0.6,571,71.36416866346157,2.7525754803097033,68.61159318315187,74.11674414377127,3
scale_default,Epsilon_Greedy,epsilon=0.6,572,71.48812580386273,2.6365516773910276,68.8515741264717,74.12467748125376,3
scale_default,Epsilon_Greedy,epsilon=0.6,573,71.76868372708634,2.3403684289694313,69.42831529811691,74.10905215605577,3
scale_default,Epsilon_Greedy,epsilon=0.6,574,71.99682875872764,2.228209469998653,69.76861928872898,74.2250382287263,3
scale_default,Epsilon_Greedy,epsilon=0.6,575,72.2158253661654,2.239814313668868,69.97601105249653,74.45563967983428,3
scale_default,Epsilon_Greedy,epsilon=0.6,576,72.35343797019247,2.1839904236948398,70.16944754649764,74.53742839388731,3
scale_default,Epsilon_Greedy,epsilon=0.6,577,72.5868271135889,2.202751379459096,70.3840757341298,74.789578493048,3
scale_default,Epsilon_Greedy,epsilon=0.6,578,72.81878314528852,2.3530932490378333,70.4656898962507,75.17187639432635,3
scale_default,Epsilon_Greedy,epsilon=0.6,579,73.08127342623551,2.1449012807424146,70.9363721454931,75.22617470697793,3
scale_default,Epsilon_Greedy,epsilon=0.6,580,73.2816382269638,2.1798138680854073,71.1018243588784,75.46145209504921,3
scale_default,Epsilon_Greedy,epsilon=0.6,581,73.45516950619145,2.2516007335162143,71.20356877267524,75.70677023970767,3
scale_default,Epsilon_Greedy,epsilon=0.6,582,73.61304635278022,2.210105114962034,71.40294123781818,75.82315146774225,3
scale_default,Epsilon_Greedy,epsilon=0.6,583,73.79437023347448,2.019577880754889,71.77479235271959,75.81394811422938,3
scale_default,Epsilon_Greedy,epsilon=0.6,584,74.00379819744991,2.0115702748759046,71.992227922574,76.01536847232582,3
scale_default,Epsilon_Greedy,epsilon=0.6,585,74.1045179350444,2.005306024901043,72.09921191014335,76.10982395994544,3
scale_default,Epsilon_Greedy,epsilon=0.6,586,74.17961461359009,2.080394321719454,72.09922029187064,76.26000893530954,3
scale_default,Epsilon_Greedy,epsilon=0.6,587,74.39324469860294,2.0642124958732215,72.32903220272972,76.45745719447616,3
scale_default,Epsilon_Greedy,epsilon=0.6,588,74.56570195336856,2.0775238730931833,72.48817808027538,76.64322582646174,3
scale_default,Epsilon_Greedy,epsilon=0.6,589,74.6672628339458,2.0417891194045388,72.62547371454126,76.70905195335034,3
scale_default,Epsilon_Greedy,epsilon=0.6,590,74.86636978150248,2.197945489325074,72.6684242921774,77.06431527082756,3
scale_default,Epsilon_Greedy,epsilon=0.6,591,75.08275198409386,2.0652523562959635,73.0174996277979,77.14800434038982,3
scale_default,Epsilon_Greedy,epsilon=0.6,592,75.21544272676205,2.1170164362353665,73.09842629052669,77.33245916299741,3
scale_default,Epsilon_Greedy,epsilon=0.6,593,75.33061507040941,2.0727339584396183,73.2578811119698,77.40334902884902,3
scale_default,Epsilon_Greedy,epsilon=0.6,594,75.54339591379596,2.093745378758709,73.44965053503725,77.63714129255467,3
scale_default,Epsilon_Greedy,epsilon=0.6,595,75.700217897081,2.0942535648609235,73.60596433222008,77.79447146194192,3
scale_default,Epsilon_Greedy,epsilon=0.6,596,75.80001624008678,2.2462764832872484,73.55373975679953,78.04629272337402,3
scale_default,Epsilon_Greedy,epsilon=0.6,597,75.96309490962648,2.225709467372594,73.73738544225388,78.18880437699907,3
scale_default,Epsilon_Greedy,epsilon=0.6,598,76.15825288476385,2.2497486975608716,73.90850418720298,78.40800158232473,3
scale_default,Epsilon_Greedy,epsilon=0.6,599,76.43190695605288,2.096913090464571,74.33499386558832,78.52882004651745,3
scale_default,Epsilon_Greedy,epsilon=0.7,0,0.05853887150458396,0.060676457582609866,-0.002137586078025909,0.11921532908719382,3
scale_default,Epsilon_Greedy,epsilon=0.7,1,0.09560461031246437,0.0634318712078753,0.032172739104589065,0.15903648152033967,3
scale_default,Epsilon_Greedy,epsilon=0.7,2,0.11897323749985884,0.09404533387453849,0.024927903625320352,0.21301857137439734,3
scale_default,Epsilon_Greedy,epsilon=0.7,3,0.14051309838729345,0.10821291666555631,0.03230018172173714,0.24872601505284975,3
scale_default,Epsilon_Greedy,epsilon=0.7,4,0.2098983444617805,0.09696903011644852,0.11292931434533197,0.306867374578229,3
scale_default,Epsilon_Greedy,epsilon=0.7,5,0.22325560744772552,0.10152625140746484,0.12172935604026068,0.32478185885519034,3
scale_default,Epsilon_Greedy,epsilon=0.7,6,0.2860797481047215,0.12400585512483392,0.16207389297988756,0.4100856032295554,3
scale_default,Epsilon_Greedy,epsilon=0.7,7,0.30598639243821074,0.13351939895315906,0.17246699348505168,0.4395057913913698,3
scale_default,Epsilon_Greedy,epsilon=0.7,8,0.316779142398304,0.13772937469520863,0.17904976770309539,0.45450851709351264,3
scale_default,Epsilon_Greedy,epsilon=0.7,9,0.3321989814521436,0.13857504025301137,0.19362394119913223,0.470774021705155,3
scale_default,Epsilon_Greedy,epsilon=0.7,10,0.36400898155734424,0.1637237042766754,0.20028527728066883,0.5277326858340197,3
scale_default,Epsilon_Greedy,epsilon=0.7,11,0.3876133637837221,0.15505229487059424,0.23256106891312783,0.5426656586543164,3
scale_default,Epsilon_Greedy,epsilon=0.7,12,0.4013336853013781,0.15634567102667243,0.24498801427470565,0.5576793563280505,3
scale_default,Epsilon_Greedy,epsilon=0.7,13,0.47033651422177414,0.1801094861758426,0.29022702804593153,0.6504460003976167,3
scale_default,Epsilon_Greedy,epsilon=0.7,14,0.49106316466503924,0.18723818840377943,0.3038249762612598,0.6783013530688187,3
scale_default,Epsilon_Greedy,epsilon=0.7,15,0.5057423238246823,0.1794729779485196,0.32626934587616274,0.6852153017732019,3
scale_default,Epsilon_Greedy,epsilon=0.7,16,0.5309829379694243,0.2032998448027761,0.32768309316664823,0.7342827827722004,3
scale_default,Epsilon_Greedy,epsilon=0.7,17,0.5766871656688802,0.15519546996863084,0.42149169570024936,0.7318826356375111,3
scale_default,Epsilon_Greedy,epsilon=0.7,18,0.596941999987419,0.17279300639583897,0.4241489935915801,0.769735006383258,3
scale_default,Epsilon_Greedy,epsilon=0.7,19,0.6133622130679474,0.18639078008744783,0.42697143298049955,0.7997529931553952,3
scale_default,Epsilon_Greedy,epsilon=0.7,20,0.6287706186739862,0.19240705827201246,0.43636356040197377,0.8211776769459986,3
scale_default,Epsilon_Greedy,epsilon=0.7,21,0.6528773200415523,0.16887612677170621,0.4840011932698461,0.8217534468132586,3
scale_default,Epsilon_Greedy,epsilon=0.7,22,0.6613754500378555,0.16175741969988414,0.49961803033797136,0.8231328697377396,3
scale_default,Epsilon_Greedy,epsilon=0.7,23,0.6724395708727408,0.16634995012227805,0.5060896207504627,0.8387895209950188,3
scale_default,Epsilon_Greedy,epsilon=0.7,24,0.6907383430260737,0.17226199739284956,0.5184763456332242,0.8630003404189233,3
scale_default,Epsilon_Greedy,epsilon=0.7,25,0.7108837430391356,0.17517706741471661,0.535706675624419,0.8860608104538522,3
scale_default,Epsilon_Greedy,epsilon=0.7,26,0.7426085606849856,0.17673297359194262,0.565875587093043,0.9193415342769282,3
scale_default,Epsilon_Greedy,epsilon=0.7,27,0.746654436034846,0.17535801172416676,0.5712964243106793,0.9220124477590128,3
scale_default,Epsilon_Greedy,epsilon=0.7,28,0.7665704335666744,0.1728823263932029,0.5936881071734715,0.9394527599598773,3
scale_default,Epsilon_Greedy,epsilon=0.7,29,0.7802911471035395,0.15832511212319655,0.621966034980343,0.9386162592267361,3
scale_default,Epsilon_Greedy,epsilon=0.7,30,0.8503219939041383,0.13607812138396405,0.7142438725201743,0.9864001152881023,3
scale_default,Epsilon_Greedy,epsilon=0.7,31,0.8756237152599313,0.13108703817362435,0.744536677086307,1.0067107534335558,3
scale_default,Epsilon_Greedy,epsilon=0.7,32,0.9107132057105166,0.14265392616053918,0.7680592795499774,1.0533671318710558,3
scale_default,Epsilon_Greedy,epsilon=0.7,33,0.9283916594460075,0.14678938124266128,0.7816022782033463,1.0751810406886688,3
scale_default,Epsilon_Greedy,epsilon=0.7,34,0.9555263482134735,0.14212594178842347,0.81340040642505,1.097652290001897,3
scale_default,Epsilon_Greedy,epsilon=0.7,35,0.9663783338765038,0.14918754010659888,0.817190793769905,1.1155658739831027,3
scale_default,Epsilon_Greedy,epsilon=0.7,36,1.0075865162307147,0.14249943225117914,0.8650870839795356,1.150085948481894,3
scale_default,Epsilon_Greedy,epsilon=0.7,37,1.0192293793115017,0.1243236335960129,0.8949057457154888,1.1435530129075147,3
scale_default,Epsilon_Greedy,epsilon=0.7,38,1.0594286981296344,0.11840557933800942,0.9410231187916249,1.1778342774676438,3
scale_default,Epsilon_Greedy,epsilon=0.7,39,1.0819317631121081,0.11129859926937997,0.9706331638427281,1.1932303623814882,3
scale_default,Epsilon_Greedy,epsilon=0.7,40,1.1049093216814265,0.11017833217861804,0.9947309895028085,1.2150876538600446,3
scale_default,Epsilon_Greedy,epsilon=0.7,41,1.1560578123038587,0.0997426925431576,1.056315119760701,1.2558005048470164,3
scale_default,Epsilon_Greedy,epsilon=0.7,42,1.1837348344818377,0.1026457181704993,1.0810891163113383,1.286380552652337,3
scale_default,Epsilon_Greedy,epsilon=0.7,43,1.2059839449832166,0.11809151042752708,1.0878924345556895,1.3240754554107437,3
scale_default,Epsilon_Greedy,epsilon=0.7,44,1.2106407926214267,0.11297073730209514,1.0976700553193315,1.3236115299235218,3
scale_default,Epsilon_Greedy,epsilon=0.7,45,1.2233131004022588,0.11328282027501665,1.1100302801272421,1.3365959206772755,3
scale_default,Epsilon_Greedy,epsilon=0.7,46,1.2394569310914196,0.09008985209368982,1.1493670789977297,1.3295467831851095,3
scale_default,Epsilon_Greedy,epsilon=0.7,47,1.2488017653036405,0.07990667494139544,1.168895090362245,1.328708440245036,3
scale_default,Epsilon_Greedy,epsilon=0.7,48,1.2574170532853526,0.08356883686795419,1.1738482164173984,1.3409858901533067,3
scale_default,Epsilon_Greedy,epsilon=0.7,49,1.295891301750763,0.08612426543028096,1.209767036320482,1.382015567181044,3
scale_default,Epsilon_Greedy,epsilon=0.7,50,1.313750314148529,0.09850808114473114,1.2152422330037977,1.4122583952932601,3
scale_default,Epsilon_Greedy,epsilon=0.7,51,1.375543920897683,0.1336615683432607,1.2418823525544223,1.5092054892409437,3
scale_default,Epsilon_Greedy,epsilon=0.7,52,1.4033408895603972,0.16624413348361003,1.2370967560767872,1.5695850230440072,3
scale_default,Epsilon_Greedy,epsilon=0.7,53,1.4529037576112565,0.2374554522041038,1.2154483054071528,1.6903592098153601,3
scale_default,Epsilon_Greedy,epsilon=0.7,54,1.4824505055087098,0.21359098401580914,1.2688595214929006,1.696041489524519,3
scale_default,Epsilon_Greedy,epsilon=0.7,55,1.5009704074388672,0.20757586926363736,1.2933945381752299,1.7085462767025046,3
scale_default,Epsilon_Greedy,epsilon=0.7,56,1.5203802243801299,0.20325195227477014,1.3171282721053597,1.7236321766549,3
scale_default,Epsilon_Greedy,epsilon=0.7,57,1.529841831751438,0.2072130668191563,1.3226287649322817,1.7370548985705943,3
scale_default,Epsilon_Greedy,epsilon=0.7,58,1.5421093955300933,0.20069048976001203,1.3414189057700812,1.7427998852901054,3
scale_default,Epsilon_Greedy,epsilon=0.7,59,1.5633285717353758,0.22330804730823228,1.3400205244271435,1.786636619043608,3
scale_default,Epsilon_Greedy,epsilon=0.7,60,1.5809207273824075,0.2389947218899506,1.3419260054924569,1.8199154492723582,3
scale_default,Epsilon_Greedy,epsilon=0.7,61,1.5943914545442388,0.24101120743731916,1.3533802471069196,1.835402661981558,3
scale_default,Epsilon_Greedy,epsilon=0.7,62,1.601270756261069,0.24770974816384816,1.353561008097221,1.8489805044249172,3
scale_default,Epsilon_Greedy,epsilon=0.7,63,1.6704333044148554,0.29606357256649396,1.3743697318483614,1.9664968769813493,3
scale_default,Epsilon_Greedy,epsilon=0.7,64,1.680456016768419,0.2982126448681498,1.3822433719002691,1.978668661636569,3
scale_default,Epsilon_Greedy,epsilon=0.7,65,1.7022760714366925,0.2797039032577947,1.4225721681788976,1.9819799746944873,3
scale_default,Epsilon_Greedy,epsilon=0.7,66,1.728659789579847,0.2623425627297942,1.4663172268500528,1.9910023523096412,3
scale_default,Epsilon_Greedy,epsilon=0.7,67,1.7323448489872562,0.2594353665492787,1.4729094824379776,1.9917802155365347,3
scale_default,Epsilon_Greedy,epsilon=0.7,68,1.7650644381545149,0.2925566668611561,1.4725077712933587,2.057621105015671,3
scale_default,Epsilon_Greedy,epsilon=0.7,69,1.7682311160523643,0.2893237777482561,1.4789073383041083,2.0575548938006203,3
scale_default,Epsilon_Greedy,epsilon=0.7,70,1.8096679321342808,0.3212817253576509,1.4883862067766298,2.1309496574919318,3
scale_default,Epsilon_Greedy,epsilon=0.7,71,1.8150866887840602,0.32825628088419784,1.4868304078998624,2.143342969668258,3
scale_default,Epsilon_Greedy,epsilon=0.7,72,1.8454157363258716,0.3348125829547106,1.510603153371161,2.180228319280582,3
scale_default,Epsilon_Greedy,epsilon=0.7,73,1.8569785967463484,0.3352018930178816,1.5217767037284666,2.19218048976423,3
scale_default,Epsilon_Greedy,epsilon=0.7,74,1.9241462001332625,0.325915676005754,1.5982305241275085,2.2500618761390165,3
scale_default,Epsilon_Greedy,epsilon=0.7,75,1.9648018108944985,0.3653924087143721,1.5994094021801264,2.3301942196088707,3
scale_default,Epsilon_Greedy,epsilon=0.7,76,1.9694747496110925,0.36457922956648625,1.6048955200446062,2.334053979177579,3
scale_default,Epsilon_Greedy,epsilon=0.7,77,1.9999001520963067,0.37058942054562827,1.6293107315506785,2.370489572641935,3
scale_default,Epsilon_Greedy,epsilon=0.7,78,2.0223420474093152,0.39219448076023444,1.6301475666490808,2.41453652816955,3
scale_default,Epsilon_Greedy,epsilon=0.7,79,2.0425207670537113,0.38934801800990837,1.653172749043803,2.4318687850636196,3
scale_default,Epsilon_Greedy,epsilon=0.7,80,2.116194821850115,0.4584936260964346,1.6577011957536807,2.5746884479465497,3
scale_default,Epsilon_Greedy,epsilon=0.7,81,2.129235654977484,0.46033205076252487,1.668903604214959,2.589567705740009,3
scale_default,Epsilon_Greedy,epsilon=0.7,82,2.1394656528660296,0.46493820721336354,1.6745274456526662,2.604403860079393,3
scale_default,Epsilon_Greedy,epsilon=0.7,83,2.1612016007569483,0.4744796400042537,1.6867219607526946,2.635681240761202,3
scale_default,Epsilon_Greedy,epsilon=0.7,84,2.176744060615587,0.49347826421578206,1.683265796399805,2.6702223248313692,3
scale_default,Epsilon_Greedy,epsilon=0.7,85,2.2249797652708634,0.4852531500146198,1.7397266152562436,2.7102329152854834,3
scale_default,Epsilon_Greedy,epsilon=0.7,86,2.228950265998406,0.484760132663431,1.7441901333349752,2.713710398661837,3
scale_default,Epsilon_Greedy,epsilon=0.7,87,2.320631238458805,0.5069362908049171,1.8136949476538877,2.827567529263722,3
scale_default,Epsilon_Greedy,epsilon=0.7,88,2.330388348007872,0.5054172500160736,1.8249710979917984,2.8358055980239456,3
scale_default,Epsilon_Greedy,epsilon=0.7,89,2.3370717126901535,0.4991470256163564,1.837924687073797,2.83621873830651,3
scale_default,Epsilon_Greedy,epsilon=0.7,90,2.342917080441095,0.4962915990892759,1.8466254813518193,2.839208679530371,3
scale_default,Epsilon_Greedy,epsilon=0.7,91,2.3536525931694516,0.5088527827536609,1.8447998104157908,2.8625053759231127,3
scale_default,Epsilon_Greedy,epsilon=0.7,92,2.3565628906833234,0.5087141216522384,1.847848769031085,2.8652770123355618,3
scale_default,Epsilon_Greedy,epsilon=0.7,93,2.4256648806529095,0.5688748871873308,1.8567899934655787,2.9945397678402403,3
scale_default,Epsilon_Greedy,epsilon=0.7,94,2.4437555697862696,0.5693699110267346,1.8743856587595351,3.013125480813004,3
scale_default,Epsilon_Greedy,epsilon=0.7,95,2.4601878566715354,0.5845676825108024,1.875620174160733,3.0447555391823378,3
scale_default,Epsilon_Greedy,epsilon=0.7,96,2.4731390534212303,0.5894811405582622,1.8836579128629682,3.0626201939794924,3
scale_default,Epsilon_Greedy,epsilon=0.7,97,2.5033107597923707,0.609168311069742,1.8941424487226288,3.1124790708621126,3
scale_default,Epsilon_Greedy,epsilon=0.7,98,2.558487488540679,0.5261837752182625,2.0323037133224164,3.0846712637589415,3
scale_default,Epsilon_Greedy,epsilon=0.7,99,2.6141574429147316,0.5596039117860728,2.0545535311286587,3.1737613547008046,3
scale_default,Epsilon_Greedy,epsilon=0.7,100,2.678064745067402,0.48313533343079906,2.194929411636603,3.161200078498201,3
scale_default,Epsilon_Greedy,epsilon=0.7,101,2.695055445415566,0.48281506644598743,2.212240378969579,3.1778705118615536,3
scale_default,Epsilon_Greedy,epsilon=0.7,102,2.7499882464603647,0.508428296413615,2.24155995004675,3.2584165428739795,3
scale_default,Epsilon_Greedy,epsilon=0.7,103,2.7777037381499894,0.4974058348242269,2.2802979033257627,3.275109572974216,3
scale_default,Epsilon_Greedy,epsilon=0.7,104,2.813410542333869,0.46819028211652103,2.345220260217348,3.2816008244503903,3
scale_default,Epsilon_Greedy,epsilon=0.7,105,2.8305727899046595,0.46866757804861914,2.3619052118560404,3.2992403679532787,3
scale_default,Epsilon_Greedy,epsilon=0.7,106,2.856190877631296,0.46362047694812253,2.3925704006831734,3.3198113545794183,3
scale_default,Epsilon_Greedy,epsilon=0.7,107,2.8639883329901568,0.4704323856246824,2.393555947365474,3.3344207186148394,3
scale_default,Epsilon_Greedy,epsilon=0.7,108,2.8889096130221468,0.459807482187012,2.4291021308351346,3.348717095209159,3
scale_default,Epsilon_Greedy,epsilon=0.7,109,2.9159331091645986,0.4650067121854977,2.450926396979101,3.380939821350096,3
scale_default,Epsilon_Greedy,epsilon=0.7,110,2.941775037916312,0.4513151946112951,2.490459843305017,3.3930902325276073,3
scale_default,Epsilon_Greedy,epsilon=0.7,111,2.9585344159336535,0.44166412273366895,2.5168702931999847,3.4001985386673224,3
scale_default,Epsilon_Greedy,epsilon=0.7,112,2.9624797256221167,0.43505170548527305,2.5274280201368438,3.3975314311073896,3
scale_default,Epsilon_Greedy,epsilon=0.7,113,2.9673612206501088,0.43943973765549715,2.5279214829946115,3.406800958305606,3
scale_default,Epsilon_Greedy,epsilon=0.7,114,2.988248949135054,0.4554128830361839,2.53283606609887,3.4436618321712382,3
scale_default,Epsilon_Greedy,epsilon=0.7,115,3.0640809404423677,0.5026343540285795,2.5614465864137883,3.566715294470947,3
scale_default,Epsilon_Greedy,epsilon=0.7,116,3.082355645712679,0.5079464028428425,2.5744092428698364,3.5903020485555217,3
scale_default,Epsilon_Greedy,epsilon=0.7,117,3.115713566018112,0.5109536376734162,2.604759928344696,3.626667203691528,3
scale_default,Epsilon_Greedy,epsilon=0.7,118,3.139653881596336,0.5413201714509637,2.598333710145372,3.6809740530473,3
scale_default,Epsilon_Greedy,epsilon=0.7,119,3.1844994507898057,0.55416813621517,2.6303313145746356,3.7386675870049757,3
scale_default,Epsilon_Greedy,epsilon=0.7,120,3.191768671368132,0.5487383646022465,2.6430303067658856,3.7405070359703783,3
scale_default,Epsilon_Greedy,epsilon=0.7,121,3.199534444798625,0.5486272396301506,2.6509072051684743,3.7481616844287755,3
scale_default,Epsilon_Greedy,epsilon=0.7,122,3.2443226197294326,0.5274853057408952,2.7168373139885373,3.771807925470328,3
scale_default,Epsilon_Greedy,epsilon=0.7,123,3.2570768607824867,0.5359826314729488,2.721094229309538,3.7930594922554355,3
scale_default,Epsilon_Greedy,epsilon=0.7,124,3.261521836364263,0.5363929086408321,2.7251289277234307,3.797914745005095,3
scale_default,Epsilon_Greedy,epsilon=0.7,125,3.2727624335414007,0.5427077384401502,2.7300546951012503,3.815470171981551,3
scale_default,Epsilon_Greedy,epsilon=0.7,126,3.3115362770433543,0.47961303628845475,2.8319232407548993,3.7911493133318093,3
scale_default,Epsilon_Greedy,epsilon=0.7,127,3.342959772664899,0.5031776548154796,2.8397821178494196,3.846137427480379,3
scale_default,Epsilon_Greedy,epsilon=0.7,128,3.356034079192708,0.5178781966129208,2.8381558825797875,3.873912275805629,3
scale_default,Epsilon_Greedy,epsilon=0.7,129,3.3564478205426624,0.517815839659193,2.8386319808834695,3.8742636602018554,3
scale_default,Epsilon_Greedy,epsilon=0.7,130,3.3610705973915302,0.5221756803446295,2.838894917046901,3.8832462777361596,3
scale_default,Epsilon_Greedy,epsilon=0.7,131,3.399227391694449,0.4617644024043775,2.9374629892900717,3.8609917940988265,3
scale_default,Epsilon_Greedy,epsilon=0.7,132,3.418384347557769,0.48948167664944997,2.928902670908319,3.9078660242072187,3
scale_default,Epsilon_Greedy,epsilon=0.7,133,3.4641570618947615,0.5561634356824764,2.907993626212285,4.020320497577238,3
scale_default,Epsilon_Greedy,epsilon=0.7,134,3.4677744564560817,0.5560063502640509,2.9117681061920306,4.023780806720133,3
scale_default,Epsilon_Greedy,epsilon=0.7,135,3.477193773332639,0.5564989877529907,2.9206947855796486,4.0336927610856295,3
scale_default,Epsilon_Greedy,epsilon=0.7,136,3.5187312726239477,0.49918650488575295,3.0195447677381946,4.017917777509701,3
scale_default,Epsilon_Greedy,epsilon=0.7,137,3.5305532258275734,0.5110338728729192,3.0195193529546542,4.041587098700493,3
scale_default,Epsilon_Greedy,epsilon=0.7,138,3.541194843532485,0.5218429180240217,3.0193519255084635,4.063037761556507,3
scale_default,Epsilon_Greedy,epsilon=0.7,139,3.6136153516779044,0.5791074949655362,3.0345078567123682,4.1927228466434405,3
scale_default,Epsilon_Greedy,epsilon=0.7,140,3.6191998389712765,0.5787669819007079,3.0404328570705688,4.197966820871985,3
scale_default,Epsilon_Greedy,epsilon=0.7,141,3.636007320918037,0.5913554393392034,3.0446518815788335,4.227362760257241,3
scale_default,Epsilon_Greedy,epsilon=0.7,142,3.6667745702217545,0.6182184744083912,3.048556095813363,4.284993044630146,3
scale_default,Epsilon_Greedy,epsilon=0.7,143,3.671491775639241,0.6251934917651489,3.046298283874092,4.29668526740439,3
scale_default,Epsilon_Greedy,epsilon=0.7,144,3.679993154188303,0.6242814764612543,3.0557116777270488,4.304274630649557,3
scale_default,Epsilon_Greedy,epsilon=0.7,145,3.7144908721769894,0.6656266703060476,3.0488642018709418,4.3801175424830365,3
scale_default,Epsilon_Greedy,epsilon=0.7,146,3.7504725100987923,0.6290157163177178,3.1214567937810744,4.37948822641651,3
scale_default,Epsilon_Greedy,epsilon=0.7,147,3.7684680364815715,0.6317253798964079,3.1367426565851635,4.400193416377979,3
scale_default,Epsilon_Greedy,epsilon=0.7,148,3.798795717745001,0.6214423984195437,3.1773533193254573,4.420238116164545,3
scale_default,Epsilon_Greedy,epsilon=0.7,149,3.8083453861092065,0.6310576213540086,3.177287764755198,4.439403007463215,3
scale_default,Epsilon_Greedy,epsilon=0.7,150,3.8557611663876536,0.63485252857748,3.2209086378101737,4.490613694965134,3
scale_default,Epsilon_Greedy,epsilon=0.7,151,3.8675104744385735,0.625159468415991,3.2423510060225826,4.4926699428545644,3
scale_default,Epsilon_Greedy,epsilon=0.7,152,3.8820417695287386,0.6415754629572447,3.240466306571494,4.523617232485983,3
scale_default,Epsilon_Greedy,epsilon=0.7,153,3.909083241710395,0.6317282092503621,3.277355032460033,4.540811450960757,3
scale_default,Epsilon_Greedy,epsilon=0.7,154,3.954089172229706,0.6038662653887029,3.3502229068410028,4.557955437618409,3
scale_default,Epsilon_Greedy,epsilon=0.7,155,3.9792268684870176,0.6021824208612191,3.3770444476257984,4.581409289348237,3
scale_default,Epsilon_Greedy,epsilon=0.7,156,4.003137254499204,0.6136574992703979,3.389479755228806,4.616794753769602,3
scale_default,Epsilon_Greedy,epsilon=0.7,157,4.091316636482931,0.5554143728314812,3.53590226365145,4.646731009314412,3
scale_default,Epsilon_Greedy,epsilon=0.7,158,4.0996991944582515,0.5579841677964932,3.541715026661758,4.657683362254745,3
scale_default,Epsilon_Greedy,epsilon=0.7,159,4.0998701266437765,0.5582551973529445,3.541614929290832,4.658125323996721,3
scale_default,Epsilon_Greedy,epsilon=0.7,160,4.106384253063686,0.5662994335536871,3.5400848195099988,4.672683686617373,3
scale_default,Epsilon_Greedy,epsilon=0.7,161,4.114476789695815,0.5659443941016349,3.5485323955941803,4.68042118379745,3
scale_default,Epsilon_Greedy,epsilon=0.7,162,4.126021103755245,0.5588652424068284,3.5671558613484167,4.684886346162074,3
scale_default,Epsilon_Greedy,epsilon=0.7,163,4.141743881297914,0.5533909949718553,3.5883528863260583,4.695134876269769,3
scale_default,Epsilon_Greedy,epsilon=0.7,164,4.164256547040448,0.5574625462009715,3.606794000839476,4.721719093241419,3
scale_default,Epsilon_Greedy,epsilon=0.7,165,4.184581492596904,0.5464612267047743,3.63812026589213,4.731042719301678,3
scale_default,Epsilon_Greedy,epsilon=0.7,166,4.228571629845317,0.5388272308138836,3.6897443990314334,4.767398860659201,3
scale_default,Epsilon_Greedy,epsilon=0.7,167,4.249244107613631,0.5420636699258924,3.7071804376877386,4.791307777539523,3
scale_default,Epsilon_Greedy,epsilon=0.7,168,4.296866530805317,0.55481302548813,3.7420535053171866,4.851679556293447,3
scale_default,Epsilon_Greedy,epsilon=0.7,169,4.36873752626008,0.5123880074559619,3.8563495188041186,4.881125533716042,3
scale_default,Epsilon_Greedy,epsilon=0.7,170,4.373187053785252,0.5057330745695175,3.867453979215735,4.87892012835477,3
scale_default,Epsilon_Greedy,epsilon=0.7,171,4.385369502128548,0.5041585036543342,3.8812109984742142,4.889528005782883,3
scale_default,Epsilon_Greedy,epsilon=0.7,172,4.400729609140773,0.4873277020167044,3.913401907124068,4.8880573111574765,3
scale_default,Epsilon_Greedy,epsilon=0.7,173,4.461214698719847,0.40215908913574233,4.059055609584105,4.86337378785559,3
scale_default,Epsilon_Greedy,epsilon=0.7,174,4.470607955049661,0.3996627124607626,4.070945242588898,4.8702706675104235,3
scale_default,Epsilon_Greedy,epsilon=0.7,175,4.472344253822464,0.397667634224969,4.074676619597495,4.870011888047433,3
scale_default,Epsilon_Greedy,epsilon=0.7,176,4.478188024107653,0.38929807913868,4.088889944968973,4.867486103246333,3
scale_default,Epsilon_Greedy,epsilon=0.7,177,4.54056859346119,0.40140828070560475,4.139160312755585,4.941976874166794,3
scale_default,Epsilon_Greedy,epsilon=0.7,178,4.552764956296575,0.3878759602753124,4.164888996021262,4.940640916571888,3
scale_default,Epsilon_Greedy,epsilon=0.7,179,4.61920321271674,0.41503356858649015,4.20416964413025,5.03423678130323,3
scale_default,Epsilon_Greedy,epsilon=0.7,180,4.641442800947211,0.43708317384418793,4.204359627103023,5.0785259747913996,3
scale_default,Epsilon_Greedy,epsilon=0.7,181,4.668770232434649,0.4364462079521262,4.232324024482523,5.105216440386775,3
scale_default,Epsilon_Greedy,epsilon=0.7,182,4.712461257852637,0.4804904595941504,4.231970798258487,5.192951717446787,3
scale_default,Epsilon_Greedy,epsilon=0.7,183,4.7241130343077575,0.47198683633070243,4.252126197977055,5.19609987063846,3
scale_default,Epsilon_Greedy,epsilon=0.7,184,4.738391352422128,0.4821186223219472,4.25627273010018,5.2205099747440755,3
scale_default,Epsilon_Greedy,epsilon=0.7,185,4.800208785484067,0.5167868490668042,4.2834219364172625,5.316995634550871,3
scale_default,Epsilon_Greedy,epsilon=0.7,186,4.813663243948479,0.5273475783281822,4.286315665620297,5.341010822276662,3
scale_default,Epsilon_Greedy,epsilon=0.7,187,4.814172121118982,0.5264691243363366,4.287702996782645,5.340641245455318,3
scale_default,Epsilon_Greedy,epsilon=0.7,188,4.871955933003931,0.48160535271594385,4.390350580287987,5.353561285719874,3
scale_default,Epsilon_Greedy,epsilon=0.7,189,4.877693317235306,0.4810329867620453,4.396660330473261,5.358726303997352,3
scale_default,Epsilon_Greedy,epsilon=0.7,190,4.891378986039058,0.4885046700921216,4.402874315946937,5.379883656131179,3
scale_default,Epsilon_Greedy,epsilon=0.7,191,4.895430306838549,0.4918739432125955,4.403556363625954,5.3873042500511445,3
scale_default,Epsilon_Greedy,epsilon=0.7,192,4.928402469605007,0.5203788091549226,4.408023660450084,5.448781278759929,3
scale_default,Epsilon_Greedy,epsilon=0.7,193,4.935680838532877,0.5147156706629303,4.420965167869947,5.450396509195808,3
scale_default,Epsilon_Greedy,epsilon=0.7,194,4.938175601143784,0.5121284847450392,4.4260471163987445,5.450304085888823,3
scale_default,Epsilon_Greedy,epsilon=0.7,195,4.944284043633029,0.5173957630900736,4.426888280542956,5.461679806723103,3
scale_default,Epsilon_Greedy,epsilon=0.7,196,4.967314989617141,0.5322203030340782,4.435094686583063,5.4995352926512195,3
scale_default,Epsilon_Greedy,epsilon=0.7,197,4.977799836793749,0.5361160763423571,4.441683760451392,5.513915913136106,3
scale_default,Epsilon_Greedy,epsilon=0.7,198,5.019155305572149,0.565458724461289,4.453696581110861,5.584614030033438,3
scale_default,Epsilon_Greedy,epsilon=0.7,199,5.047834629178817,0.5391275506080478,4.50870707857077,5.586962179786865,3
scale_default,Epsilon_Greedy,epsilon=0.7,200,5.350153572780165,0.6225548023487587,4.727598770431406,5.972708375128924,3
scale_default,Epsilon_Greedy,epsilon=0.7,201,5.394492876834316,0.6290961880939994,4.765396688740316,6.0235890649283155,3
scale_default,Epsilon_Greedy,epsilon=0.7,202,5.635620957390671,0.6813701082439437,4.954250849146727,6.316991065634615,3
scale_default,Epsilon_Greedy,epsilon=0.7,203,5.923178138420642,0.7059187219980194,5.217259416422623,6.629096860418661,3
scale_default,Epsilon_Greedy,epsilon=0.7,204,6.115639044543291,0.49661767818351515,5.6190213663597754,6.612256722726806,3
scale_default,Epsilon_Greedy,epsilon=0.7,205,6.2527612174183,0.4989975321216363,5.753763685296663,6.7517587495399365,3
scale_default,Epsilon_Greedy,epsilon=0.7,206,6.533859875195563,0.5894334049521901,5.944426470243373,7.123293280147752,3
scale_default,Epsilon_Greedy,epsilon=0.7,207,6.707416676798483,0.48913978374095335,6.21827689305753,7.196556460539437,3
scale_default,Epsilon_Greedy,epsilon=0.7,208,6.794625016703953,0.501672405861757,6.292952610842196,7.29629742256571,3
scale_default,Epsilon_Greedy,epsilon=0.7,209,7.005177503503702,0.5842202525077868,6.420957250995915,7.589397756011488,3
scale_default,Epsilon_Greedy,epsilon=0.7,210,7.181713661854758,0.5668585112481342,6.6148551506066235,7.748572173102892,3
scale_default,Epsilon_Greedy,epsilon=0.7,211,7.346663944112311,0.5265600654082899,6.820103878704021,7.873224009520602,3
scale_default,Epsilon_Greedy,epsilon=0.7,212,7.475757309673125,0.36483504811638084,7.110922261556745,7.840592357789506,3
scale_default,Epsilon_Greedy,epsilon=0.7,213,7.644587541457374,0.3991126301472233,7.245474911310151,8.043700171604597,3
scale_default,Epsilon_Greedy,epsilon=0.7,214,7.726160599302797,0.36801851237245115,7.3581420869303455,8.094179111675247,3
scale_default,Epsilon_Greedy,epsilon=0.7,215,7.924060168926148,0.3899397672488949,7.534120401677253,8.313999936175042,3
scale_default,Epsilon_Greedy,epsilon=0.7,216,8.081876275405811,0.30410756520448756,7.7777687102013235,8.385983840610299,3
scale_default,Epsilon_Greedy,epsilon=0.7,217,8.32487601727728,0.4646915464503447,7.860184470826935,8.789567563727624,3
scale_default,Epsilon_Greedy,epsilon=0.7,218,8.400567014123347,0.515408279655722,7.885158734467625,8.915975293779068,3
scale_default,Epsilon_Greedy,epsilon=0.7,219,8.64176123228001,0.4824822700381558,8.159278962241853,9.124243502318166,3
scale_default,Epsilon_Greedy,epsilon=0.7,220,8.681186133079054,0.4898113772983229,8.19137475578073,9.170997510377378,3
scale_default,Epsilon_Greedy,epsilon=0.7,221,8.979795159038856,0.3467790229020072,8.633016136136849,9.326574181940863,3
scale_default,Epsilon_Greedy,epsilon=0.7,222,9.181658791915416,0.31877070641196076,8.862888085503455,9.500429498327376,3
scale_default,Epsilon_Greedy,epsilon=0.7,223,9.281150803002792,0.37988326374573417,8.901267539257057,9.661034066748526,3
scale_default,Epsilon_Greedy,epsilon=0.7,224,9.547027927358476,0.43966162399054115,9.107366303367934,9.986689551349018,3
scale_default,Epsilon_Greedy,epsilon=0.7,225,9.822694216631978,0.38707366234597934,9.435620554285999,10.209767878977958,3
scale_default,Epsilon_Greedy,epsilon=0.7,226,9.96548062107121,0.404152107939319,9.56132851313189,10.36963272901053,3
scale_default,Epsilon_Greedy,epsilon=0.7,227,10.042072261952375,0.43000226054680685,9.612070001405568,10.472074522499183,3
scale_default,Epsilon_Greedy,epsilon=0.7,228,10.48037796526823,0.665209013425945,9.815168951842285,11.145586978694176,3
scale_default,Epsilon_Greedy,epsilon=0.7,229,10.545213344444903,0.6187764207659256,9.926436923678978,11.163989765210829,3
scale_default,Epsilon_Greedy,epsilon=0.7,230,10.936752038188962,0.933652877476739,10.003099160712223,11.8704049156657,3
scale_default,Epsilon_Greedy,epsilon=0.7,231,11.147287154478333,0.8843827726323382,10.262904381845994,12.031669927110672,3
scale_default,Epsilon_Greedy,epsilon=0.7,232,11.415837217162773,0.9715064072485585,10.444330809914215,12.387343624411331,3
scale_default,Epsilon_Greedy,epsilon=0.7,233,11.550174395692457,0.9201890663750415,10.629985329317416,12.470363462067498,3
scale_default,Epsilon_Greedy,epsilon=0.7,234,11.85106111434717,0.9278728384836217,10.923188275863549,12.77893395283079,3
scale_default,Epsilon_Greedy,epsilon=0.7,235,12.069432738518335,1.0226721312676135,11.046760607250722,13.092104869785949,3
scale_default,Epsilon_Greedy,epsilon=0.7,236,12.331024157085901,1.0623468597573567,11.268677297328544,13.393371016843258,3
scale_default,Epsilon_Greedy,epsilon=0.7,237,12.533709907104836,1.036356940566336,11.4973529665385,13.570066847671171,3
scale_default,Epsilon_Greedy,epsilon=0.7,238,12.601574623072741,0.9755257682086571,11.626048854864084,13.577100391281398,3
scale_default,Epsilon_Greedy,epsilon=0.7,239,12.883482048521225,1.1371926389352847,11.746289409585941,14.02067468745651,3
scale_default,Epsilon_Greedy,epsilon=0.7,240,13.103054082690795,1.2126301442223926,11.890423938468402,14.315684226913188,3
scale_default,Epsilon_Greedy,epsilon=0.7,241,13.177566922993586,1.231021528331086,11.9465453946625,14.408588451324672,3
scale_default,Epsilon_Greedy,epsilon=0.7,242,13.445005155815368,1.2202073474655042,12.224797808349864,14.665212503280872,3
scale_default,Epsilon_Greedy,epsilon=0.7,243,13.664719786828043,1.0316675529922035,12.633052233835839,14.696387339820246,3
scale_default,Epsilon_Greedy,epsilon=0.7,244,13.797103884218842,0.9249416582014375,12.872162226017405,14.722045542420279,3
scale_default,Epsilon_Greedy,epsilon=0.7,245,13.891770381225795,0.8921823379090396,12.999588043316756,14.783952719134835,3
scale_default,Epsilon_Greedy,epsilon=0.7,246,14.031781124713811,0.775976250131216,13.255804874582596,14.807757374845027,3
scale_default,Epsilon_Greedy,epsilon=0.7,247,14.233570578179155,0.9581079635592104,13.275462614619943,15.191678541738366,3
scale_default,Epsilon_Greedy,epsilon=0.7,248,14.332367400023424,0.8968397708993255,13.435527629124099,15.229207170922749,3
scale_default,Epsilon_Greedy,epsilon=0.7,249,14.689156959091733,0.903474172146408,13.785682786945324,15.592631131238141,3
scale_default,Epsilon_Greedy,epsilon=0.7,250,14.858753738129678,0.8147296365503249,14.044024101579353,15.673483374680004,3
scale_default,Epsilon_Greedy,epsilon=0.7,251,14.995059966698031,0.6933022266049903,14.301757740093041,15.688362193303021,3
scale_default,Epsilon_Greedy,epsilon=0.7,252,15.111258111757843,0.6592476511292544,14.452010460628589,15.770505762887097,3
scale_default,Epsilon_Greedy,epsilon=0.7,253,15.26849178800226,0.576381694682901,14.692110093319359,15.844873482685161,3
scale_default,Epsilon_Greedy,epsilon=0.7,254,15.358965956382951,0.5151812619230911,14.84378469445986,15.874147218306042,3
scale_default,Epsilon_Greedy,epsilon=0.7,255,15.442067059828728,0.5013636879161973,14.94070337191253,15.943430747744927,3
scale_default,Epsilon_Greedy,epsilon=0.7,256,15.54220864077435,0.5705140701540576,14.971694570620292,16.112722710928406,3
scale_default,Epsilon_Greedy,epsilon=0.7,257,15.857724886795188,0.34886713006213743,15.50885775673305,16.206592016857325,3
scale_default,Epsilon_Greedy,epsilon=0.7,258,16.076592845554764,0.3738863580792816,15.702706487475481,16.450479203634046,3
scale_default,Epsilon_Greedy,epsilon=0.7,259,16.179483919923772,0.3775769380807787,15.801906981842993,16.55706085800455,3
scale_default,Epsilon_Greedy,epsilon=0.7,260,16.270519427492335,0.4017392085490689,15.868780218943266,16.672258636041406,3
scale_default,Epsilon_Greedy,epsilon=0.7,261,16.529958335119513,0.4753625977401974,16.054595737379316,17.00532093285971,3
scale_default,Epsilon_Greedy,epsilon=0.7,262,16.604343494094454,0.5524271912840677,16.051916302810387,17.156770685378522,3
scale_default,Epsilon_Greedy,epsilon=0.7,263,16.798430395008698,0.5430251772816306,16.255405217727066,17.34145557229033,3
scale_default,Epsilon_Greedy,epsilon=0.7,264,17.04276826447692,0.8307777438401288,16.21199052063679,17.87354600831705,3
scale_default,Epsilon_Greedy,epsilon=0.7,265,17.274769141527702,0.7371720517920337,16.53759708973567,18.011941193319736,3
scale_default,Epsilon_Greedy,epsilon=0.7,266,17.602174772532653,0.8450534387891674,16.757121333743484,18.44722821132182,3
scale_default,Epsilon_Greedy,epsilon=0.7,267,17.670584906486642,0.8043359380674051,16.866248968419235,18.47492084455405,3
scale_default,Epsilon_Greedy,epsilon=0.7,268,17.952879998541615,0.6528188679976165,17.300061130543998,18.60569886653923,3
scale_default,Epsilon_Greedy,epsilon=0.7,269,17.998880223046616,0.6512950487225898,17.347585174324024,18.650175271769207,3
scale_default,Epsilon_Greedy,epsilon=0.7,270,18.162669348413363,0.7478627039373262,17.414806644476037,18.91053205235069,3
scale_default,Epsilon_Greedy,epsilon=0.7,271,18.279692103914797,0.6891256187510271,17.59056648516377,18.968817722665825,3
scale_default,Epsilon_Greedy,epsilon=0.7,272,18.510766707688806,0.7512068505745854,17.75955985711422,19.261973558263392,3
scale_default,Epsilon_Greedy,epsilon=0.7,273,18.721629561232927,0.7102888600701388,18.011340701162787,19.431918421303067,3
scale_default,Epsilon_Greedy,epsilon=0.7,274,18.938326015313116,0.6641462170117297,18.274179798301386,19.602472232324846,3
scale_default,Epsilon_Greedy,epsilon=0.7,275,19.173587264603583,0.6507734713950956,18.52281379320849,19.824360735998678,3
scale_default,Epsilon_Greedy,epsilon=0.7,276,19.326814087487477,0.6563249086167999,18.670489178870678,19.983138996104277,3
scale_default,Epsilon_Greedy,epsilon=0.7,277,19.719036780722025,0.6837933996007539,19.03524338112127,20.40283018032278,3
scale_default,Epsilon_Greedy,epsilon=0.7,278,19.74997280438218,0.6760609458826279,19.07391185849955,20.426033750264807,3
scale_default,Epsilon_Greedy,epsilon=0.7,279,19.99514519915428,0.6501508804958247,19.344994318658454,20.645296079650105,3
scale_default,Epsilon_Greedy,epsilon=0.7,280,20.19621171991647,0.6929641950185357,19.503247524897933,20.889175914935006,3
scale_default,Epsilon_Greedy,epsilon=0.7,281,20.295603402853875,0.5968231317362528,19.69878027111762,20.89242653459013,3
scale_default,Epsilon_Greedy,epsilon=0.7,282,20.381341930726467,0.5829925538387749,19.798349376887693,20.964334484565242,3
scale_default,Epsilon_Greedy,epsilon=0.7,283,20.471572580550767,0.6251799021269354,19.846392678423832,21.0967524826777,3
scale_default,Epsilon_Greedy,epsilon=0.7,284,20.672734805556733,0.47371737275530007,20.199017432801433,21.146452178312032,3
scale_default,Epsilon_Greedy,epsilon=0.7,285,20.75332078810585,0.42985965647892704,20.32346113162692,21.183180444584778,3
scale_default,Epsilon_Greedy,epsilon=0.7,286,21.0707826104391,0.24392472562018924,20.82685788481891,21.31470733605929,3
scale_default,Epsilon_Greedy,epsilon=0.7,287,21.11144769976846,0.2965599465871182,20.814887753181342,21.408007646355575,3
scale_default,Epsilon_Greedy,epsilon=0.7,288,21.192672530281346,0.3416463151590748,20.85102621512227,21.53431884544042,3
scale_default,Epsilon_Greedy,epsilon=0.7,289,21.27637658785977,0.35047944850927276,20.925897139350496,21.62685603636904,3
scale_default,Epsilon_Greedy,epsilon=0.7,290,21.57921132576018,0.18256683217627984,21.3966444935839,21.76177815793646,3
scale_default,Epsilon_Greedy,epsilon=0.7,291,21.93730150661217,0.09116935059497588,21.846132156017195,22.028470857207143,3
scale_default,Epsilon_Greedy,epsilon=0.7,292,22.05230136922711,0.10025206732892865,21.95204930189818,22.152553436556037,3
scale_default,Epsilon_Greedy,epsilon=0.7,293,22.148953968981246,0.1896763034749322,21.959277665506313,22.33863027245618,3
scale_default,Epsilon_Greedy,epsilon=0.7,294,22.2518350469952,0.09564540944543846,22.156189637549762,22.34748045644064,3
scale_default,Epsilon_Greedy,epsilon=0.7,295,22.43580024391949,0.23031351233073827,22.205486731588753,22.66611375625023,3
scale_default,Epsilon_Greedy,epsilon=0.7,296,22.70218530272395,0.0350877887294597,22.66709751399449,22.73727309145341,3
scale_default,Epsilon_Greedy,epsilon=0.7,297,22.773119955597526,0.12324712071583686,22.649872834881688,22.896367076313364,3
scale_default,Epsilon_Greedy,epsilon=0.7,298,23.127158649169704,0.1121851565001382,23.014973492669565,23.239343805669844,3
scale_default,Epsilon_Greedy,epsilon=0.7,299,23.32680829923955,0.13885099603563789,23.18795730320391,23.465659295275188,3
scale_default,Epsilon_Greedy,epsilon=0.7,300,23.57741379428541,0.1412205940806461,23.436193200204762,23.718634388366056,3
scale_default,Epsilon_Greedy,epsilon=0.7,301,23.718332463249798,0.06309208098007058,23.655240382269728,23.781424544229868,3
scale_default,Epsilon_Greedy,epsilon=0.7,302,23.872935681431326,0.19406455495704672,23.678871126474277,24.067000236388374,3
scale_default,Epsilon_Greedy,epsilon=0.7,303,24.232621289954732,0.23878344540823,23.9938378445465,24.471404735362963,3
scale_default,Epsilon_Greedy,epsilon=0.7,304,24.619411329217133,0.3747604832054939,24.244650846011638,24.99417181242263,3
scale_default,Epsilon_Greedy,epsilon=0.7,305,24.76823817975378,0.2965253810284674,24.471712798725314,25.064763560782247,3
scale_default,Epsilon_Greedy,epsilon=0.7,306,25.040961585710836,0.24295632688741262,24.798005258823423,25.28391791259825,3
scale_default,Epsilon_Greedy,epsilon=0.7,307,25.122066665902754,0.2769701011806943,24.84509656472206,25.399036767083448,3
scale_default,Epsilon_Greedy,epsilon=0.7,308,25.23875968356225,0.3161856468686306,24.922574036693618,25.554945330430883,3
scale_default,Epsilon_Greedy,epsilon=0.7,309,25.38629408242898,0.15552194070591077,25.23077214172307,25.54181602313489,3
scale_default,Epsilon_Greedy,epsilon=0.7,310,25.612116253364757,0.26942482209760765,25.34269143126715,25.881541075462366,3
scale_default,Epsilon_Greedy,epsilon=0.7,311,25.706853200271713,0.2603134731115902,25.446539727160122,25.967166673383304,3
scale_default,Epsilon_Greedy,epsilon=0.7,312,25.75639204147653,0.1951129518165469,25.561279089659983,25.951504993293078,3
scale_default,Epsilon_Greedy,epsilon=0.7,313,25.957349585807723,0.1923924740040723,25.76495711180365,26.149742059811796,3
scale_default,Epsilon_Greedy,epsilon=0.7,314,26.04965074387287,0.20476893112602995,25.84488181274684,26.2544196749989,3
scale_default,Epsilon_Greedy,epsilon=0.7,315,26.085642650012886,0.19732369539295105,25.888318954619937,26.282966345405836,3
scale_default,Epsilon_Greedy,epsilon=0.7,316,26.242878747500228,0.3308264736618318,25.912052273838395,26.57370522116206,3
scale_default,Epsilon_Greedy,epsilon=0.7,317,26.264021360638026,0.30946913596779035,25.954552224670234,26.573490496605817,3
scale_default,Epsilon_Greedy,epsilon=0.7,318,26.442085722071138,0.42261135893849405,26.019474363132645,26.86469708100963,3
scale_default,Epsilon_Greedy,epsilon=0.7,319,26.63485762766049,0.367154020949284,26.26770360671121,27.002011648609773,3
scale_default,Epsilon_Greedy,epsilon=0.7,320,26.83521014604445,0.373955582215405,26.461254563829044,27.209165728259855,3
scale_default,Epsilon_Greedy,epsilon=0.7,321,27.18019749659665,0.3346834532072858,26.845514043389365,27.51488094980394,3
scale_default,Epsilon_Greedy,epsilon=0.7,322,27.38578435518183,0.4151564443987937,26.970627910783037,27.800940799580623,3
scale_default,Epsilon_Greedy,epsilon=0.7,323,27.48581550441773,0.35040562550835247,27.13540987890938,27.83622112992608,3
scale_default,Epsilon_Greedy,epsilon=0.7,324,27.638724045518554,0.36757906940969187,27.27114497610886,28.006303114928247,3
scale_default,Epsilon_Greedy,epsilon=0.7,325,27.854539130971066,0.32048592795250164,27.534053203018566,28.175025058923566,3
scale_default,Epsilon_Greedy,epsilon=0.7,326,28.068900565299515,0.3734970013709014,27.695403563928615,28.442397566670415,3
scale_default,Epsilon_Greedy,epsilon=0.7,327,28.186223842696126,0.4014198864548973,27.78480395624123,28.587643729151022,3
scale_default,Epsilon_Greedy,epsilon=0.7,328,28.25066031594991,0.43483395430972854,27.815826361640184,28.68549427025964,3
scale_default,Epsilon_Greedy,epsilon=0.7,329,28.319428666246164,0.4311034009357363,27.888325265310428,28.7505320671819,3
scale_default,Epsilon_Greedy,epsilon=0.7,330,28.463893725273362,0.5895913467970502,27.87430237847631,29.053485072070412,3
scale_default,Epsilon_Greedy,epsilon=0.7,331,28.709156006189392,0.4627141315509305,28.24644187463846,29.171870137740324,3
scale_default,Epsilon_Greedy,epsilon=0.7,332,28.849836989521567,0.5586868462776411,28.291150143243925,29.40852383579921,3
scale_default,Epsilon_Greedy,epsilon=0.7,333,29.129211661961065,0.6815473028935242,28.44766435906754,29.81075896485459,3
scale_default,Epsilon_Greedy,epsilon=0.7,334,29.407941824955618,0.6728894109533988,28.73505241400222,30.080831235909017,3
scale_default,Epsilon_Greedy,epsilon=0.7,335,29.488833769788183,0.5935809477173439,28.895252822070837,30.08241471750553,3
scale_default,Epsilon_Greedy,epsilon=0.7,336,29.629016936445208,0.5490040968022101,29.080012839642997,30.17802103324742,3
scale_default,Epsilon_Greedy,epsilon=0.7,337,29.77401711932136,0.46536022526426885,29.30865689405709,30.23937734458563,3
scale_default,Epsilon_Greedy,epsilon=0.7,338,29.944716987239733,0.4601736924201442,29.484543294819588,30.40489067965988,3
scale_default,Epsilon_Greedy,epsilon=0.7,339,30.148336167979235,0.5816999919752514,29.566636176003982,30.730036159954487,3
scale_default,Epsilon_Greedy,epsilon=0.7,340,30.258394943467568,0.6800615548670037,29.578333388600566,30.93845649833457,3
scale_default,Epsilon_Greedy,epsilon=0.7,341,30.411349910225322,0.7758497983585901,29.635500111866733,31.18719970858391,3
scale_default,Epsilon_Greedy,epsilon=0.7,342,30.61578371786143,0.867591381236416,29.748192336625014,31.483375099097845,3
scale_default,Epsilon_Greedy,epsilon=0.7,343,30.728782083326678,0.8158228466720724,29.912959236654604,31.54460492999875,3
scale_default,Epsilon_Greedy,epsilon=0.7,344,30.818063455866078,0.9323841951971611,29.885679260668915,31.75044765106324,3
scale_default,Epsilon_Greedy,epsilon=0.7,345,30.955179141242922,0.9602440416398833,29.99493509960304,31.915423182882805,3
scale_default,Epsilon_Greedy,epsilon=0.7,346,31.08399443126683,1.0532316361712315,30.030762795095598,32.137226067438064,3
scale_default,Epsilon_Greedy,epsilon=0.7,347,31.210508317232165,1.1159951657840201,30.094513151448144,32.32650348301618,3
scale_default,Epsilon_Greedy,epsilon=0.7,348,31.62457488299211,1.4412306006540054,30.183344282338105,33.065805483646116,3
scale_default,Epsilon_Greedy,epsilon=0.7,349,31.720137359718773,1.5195483787201116,30.20058898099866,33.23968573843889,3
scale_default,Epsilon_Greedy,epsilon=0.7,350,31.897611604913248,1.6338581310542286,30.26375347385902,33.53146973596748,3
scale_default,Epsilon_Greedy,epsilon=0.7,351,31.933520600141993,1.6006274259334012,30.332893174208593,33.53414802607539,3
scale_default,Epsilon_Greedy,epsilon=0.7,352,32.04293583937838,1.5957857498046883,30.447150089573693,33.63872158918307,3
scale_default,Epsilon_Greedy,epsilon=0.7,353,32.32870998032219,1.6499582911703148,30.678751689151873,33.9786682714925,3
scale_default,Epsilon_Greedy,epsilon=0.7,354,32.62323773224711,1.4209277801882523,31.20230995205886,34.04416551243536,3
scale_default,Epsilon_Greedy,epsilon=0.7,355,32.68127478886988,1.349196616633624,31.332078172236255,34.030471405503505,3
scale_default,Epsilon_Greedy,epsilon=0.7,356,33.004865299408976,1.2974248944842737,31.707440404924704,34.30229019389325,3
scale_default,Epsilon_Greedy,epsilon=0.7,357,33.13806530070804,1.3133041043934959,31.824761196314547,34.45136940510154,3
scale_default,Epsilon_Greedy,epsilon=0.7,358,33.2968183385785,1.2098219488045754,32.08699638977392,34.50664028738307,3
scale_default,Epsilon_Greedy,epsilon=0.7,359,33.404892134252485,1.2757887011626359,32.12910343308985,34.68068083541512,3
scale_default,Epsilon_Greedy,epsilon=0.7,360,33.560418066871065,1.1428266119934696,32.417591454877595,34.703244678864536,3
scale_default,Epsilon_Greedy,epsilon=0.7,361,33.6354945357815,1.1470596437380312,32.488434892043465,34.78255417951953,3
scale_default,Epsilon_Greedy,epsilon=0.7,362,33.75801333547548,1.0553261397038185,32.70268719577167,34.8133394751793,3
scale_default,Epsilon_Greedy,epsilon=0.7,363,33.89383331218746,1.0332089529726245,32.86062435921484,34.92704226516008,3
scale_default,Epsilon_Greedy,epsilon=0.7,364,34.11982827477761,0.9321695890131296,33.18765868576448,35.05199786379074,3
scale_default,Epsilon_Greedy,epsilon=0.7,365,34.43471614479157,0.9930129281880373,33.441703216603536,35.42772907297961,3
scale_default,Epsilon_Greedy,epsilon=0.7,366,34.58427212094444,1.0412576575056025,33.54301446343884,35.625529778450044,3
scale_default,Epsilon_Greedy,epsilon=0.7,367,34.709227889911595,0.9267556858591698,33.782472204052425,35.635983575770766,3
scale_default,Epsilon_Greedy,epsilon=0.7,368,35.023121412067105,1.009726723485249,34.013394688581855,36.032848135552356,3
scale_default,Epsilon_Greedy,epsilon=0.7,369,35.16348099968826,0.9442164280959714,34.21926457159229,36.10769742778423,3
scale_default,Epsilon_Greedy,epsilon=0.7,370,35.23452933688015,1.0140996253018115,34.22042971157834,36.24862896218196,3
scale_default,Epsilon_Greedy,epsilon=0.7,371,35.48383478356385,0.9823505337282359,34.50148424983561,36.46618531729209,3
scale_default,Epsilon_Greedy,epsilon=0.7,372,35.620131800628755,0.9932176166793939,34.62691418394936,36.61334941730815,3
scale_default,Epsilon_Greedy,epsilon=0.7,373,35.653416620116055,1.0105525508301436,34.64286406928591,36.663969170946196,3
scale_default,Epsilon_Greedy,epsilon=0.7,374,35.77399024067919,1.109700978193448,34.664289262485745,36.883691218872634,3
scale_default,Epsilon_Greedy,epsilon=0.7,375,35.911896595456696,1.2359614541964508,34.67593514126025,37.147858049653145,3
scale_default,Epsilon_Greedy,epsilon=0.7,376,36.0392899882706,1.3107108425290699,34.728579145741534,37.35000083079967,3
scale_default,Epsilon_Greedy,epsilon=0.7,377,36.146077136161814,1.2860524879716622,34.860024648190155,37.432129624133474,3
scale_default,Epsilon_Greedy,epsilon=0.7,378,36.20845631147074,1.3517854338132864,34.85667087765746,37.560241745284024,3
scale_default,Epsilon_Greedy,epsilon=0.7,379,36.38115482500407,1.499995038108447,34.88115978689562,37.88114986311251,3
scale_default,Epsilon_Greedy,epsilon=0.7,380,36.68997810554135,1.516242819629585,35.17373528591177,38.20622092517093,3
scale_default,Epsilon_Greedy,epsilon=0.7,381,36.847239793291735,1.5432874067090738,35.30395238658266,38.39052720000081,3
scale_default,Epsilon_Greedy,epsilon=0.7,382,36.94960407379796,1.5582859343085294,35.39131813948943,38.507890008106486,3
scale_default,Epsilon_Greedy,epsilon=0.7,383,37.01703037644213,1.542165178104947,35.474865198337184,38.559195554547074,3
scale_default,Epsilon_Greedy,epsilon=0.7,384,37.13667797351321,1.5476216196325356,35.58905635388067,38.684299593145745,3
scale_default,Epsilon_Greedy,epsilon=0.7,385,37.30981392024092,1.4054213792317605,35.90439254100916,38.71523529947268,3
scale_default,Epsilon_Greedy,epsilon=0.7,386,37.465500994524604,1.443512029869878,36.021988964654724,38.90901302439448,3
scale_default,Epsilon_Greedy,epsilon=0.7,387,37.674079697761506,1.4006298739332577,36.27344982382825,39.07470957169476,3
scale_default,Epsilon_Greedy,epsilon=0.7,388,37.862082576570316,1.4611179548811963,36.40096462168912,39.32320053145151,3
scale_default,Epsilon_Greedy,epsilon=0.7,389,38.00964379686098,1.5012310758185115,36.50841272104247,39.51087487267949,3
scale_default,Epsilon_Greedy,epsilon=0.7,390,38.096747433414464,1.492577878360153,36.60416955505431,39.589325311774616,3
scale_default,Epsilon_Greedy,epsilon=0.7,391,38.34259478324676,1.4757277211785933,36.86686706206817,39.81832250442535,3
scale_default,Epsilon_Greedy,epsilon=0.7,392,38.50505300858419,1.4694514914893357,37.035601517094854,39.97450450007353,3
scale_default,Epsilon_Greedy,epsilon=0.7,393,38.653554900456925,1.5404954180382486,37.11305948241868,40.19405031849517,3
scale_default,Epsilon_Greedy,epsilon=0.7,394,38.77596127574625,1.5316219197038767,37.244339356042374,40.30758319545012,3
scale_default,Epsilon_Greedy,epsilon=0.7,395,38.864699017402195,1.5674851739305464,37.297213843471646,40.432184191332745,3
scale_default,Epsilon_Greedy,epsilon=0.7,396,38.97385237306418,1.5517188217520759,37.42213355131211,40.52557119481626,3
scale_default,Epsilon_Greedy,epsilon=0.7,397,39.095316828293676,1.6011438640748852,37.49417296421879,40.69646069236856,3
scale_default,Epsilon_Greedy,epsilon=0.7,398,39.28802846094726,1.717847559425276,37.57018090152199,41.00587602037253,3
scale_default,Epsilon_Greedy,epsilon=0.7,399,39.465448456910515,1.72303016874378,37.74241828816673,41.1884786256543,3
scale_default,Epsilon_Greedy,epsilon=0.7,400,39.641830460502874,1.6198492051950069,38.021981255307864,41.26167966569788,3
scale_default,Epsilon_Greedy,epsilon=0.7,401,39.77337799271364,1.592306540056986,38.18107145265665,41.36568453277063,3
scale_default,Epsilon_Greedy,epsilon=0.7,402,39.95374640534235,1.6965819515124925,38.25716445382986,41.65032835685484,3
scale_default,Epsilon_Greedy,epsilon=0.7,403,40.01520371221347,1.704824517397019,38.31037919481645,41.72002822961049,3
scale_default,Epsilon_Greedy,epsilon=0.7,404,40.32993515435383,1.507618200503792,38.822316953850034,41.83755335485762,3
scale_default,Epsilon_Greedy,epsilon=0.7,405,40.555207800086464,1.5995319727503732,38.955675827336094,42.154739772836834,3
scale_default,Epsilon_Greedy,epsilon=0.7,406,40.70140448235016,1.4545213865941689,39.246883095756,42.15592586894433,3
scale_default,Epsilon_Greedy,epsilon=0.7,407,40.831472193819174,1.5139217646234233,39.31755042919575,42.3453939584426,3
scale_default,Epsilon_Greedy,epsilon=0.7,408,40.87357983375918,1.4951818532877152,39.37839798047146,42.3687616870469,3
scale_default,Epsilon_Greedy,epsilon=0.7,409,41.02682287515316,1.363498865789019,39.66332400936414,42.39032174094218,3
scale_default,Epsilon_Greedy,epsilon=0.7,410,41.20822901648804,1.2912212979983377,39.9170077184897,42.49945031448638,3
scale_default,Epsilon_Greedy,epsilon=0.7,411,41.28037150359699,1.3469470213380763,39.933424482258914,42.62731852493506,3
scale_default,Epsilon_Greedy,epsilon=0.7,412,41.34793022157408,1.243363626300597,40.10456659527348,42.59129384787468,3
scale_default,Epsilon_Greedy,epsilon=0.7,413,41.51911361304515,1.2719874751956404,40.247126137849506,42.791101088240794,3
scale_default,Epsilon_Greedy,epsilon=0.7,414,41.727162820698624,1.144029423378885,40.58313339731974,42.871192244077506,3
scale_default,Epsilon_Greedy,epsilon=0.7,415,41.82541461767671,1.0833301728102724,40.742084444866435,42.90874479048698,3
scale_default,Epsilon_Greedy,epsilon=0.7,416,42.00466352891659,0.9963383637936952,41.00832516512289,43.001001892710285,3
scale_default,Epsilon_Greedy,epsilon=0.7,417,42.24307868839094,0.9193381256335244,41.323740562757415,43.16241681402446,3
scale_default,Epsilon_Greedy,epsilon=0.7,418,42.490651693712074,0.9696654406228166,41.520986253089255,43.46031713433489,3
scale_default,Epsilon_Greedy,epsilon=0.7,419,42.51147600753158,0.9944465989778071,41.51702940855377,43.50592260650939,3
scale_default,Epsilon_Greedy,epsilon=0.7,420,42.7433881004628,1.145091981279095,41.59829611918371,43.888480081741896,3
scale_default,Epsilon_Greedy,epsilon=0.7,421,42.86239075139281,1.1052471829505959,41.75714356844221,43.96763793434341,3
scale_default,Epsilon_Greedy,epsilon=0.7,422,43.07701011199836,1.0773421948656905,41.99966791713267,44.154352306864055,3
scale_default,Epsilon_Greedy,epsilon=0.7,423,43.33690668290202,0.843085405813426,42.49382127708859,44.179992088715444,3
scale_default,Epsilon_Greedy,epsilon=0.7,424,43.430065114902476,0.7674215472071679,42.662643567695305,44.19748666210965,3
scale_default,Epsilon_Greedy,epsilon=0.7,425,43.52712452954586,0.7130561930000439,42.814068336545816,44.2401807225459,3
scale_default,Epsilon_Greedy,epsilon=0.7,426,43.79564745809639,0.49452251720554247,43.301124940890844,44.290169975301936,3
scale_default,Epsilon_Greedy,epsilon=0.7,427,43.93492493071059,0.6036198518005771,43.331305078910006,44.53854478251117,3
scale_default,Epsilon_Greedy,epsilon=0.7,428,44.06796721137394,0.4708712361858942,43.59709597518805,44.53883844755983,3
scale_default,Epsilon_Greedy,epsilon=0.7,429,44.346548809430395,0.5291607782835182,43.817388031146876,44.875709587713914,3
scale_default,Epsilon_Greedy,epsilon=0.7,430,44.76059974036172,0.5929597195943692,44.16764002076735,45.35355945995609,3
scale_default,Epsilon_Greedy,epsilon=0.7,431,44.915785956748714,0.5564486934337289,44.359337263314984,45.47223465018244,3
scale_default,Epsilon_Greedy,epsilon=0.7,432,45.01823037646219,0.6385344822810016,44.37969589418119,45.656764858743195,3
scale_default,Epsilon_Greedy,epsilon=0.7,433,45.193383153559495,0.6489884700230599,44.54439468353643,45.84237162358256,3
scale_default,Epsilon_Greedy,epsilon=0.7,434,45.39108730413022,0.7876732622713629,44.603414041858855,46.17876056640158,3
scale_default,Epsilon_Greedy,epsilon=0.7,435,45.54659408197864,0.8140220695105662,44.732572012468076,46.360616151489204,3
scale_default,Epsilon_Greedy,epsilon=0.7,436,45.68819049964537,0.7415801930084581,44.94661030663691,46.42977069265383,3
scale_default,Epsilon_Greedy,epsilon=0.7,437,45.94980804036368,0.7745778374933323,45.175230202870345,46.72438587785701,3
scale_default,Epsilon_Greedy,epsilon=0.7,438,46.093247673006175,0.8951126216356633,45.198135051370514,46.988360294641836,3
scale_default,Epsilon_Greedy,epsilon=0.7,439,46.37131993888411,0.8127841517684486,45.558535787115666,47.18410409065256,3
scale_default,Epsilon_Greedy,epsilon=0.7,440,46.606093602657324,0.6930547310627436,45.91303887159458,47.29914833372007,3
scale_default,Epsilon_Greedy,epsilon=0.7,441,46.823890183239065,0.7360677374015323,46.08782244583753,47.5599579206406,3
scale_default,Epsilon_Greedy,epsilon=0.7,442,46.99922176149951,0.8215449529995624,46.17767680849995,47.82076671449907,3
scale_default,Epsilon_Greedy,epsilon=0.7,443,47.23591166101681,0.8293860310755486,46.40652562994126,48.06529769209236,3
scale_default,Epsilon_Greedy,epsilon=0.7,444,47.44705836603415,0.8296977530818679,46.61736061295228,48.276756119116015,3
scale_default,Epsilon_Greedy,epsilon=0.7,445,47.553365441038984,0.8506154329886505,46.70275000805034,48.40398087402763,3
scale_default,Epsilon_Greedy,epsilon=0.7,446,47.741531160350966,0.7611803152354882,46.98035084511548,48.50271147558645,3
scale_default,Epsilon_Greedy,epsilon=0.7,447,47.86685890404334,0.7715117993553873,47.09534710468795,48.63837070339873,3
scale_default,Epsilon_Greedy,epsilon=0.7,448,48.00366085250575,0.6563790174365924,47.34728183506916,48.660039869942345,3
scale_default,Epsilon_Greedy,epsilon=0.7,449,48.227658406630475,0.7529206578308107,47.47473774879966,48.98057906446129,3
scale_default,Epsilon_Greedy,epsilon=0.7,450,48.49165710877784,0.8221488911989199,47.669508217578915,49.31380599997676,3
scale_default,Epsilon_Greedy,epsilon=0.7,451,48.66262769683513,0.9141503845497015,47.74847731228543,49.57677808138483,3
scale_default,Epsilon_Greedy,epsilon=0.7,452,48.72927597223753,0.9365173771797058,47.792758595057826,49.665793349417235,3
scale_default,Epsilon_Greedy,epsilon=0.7,453,48.81375214002395,0.9868220792233661,47.826930060800585,49.800574219247316,3
scale_default,Epsilon_Greedy,epsilon=0.7,454,49.020192875658324,1.0061821070580566,48.014010768600265,50.02637498271638,3
scale_default,Epsilon_Greedy,epsilon=0.7,455,49.30994980140125,0.8204786524550575,48.489471148946194,50.13042845385631,3
scale_default,Epsilon_Greedy,epsilon=0.7,456,49.47111670181567,0.7824495650016253,48.68866713681404,50.253566266817295,3
scale_default,Epsilon_Greedy,epsilon=0.7,457,49.636283557309326,0.8636179757520427,48.772665581557284,50.49990153306137,3
scale_default,Epsilon_Greedy,epsilon=0.7,458,49.996318810808354,0.6905592281145104,49.305759582693845,50.68687803892286,3
scale_default,Epsilon_Greedy,epsilon=0.7,459,50.0917712109945,0.6276439330616093,49.46412727793289,50.719415144056114,3
scale_default,Epsilon_Greedy,epsilon=0.7,460,50.291865811361866,0.7573535053734625,49.5345123059884,51.04921931673533,3
scale_default,Epsilon_Greedy,epsilon=0.7,461,50.42237609929089,0.7861113718616723,49.636264727429214,51.20848747115256,3
scale_default,Epsilon_Greedy,epsilon=0.7,462,50.67939919087909,0.9051292770312644,49.774269913847824,51.58452846791035,3
scale_default,Epsilon_Greedy,epsilon=0.7,463,50.88698407063913,0.8725294117283267,50.0144546589108,51.75951348236746,3
scale_default,Epsilon_Greedy,epsilon=0.7,464,50.969069655764635,0.9330249862361673,50.036044669528465,51.902094642000804,3
scale_default,Epsilon_Greedy,epsilon=0.7,465,51.14704522594089,0.9514581466212398,50.19558707931965,52.098503372562135,3
scale_default,Epsilon_Greedy,epsilon=0.7,466,51.332586183984205,0.9408466508394338,50.39173953314477,52.27343283482364,3
scale_default,Epsilon_Greedy,epsilon=0.7,467,51.38288938517534,0.959745924443367,50.42314346073197,52.34263530961871,3
scale_default,Epsilon_Greedy,epsilon=0.7,468,51.559692314201726,0.9536152265161044,50.60607708768562,52.51330754071783,3
scale_default,Epsilon_Greedy,epsilon=0.7,469,51.697130888737775,1.0016029818051742,50.6955279069326,52.69873387054295,3
scale_default,Epsilon_Greedy,epsilon=0.7,470,51.906752862967956,1.0685676033091855,50.83818525965877,52.97532046627714,3
scale_default,Epsilon_Greedy,epsilon=0.7,471,52.111637511876474,1.0147291391471707,51.0969083727293,53.126366651023645,3
scale_default,Epsilon_Greedy,epsilon=0.7,472,52.25985617415523,0.8496792089247406,51.41017696523049,53.10953538307997,3
scale_default,Epsilon_Greedy,epsilon=0.7,473,52.59513099910697,0.8012362412010721,51.793894757905896,53.396367240308045,3
scale_default,Epsilon_Greedy,epsilon=0.7,474,52.98210031679839,0.5569216474793433,52.425178669319045,53.53902196427773,3
scale_default,Epsilon_Greedy,epsilon=0.7,475,53.3229452285895,0.4565075398039205,52.866437688785574,53.77945276839342,3
scale_default,Epsilon_Greedy,epsilon=0.7,476,53.3779841822225,0.48598086237706706,52.89200331984543,53.86396504459957,3
scale_default,Epsilon_Greedy,epsilon=0.7,477,53.63345388529071,0.4090093436962785,53.22444454159444,54.04246322898699,3
scale_default,Epsilon_Greedy,epsilon=0.7,478,53.68905532758353,0.4288931751142835,53.26016215246925,54.117948502697814,3
scale_default,Epsilon_Greedy,epsilon=0.7,479,53.86863931122459,0.5004699665836889,53.368169344640904,54.36910927780828,3
scale_default,Epsilon_Greedy,epsilon=0.7,480,54.07601668540632,0.4952502464185585,53.580766438987766,54.57126693182488,3
scale_default,Epsilon_Greedy,epsilon=0.7,481,54.323031519293714,0.3785439792576939,53.94448754003602,54.701575498551406,3
scale_default,Epsilon_Greedy,epsilon=0.7,482,54.46999388531872,0.32588726772324916,54.144106617595476,54.79588115304197,3
scale_default,Epsilon_Greedy,epsilon=0.7,483,54.72914218423148,0.21660533792061792,54.51253684631086,54.9457475221521,3
scale_default,Epsilon_Greedy,epsilon=0.7,484,54.91069209014032,0.1948781742179998,54.715813915922325,55.10557026435832,3
scale_default,Epsilon_Greedy,epsilon=0.7,485,55.0396453674349,0.07723098286612799,54.962414384568774,55.11687635030103,3
scale_default,Epsilon_Greedy,epsilon=0.7,486,55.37041394761263,0.020825168875641762,55.349588778736994,55.39123911648827,3
scale_default,Epsilon_Greedy,epsilon=0.7,487,55.53451914959562,0.13094141404495097,55.40357773555067,55.665460563640565,3
scale_default,Epsilon_Greedy,epsilon=0.7,488,55.69018242403674,0.3257963152572986,55.36438610877944,56.01597873929404,3
scale_default,Epsilon_Greedy,epsilon=0.7,489,55.80327179182112,0.3473588760891628,55.45591291573196,56.15063066791028,3
scale_default,Epsilon_Greedy,epsilon=0.7,490,56.0082206078435,0.3703604875454175,55.63786012029808,56.37858109538892,3
scale_default,Epsilon_Greedy,epsilon=0.7,491,56.11451686330545,0.3101026117432033,55.80441425156224,56.42461947504865,3
scale_default,Epsilon_Greedy,epsilon=0.7,492,56.31095885573785,0.2177198019175793,56.09323905382027,56.52867865765543,3
scale_default,Epsilon_Greedy,epsilon=0.7,493,56.428464752499394,0.16316585833526764,56.265298894164125,56.59163061083466,3
scale_default,Epsilon_Greedy,epsilon=0.7,494,56.82176512379834,0.29904348877245474,56.52272163502589,57.1208086125708,3
scale_default,Epsilon_Greedy,epsilon=0.7,495,57.091405957564625,0.19859146393477423,56.89281449362985,57.2899974214994,3
scale_default,Epsilon_Greedy,epsilon=0.7,496,57.44836888719865,0.4218329901826125,57.02653589701603,57.87020187738126,3
scale_default,Epsilon_Greedy,epsilon=0.7,497,57.716083083983165,0.529180742156211,57.18690234182695,58.24526382613938,3
scale_default,Epsilon_Greedy,epsilon=0.7,498,57.95870408639348,0.6017799967616593,57.356924089631825,58.56048408315514,3
scale_default,Epsilon_Greedy,epsilon=0.7,499,58.154521360777686,0.6074627537699757,57.54705860700771,58.76198411454766,3
scale_default,Epsilon_Greedy,epsilon=0.7,500,58.40349704989509,0.8286032209135179,57.57489382898157,59.2321002708086,3
scale_default,Epsilon_Greedy,epsilon=0.7,501,58.64514058020635,0.9147505537442753,57.730390026462075,59.55989113395063,3
scale_default,Epsilon_Greedy,epsilon=0.7,502,58.94650176258673,0.9733932268916818,57.97310853569505,59.91989498947841,3
scale_default,Epsilon_Greedy,epsilon=0.7,503,59.078669721252254,0.9079063729966498,58.170763348255605,59.9865760942489,3
scale_default,Epsilon_Greedy,epsilon=0.7,504,59.254683025044734,1.0066373294566477,58.24804569558809,60.26132035450138,3
scale_default,Epsilon_Greedy,epsilon=0.7,505,59.4199669201789,1.0469523690438511,58.37301455113505,60.46691928922275,3
scale_default,Epsilon_Greedy,epsilon=0.7,506,59.74125731756998,0.9184534642401916,58.82280385332979,60.659710781810176,3
scale_default,Epsilon_Greedy,epsilon=0.7,507,59.937009836008606,0.7306439665942341,59.20636586941437,60.66765380260284,3
scale_default,Epsilon_Greedy,epsilon=0.7,508,60.30030414218762,0.8092565130643268,59.491047629123294,61.10956065525195,3
scale_default,Epsilon_Greedy,epsilon=0.7,509,60.44786888300592,0.6763839012389602,59.77148498176696,61.124252784244874,3
scale_default,Epsilon_Greedy,epsilon=0.7,510,60.60411066802485,0.6851863814323345,59.918924286592514,61.28929704945719,3
scale_default,Epsilon_Greedy,epsilon=0.7,511,60.639535985170845,0.7152534741353506,59.92428251103549,61.3547894593062,3
scale_default,Epsilon_Greedy,epsilon=0.7,512,60.73801012444384,0.629367039659449,60.10864308478439,61.36737716410329,3
scale_default,Epsilon_Greedy,epsilon=0.7,513,60.97054725237468,0.5780290499468285,60.39251820242785,61.54857630232151,3
scale_default,Epsilon_Greedy,epsilon=0.7,514,61.20198560263453,0.6845831205728328,60.5174024820617,61.88656872320736,3
scale_default,Epsilon_Greedy,epsilon=0.7,515,61.525974707601996,0.6331143773225721,60.892860330279426,62.15908908492457,3
scale_default,Epsilon_Greedy,epsilon=0.7,516,61.898391743739715,0.8099057160488319,61.088486027690884,62.70829745978855,3
scale_default,Epsilon_Greedy,epsilon=0.7,517,62.01726352947197,0.8615859152090182,61.15567761426295,62.87884944468099,3
scale_default,Epsilon_Greedy,epsilon=0.7,518,62.22313198458935,1.0243742960194095,61.19875768856994,63.24750628060876,3
scale_default,Epsilon_Greedy,epsilon=0.7,519,62.455965879062056,0.9695015185238047,61.48646436053825,63.42546739758586,3
scale_default,Epsilon_Greedy,epsilon=0.7,520,62.642603176421225,1.050541807048327,61.5920613693729,63.69314498346955,3
scale_default,Epsilon_Greedy,epsilon=0.7,521,62.70896191045585,1.0783404744412965,61.63062143601455,63.787302384897146,3
scale_default,Epsilon_Greedy,epsilon=0.7,522,63.02312592182222,0.938243771732802,62.08488215008942,63.96136969355502,3
scale_default,Epsilon_Greedy,epsilon=0.7,523,63.17299268426968,0.9614442969053756,62.2115483873643,64.13443698117506,3
scale_default,Epsilon_Greedy,epsilon=0.7,524,63.376654884265385,0.9715970078554058,62.40505787640998,64.34825189212079,3
scale_default,Epsilon_Greedy,epsilon=0.7,525,63.65889980669139,1.1631252418011917,62.4957745648902,64.82202504849258,3
scale_default,Epsilon_Greedy,epsilon=0.7,526,63.81643408712582,1.1244147820768307,62.69201930504899,64.94084886920265,3
scale_default,Epsilon_Greedy,epsilon=0.7,527,63.89308612605502,1.165858905439294,62.727227220615724,65.05894503149432,3
scale_default,Epsilon_Greedy,epsilon=0.7,528,64.08071275229742,1.2117411720571118,62.868971580240306,65.29245392435453,3
scale_default,Epsilon_Greedy,epsilon=0.7,529,64.25443878341197,1.2167951473163865,63.03764363609558,65.47123393072836,3
scale_default,Epsilon_Greedy,epsilon=0.7,530,64.33896177688162,1.2548138569482554,63.084147919933365,65.59377563382988,3
scale_default,Epsilon_Greedy,epsilon=0.7,531,64.51392701836198,1.2033190968904528,63.31060792147153,65.71724611525244,3
scale_default,Epsilon_Greedy,epsilon=0.7,532,64.78392616287155,0.914426472772798,63.869499690098756,65.69835263564435,3
scale_default,Epsilon_Greedy,epsilon=0.7,533,64.9284262078346,1.0180279425017191,63.91039826533289,65.94645415033632,3
scale_default,Epsilon_Greedy,epsilon=0.7,534,65.24807314914085,0.9675584504162593,64.28051469872459,66.21563159955711,3
scale_default,Epsilon_Greedy,epsilon=0.7,535,65.4732072722549,1.04040189846257,64.43280537379232,66.51360917071747,3
scale_default,Epsilon_Greedy,epsilon=0.7,536,65.52857776658837,1.0846622474347196,64.44391551915365,66.61324001402309,3
scale_default,Epsilon_Greedy,epsilon=0.7,537,65.73339716433433,1.1771638798703326,64.556233284464,66.91056104420467,3
scale_default,Epsilon_Greedy,epsilon=0.7,538,65.90720592212857,1.0242719110734178,64.88293401105516,66.93147783320198,3
scale_default,Epsilon_Greedy,epsilon=0.7,539,65.99076888714022,0.952966243766682,65.03780264337354,66.9437351309069,3
scale_default,Epsilon_Greedy,epsilon=0.7,540,66.08522351654716,0.8335730268497108,65.25165048969745,66.91879654339687,3
scale_default,Epsilon_Greedy,epsilon=0.7,541,66.2931367250794,0.7267430851066825,65.56639363997273,67.01987981018608,3
scale_default,Epsilon_Greedy,epsilon=0.7,542,66.46078310415366,0.8227692831133981,65.63801382104026,67.28355238726706,3
scale_default,Epsilon_Greedy,epsilon=0.7,543,66.7355687014996,0.9655954389838285,65.76997326251578,67.70116414048343,3
scale_default,Epsilon_Greedy,epsilon=0.7,544,67.0123125043532,0.9959032194979204,66.01640928485529,68.00821572385112,3
scale_default,Epsilon_Greedy,epsilon=0.7,545,67.17283043929497,1.0749166669784904,66.09791377231647,68.24774710627347,3
scale_default,Epsilon_Greedy,epsilon=0.7,546,67.28698238971468,0.9964698356259484,66.29051255408874,68.28345222534062,3
scale_default,Epsilon_Greedy,epsilon=0.7,547,67.76517972941821,1.0826587589630696,66.68252097045514,68.84783848838127,3
scale_default,Epsilon_Greedy,epsilon=0.7,548,67.76517972941821,1.0826587589630696,66.68252097045514,68.84783848838127,3
scale_default,Epsilon_Greedy,epsilon=0.7,549,68.06638268153112,1.1592598470875548,66.90712283444357,69.22564252861868,3
scale_default,Epsilon_Greedy,epsilon=0.7,550,68.20184922976087,1.2993703210531498,66.90247890870772,69.50121955081401,3
scale_default,Epsilon_Greedy,epsilon=0.7,551,68.36718302292621,1.2656127688264323,67.10157025409978,69.63279579175264,3
scale_default,Epsilon_Greedy,epsilon=0.7,552,68.51680235812701,1.1500215915446799,67.36678076658232,69.6668239496717,3
scale_default,Epsilon_Greedy,epsilon=0.7,553,68.64782738484018,1.190595226185122,67.45723215865506,69.83842261102531,3
scale_default,Epsilon_Greedy,epsilon=0.7,554,68.87635691724296,1.2842056034723608,67.5921513137706,70.16056252071532,3
scale_default,Epsilon_Greedy,epsilon=0.7,555,69.0538803688262,1.349625108045841,67.70425526078036,70.40350547687204,3
scale_default,Epsilon_Greedy,epsilon=0.7,556,69.17081885232622,1.4329985933843583,67.73782025894187,70.60381744571058,3
scale_default,Epsilon_Greedy,epsilon=0.7,557,69.37157553374549,1.448220515839366,67.92335501790612,70.81979604958485,3
scale_default,Epsilon_Greedy,epsilon=0.7,558,69.49663054978735,1.5275872719493762,67.96904327783798,71.02421782173673,3
scale_default,Epsilon_Greedy,epsilon=0.7,559,69.64888001596482,1.5332136110467065,68.11566640491812,71.18209362701153,3
scale_default,Epsilon_Greedy,epsilon=0.7,560,69.89253098482935,1.4724737686868126,68.42005721614254,71.36500475351616,3
scale_default,Epsilon_Greedy,epsilon=0.7,561,70.0050268494806,1.5064994525196118,68.498527396961,71.5115263020002,3
scale_default,Epsilon_Greedy,epsilon=0.7,562,70.20039231820044,1.5001757128120374,68.7002166053884,71.70056803101248,3
scale_default,Epsilon_Greedy,epsilon=0.7,563,70.59235820570423,1.6003838679095628,68.99197433779467,72.19274207361379,3
scale_default,Epsilon_Greedy,epsilon=0.7,564,70.84276585107631,1.7185909338910412,69.12417491718527,72.56135678496734,3
scale_default,Epsilon_Greedy,epsilon=0.7,565,70.98340983597308,1.5663375381581155,69.41707229781497,72.54974737413119,3
scale_default,Epsilon_Greedy,epsilon=0.7,566,71.12189808599616,1.6461320005189126,69.47576608547725,72.76803008651508,3
scale_default,Epsilon_Greedy,epsilon=0.7,567,71.35273814339656,1.5975904189378505,69.75514772445871,72.95032856233442,3
scale_default,Epsilon_Greedy,epsilon=0.7,568,71.4710746145553,1.5708995440834974,69.9001750704718,73.04197415863881,3
scale_default,Epsilon_Greedy,epsilon=0.7,569,71.63068407238173,1.5607196955689313,70.06996437681279,73.19140376795066,3
scale_default,Epsilon_Greedy,epsilon=0.7,570,71.80768684958657,1.7238062144524826,70.0838806351341,73.53149306403905,3
scale_default,Epsilon_Greedy,epsilon=0.7,571,72.03632142517382,1.547304614204734,70.48901681096909,73.58362603937856,3
scale_default,Epsilon_Greedy,epsilon=0.7,572,72.0499218353761,1.546984775140236,70.50293706023587,73.59690661051633,3
scale_default,Epsilon_Greedy,epsilon=0.7,573,72.3049068522028,1.4037361764036378,70.90117067579916,73.70864302860645,3
scale_default,Epsilon_Greedy,epsilon=0.7,574,72.57080296488509,1.3801967064042817,71.19060625848081,73.95099967128937,3
scale_default,Epsilon_Greedy,epsilon=0.7,575,72.78236529554762,1.4120949688219193,71.3702703267257,74.19446026436954,3
scale_default,Epsilon_Greedy,epsilon=0.7,576,72.88932717417606,1.3861331897318254,71.50319398444424,74.27546036390788,3
scale_default,Epsilon_Greedy,epsilon=0.7,577,72.99228995951246,1.282551303673061,71.7097386558394,74.27484126318552,3
scale_default,Epsilon_Greedy,epsilon=0.7,578,73.20652462553649,1.2651917251024811,71.941332900434,74.47171635063897,3
scale_default,Epsilon_Greedy,epsilon=0.7,579,73.52038315743755,0.929590425449477,72.59079273198807,74.44997358288703,3
scale_default,Epsilon_Greedy,epsilon=0.7,580,73.65952650626913,1.01750945600818,72.64201705026095,74.67703596227732,3
scale_default,Epsilon_Greedy,epsilon=0.7,581,73.92742852163217,0.9195936100289455,73.00783491160323,74.8470221316611,3
scale_default,Epsilon_Greedy,epsilon=0.7,582,74.02812474763896,0.8440926829485039,73.18403206469046,74.87221743058745,3
scale_default,Epsilon_Greedy,epsilon=0.7,583,74.11223069803427,0.9061997614957228,73.20603093653854,75.01843045953,3
scale_default,Epsilon_Greedy,epsilon=0.7,584,74.27266750709636,0.8461152906615771,73.42655221643479,75.11878279775793,3
scale_default,Epsilon_Greedy,epsilon=0.7,585,74.42701582899014,0.8549146501978176,73.57210117879232,75.28193047918795,3
scale_default,Epsilon_Greedy,epsilon=0.7,586,74.54449795690384,0.9101323225493221,73.63436563435452,75.45463027945316,3
scale_default,Epsilon_Greedy,epsilon=0.7,587,74.61483527071978,0.988123233113464,73.62671203760631,75.60295850383325,3
scale_default,Epsilon_Greedy,epsilon=0.7,588,74.71562763486982,0.9850699825596994,73.73055765231013,75.70069761742951,3
scale_default,Epsilon_Greedy,epsilon=0.7,589,74.91674044024013,0.9901117719905838,73.92662866824955,75.90685221223072,3
scale_default,Epsilon_Greedy,epsilon=0.7,590,75.10706662131476,0.9076978240153472,74.19936879729941,76.0147644453301,3
scale_default,Epsilon_Greedy,epsilon=0.7,591,75.2895441119856,0.8622319774893193,74.42731213449629,76.15177608947492,3
scale_default,Epsilon_Greedy,epsilon=0.7,592,75.4368596930591,0.939483754220087,74.49737593883901,76.3763434472792,3
scale_default,Epsilon_Greedy,epsilon=0.7,593,75.59913026637224,0.9949884786555776,74.60414178771667,76.59411874502781,3
scale_default,Epsilon_Greedy,epsilon=0.7,594,75.73625196432596,0.9804251900861726,74.7558267742398,76.71667715441212,3
scale_default,Epsilon_Greedy,epsilon=0.7,595,75.82075577006786,1.043291113159894,74.77746465690797,76.86404688322776,3
scale_default,Epsilon_Greedy,epsilon=0.7,596,75.92567043784177,1.0684007361385035,74.85726970170327,76.99407117398027,3
scale_default,Epsilon_Greedy,epsilon=0.7,597,76.24133216564961,0.9226039671498881,75.31872819849973,77.16393613279949,3
scale_default,Epsilon_Greedy,epsilon=0.7,598,76.39846677318785,1.0953295723613294,75.30313720082651,77.49379634554919,3
scale_default,Epsilon_Greedy,epsilon=0.7,599,76.5467903014291,1.1755817423028092,75.37120855912629,77.72237204373191,3
